DZ2021_cd,dzlabel,0_17,18_over,age_total,per_0_17,per_18_plus,autism,no_autism,autism_total,per_autism,couple_dep_child,lonep_dep_child,hous_total,per_coup_dep,per_lone_dep,no_qual,level4_plus,educ_total,per_no_qual,per_level4,l1_l2_l3,l14never_work,nssec_total,per_l1,per_never,ab_higher,c1_supervisory,c2_skillman,semi_unskill,soc_total,per_ab,per_c1,per_c2,per_semi
N20000001,Dunsilly_A1,165,573,738,28.8,77.64,10,728,738,1.36,328,11,738,44.44,1.49,115,212,739,15.56,28.69,88,46,738,11.92,6.23,174,183,186,46,738,23.58,24.8,25.2,6.23
N20000002,Dunsilly_B1,55,276,331,19.93,83.38,1,330,331,0.3,117,8,332,35.24,2.41,42,108,331,12.69,32.63,35,13,333,10.51,3.9,64,86,74,21,331,19.34,25.98,22.36,6.34
N20000003,Dunsilly_A2,69,295,364,23.39,81.04,5,359,364,1.37,141,4,364,38.74,1.10,59,97,366,16.12,26.5,23,24,364,6.32,6.59,46,88,78,39,363,12.67,24.24,21.49,10.74
N20000004,Dunsilly_A3,170,493,663,34.48,74.36,19,644,663,2.87,316,25,660,47.88,3.79,75,205,664,11.3,30.87,82,27,665,12.33,4.06,168,163,131,57,662,25.38,24.62,19.79,8.61
N20000005,Dunsilly_B2,135,541,676,24.95,80.03,11,665,676,1.63,257,26,677,37.96,3.84,95,220,676,14.05,32.54,81,23,676,11.98,3.4,142,169,186,36,676,21.01,25,27.51,5.33
N20000006,Dunsilly_A4,120,344,464,34.88,74.14,7,457,464,1.51,193,8,461,41.87,1.74,74,127,464,15.95,27.37,43,21,464,9.27,4.53,105,125,102,35,464,22.63,26.94,21.98,7.54
N20000007,Dunsilly_C1,205,675,880,30.37,76.7,11,869,880,1.25,380,24,880,43.18,2.73,152,219,880,17.27,24.89,57,59,879,6.48,6.71,131,213,274,88,881,14.87,24.18,31.1,9.99
N20000008,Dunsilly_A5,151,491,642,30.75,76.48,7,635,642,1.09,269,28,642,41.9,4.36,103,164,643,16.02,25.51,62,39,641,9.67,6.08,124,138,190,49,642,19.31,21.5,29.6,7.63
N20000009,Dunsilly_A6,102,299,401,34.11,74.56,2,399,401,0.5,214,10,402,53.23,2.49,49,118,401,12.22,29.43,46,19,401,11.47,4.74,106,125,81,13,400,26.5,31.25,20.25,3.25
N20000010,Dunsilly_B3,109,435,544,25.06,79.96,12,533,545,2.2,201,8,545,36.88,1.47,47,183,547,8.59,33.46,74,15,544,13.6,2.76,164,127,110,43,544,30.15,23.35,20.22,7.9
N20000011,Dunsilly_D1,127,398,525,31.91,75.81,11,514,525,2.1,138,79,521,26.49,15.16,136,54,526,25.86,10.27,14,52,525,2.67,9.9,26,95,124,190,525,4.95,18.1,23.62,36.19
N20000012,Dunsilly_D2,59,444,503,13.29,88.27,9,494,503,1.79,133,13,506,26.28,2.57,115,130,502,22.91,25.9,34,54,503,6.76,10.74,60,90,115,69,505,11.88,17.82,22.77,13.66
N20000013,Dunsilly_F1,59,349,408,16.91,85.54,7,400,407,1.72,147,9,405,36.3,2.22,80,107,407,19.66,26.29,44,39,407,10.81,9.58,69,66,104,29,407,16.95,16.22,25.55,7.13
N20000014,Dunsilly_D3,119,387,506,30.75,76.48,8,498,506,1.58,187,43,505,37.03,8.51,79,132,506,15.61,26.09,48,32,508,9.45,6.3,84,106,92,88,506,16.6,20.95,18.18,17.39
N20000015,Dunsilly_C2,145,441,586,32.88,75.26,23,563,586,3.92,145,129,585,24.79,22.05,184,92,586,31.4,15.7,24,130,586,4.1,22.18,43,78,120,196,586,7.34,13.31,20.48,33.45
N20000016,Dunsilly_E1,106,347,453,30.55,76.6,15,438,453,3.31,178,35,453,39.29,7.73,83,126,452,18.36,27.88,41,22,453,9.05,4.86,93,124,61,75,454,20.48,27.31,13.44,16.52
N20000017,Dunsilly_E2,172,504,676,34.13,74.56,8,668,676,1.18,256,87,678,37.76,12.83,121,159,678,17.85,23.45,52,40,676,7.69,5.92,133,107,173,138,676,19.67,15.83,25.59,20.41
N20000018,Dunsilly_E3,126,359,485,35.1,74.02,11,475,486,2.26,211,39,486,43.42,8.02,49,131,485,10.1,27.01,37,22,486,7.61,4.53,128,165,86,68,486,26.34,33.95,17.7,13.99
N20000019,Dunsilly_D4,48,345,393,13.91,87.79,2,391,393,0.51,58,30,393,14.76,7.63,123,75,393,31.3,19.08,17,65,393,4.33,16.54,23,54,80,114,393,5.85,13.74,20.36,29.01
N20000020,Dunsilly_D5,118,444,562,26.58,79,9,551,560,1.61,143,69,562,25.44,12.28,158,97,562,28.11,17.26,27,86,562,4.8,15.3,57,113,109,146,562,10.14,20.11,19.4,25.98
N20000021,Dunsilly_E4,147,398,545,36.93,73.03,9,536,545,1.65,270,43,544,49.63,7.90,58,165,545,10.64,30.28,65,15,546,11.9,2.75,127,187,108,56,545,23.3,34.31,19.82,10.28
N20000022,Dunsilly_C3,147,296,443,49.66,66.82,1,440,441,0.23,220,40,439,50.11,9.11,36,139,440,8.18,31.59,39,12,440,8.86,2.73,124,98,137,52,441,28.12,22.22,31.07,11.79
N20000023,Dunsilly_D6,113,389,502,29.05,77.49,8,494,502,1.59,181,42,498,36.35,8.43,88,127,500,17.6,25.4,43,27,503,8.55,5.37,104,118,113,76,502,20.72,23.51,22.51,15.14
N20000024,Dunsilly_C4,168,452,620,37.17,72.9,11,609,620,1.77,292,27,620,47.1,4.35,109,147,620,17.58,23.71,49,46,620,7.9,7.42,111,127,191,72,620,17.9,20.48,30.81,11.61
N20000025,Dunsilly_F2,159,255,414,62.35,61.59,8,407,415,1.93,245,52,416,58.89,12.50,29,113,415,6.99,27.23,27,3,415,6.51,0.72,88,183,80,49,414,21.26,44.2,19.32,11.84
N20000026,Dunsilly_B4,95,459,554,20.7,82.85,3,551,554,0.54,213,6,552,38.59,1.09,74,180,553,13.38,32.55,88,23,554,15.88,4.15,128,140,125,31,554,23.1,25.27,22.56,5.6
N20000027,Dunsilly_F3,216,342,558,63.16,61.29,14,544,558,2.51,388,32,558,69.53,5.73,23,168,558,4.12,30.11,51,7,559,9.12,1.25,114,265,112,57,559,20.39,47.41,20.04,10.2
N20000028,Dunsilly_F4,136,414,550,32.85,75.27,8,542,550,1.45,239,13,550,43.45,2.36,83,152,550,15.09,27.64,47,39,551,8.53,7.08,117,128,137,29,550,21.27,23.27,24.91,5.27
N20000029,Dunsilly_F5,132,421,553,31.35,76.13,10,542,552,1.81,226,38,550,41.09,6.91,93,137,552,16.85,24.82,47,33,554,8.48,5.96,129,151,103,71,551,23.41,27.4,18.69,12.89
N20000030,Dunsilly_B5,99,397,496,24.94,80.04,7,489,496,1.41,188,20,497,37.83,4.02,50,194,497,10.06,39.03,69,10,495,13.94,2.02,140,155,59,35,496,28.23,31.25,11.9,7.06
N20000031,Dunsilly_B6,87,444,531,19.59,83.62,6,525,531,1.13,156,22,530,29.43,4.15,81,193,531,15.25,36.35,94,30,531,17.7,5.65,190,107,69,68,531,35.78,20.15,12.99,12.81
N20000032,Dunsilly_F6,125,334,459,37.43,72.77,9,450,459,1.96,215,19,460,46.74,4.13,54,151,459,11.76,32.9,41,26,459,8.93,5.66,118,118,125,23,458,25.76,25.76,27.29,5.02
N20000033,Dunsilly_F7,135,401,536,33.67,74.81,7,529,536,1.31,235,11,538,43.68,2.04,76,160,536,14.18,29.85,46,19,539,8.53,3.53,75,136,195,36,539,13.91,25.23,36.18,6.68
N20000034,Dunsilly_F8,115,324,439,35.49,73.8,4,435,439,0.91,202,22,439,46.01,5.01,55,125,440,12.5,28.41,44,22,440,10,5,119,101,102,31,439,27.11,23.01,23.23,7.06
N20000035,Antrim_A1,201,469,670,42.86,70,16,655,671,2.38,342,72,672,50.89,10.71,79,158,671,11.77,23.55,45,43,671,6.71,6.41,95,197,151,176,671,14.16,29.36,22.5,26.23
N20000036,Antrim_A2,118,256,374,46.09,68.45,13,361,374,3.48,153,69,374,40.91,18.45,60,80,371,16.17,21.56,16,26,374,4.28,6.95,23,130,69,128,374,6.15,34.76,18.45,34.22
N20000037,Antrim_A3,147,274,421,53.65,65.08,16,405,421,3.8,154,99,422,36.49,23.46,106,47,421,25.18,11.16,9,49,419,2.15,11.69,14,51,104,229,421,3.33,12.11,24.7,54.39
N20000038,Antrim_B1,143,485,628,29.48,77.23,5,623,628,0.8,252,40,627,40.19,6.38,50,254,631,7.92,40.25,66,21,628,10.51,3.34,147,273,96,59,628,23.41,43.47,15.29,9.39
N20000039,Antrim_B2,77,423,500,18.2,84.6,15,484,499,3.01,135,16,501,26.95,3.19,106,100,499,21.24,20.04,34,49,499,6.81,9.82,48,110,66,74,497,9.66,22.13,13.28,14.89
N20000040,Antrim_A4,141,230,371,61.3,61.99,9,362,371,2.43,118,111,371,31.81,29.92,60,62,372,16.13,16.67,9,23,374,2.41,6.15,22,90,67,162,371,5.93,24.26,18.06,43.67
N20000041,Antrim_C1,231,700,931,33,75.19,21,910,931,2.26,426,61,929,45.86,6.57,113,239,933,12.11,25.62,55,24,929,5.92,2.58,167,356,171,119,931,17.94,38.24,18.37,12.78
N20000042,Antrim_B3,199,466,665,42.7,70.08,6,658,664,0.9,343,44,664,51.66,6.63,49,245,664,7.38,36.9,52,36,664,7.83,5.42,139,303,109,81,664,20.93,45.63,16.42,12.2
N20000043,Antrim_D1,290,530,820,54.72,64.63,14,806,820,1.71,454,98,819,55.43,11.97,86,200,820,10.49,24.39,50,28,819,6.11,3.42,123,384,158,116,820,15,46.83,19.27,14.15
N20000044,Antrim_C2,118,375,493,31.47,76.06,8,485,493,1.62,207,36,493,41.99,7.30,64,172,493,12.98,34.89,60,32,493,12.17,6.49,131,185,71,48,493,26.57,37.53,14.4,9.74
N20000045,Antrim_C3,91,375,466,24.27,80.47,8,458,466,1.72,169,17,468,36.11,3.63,76,111,466,16.31,23.82,32,25,465,6.88,5.38,52,151,90,87,466,11.16,32.4,19.31,18.67
N20000046,Antrim_D2,135,435,570,31.03,76.32,8,562,570,1.4,170,92,566,30.04,16.25,140,76,569,24.6,13.36,13,38,570,2.28,6.67,11,146,114,195,568,1.94,25.7,20.07,34.33
N20000047,Antrim_D3,98,415,513,23.61,80.9,9,507,516,1.74,136,59,515,26.41,11.46,118,121,514,22.96,23.54,32,54,516,6.2,10.47,82,114,86,74,516,15.89,22.09,16.67,14.34
N20000048,Antrim_C4,89,473,562,18.82,84.16,8,553,561,1.43,139,36,563,24.69,6.39,112,165,562,19.93,29.36,37,46,560,6.61,8.21,76,133,77,87,561,13.55,23.71,13.73,15.51
N20000049,Antrim_G1,77,477,554,16.14,86.1,9,545,554,1.62,110,49,555,19.82,8.83,178,117,555,32.07,21.08,24,74,554,4.33,13.36,43,142,53,165,555,7.75,25.59,9.55,29.73
N20000050,Antrim_E1,85,341,426,24.93,80.05,20,405,425,4.71,109,54,427,25.53,12.65,128,51,425,30.12,12,12,55,425,2.82,12.94,21,67,61,183,422,4.98,15.88,14.45,43.36
N20000051,Antrim_F1,134,359,493,37.33,72.82,13,480,493,2.64,142,92,496,28.63,18.55,132,65,490,26.94,13.27,10,80,493,2.03,16.23,24,82,95,190,494,4.86,16.6,19.23,38.46
N20000052,Antrim_F2,114,387,501,29.46,77.25,18,480,498,3.61,115,102,504,22.82,20.24,121,71,501,24.15,14.17,21,41,501,4.19,8.18,30,106,87,182,502,5.98,21.12,17.33,36.25
N20000053,Antrim_E2,101,307,408,32.9,75.25,16,392,408,3.92,105,69,408,25.74,16.91,94,55,408,23.04,13.48,6,45,410,1.46,10.98,7,104,54,166,408,1.72,25.49,13.24,40.69
N20000054,Antrim_D4,114,403,517,28.29,77.95,7,510,517,1.35,102,91,517,19.73,17.60,130,58,517,25.15,11.22,14,50,516,2.71,9.69,10,107,93,211,517,1.93,20.7,17.99,40.81
N20000055,Antrim_E3,86,250,336,34.4,74.4,9,327,336,2.68,50,113,336,14.88,33.63,111,42,336,33.04,12.5,7,43,336,2.08,12.8,14,55,43,163,336,4.17,16.37,12.8,48.51
N20000056,Antrim_E4,147,335,482,43.88,69.5,29,453,482,6.02,144,107,482,29.88,22.20,129,48,482,26.76,9.96,8,55,482,1.66,11.41,11,81,94,252,480,2.29,16.88,19.58,52.5
N20000057,Antrim_G2,80,385,465,20.78,82.8,5,460,465,1.08,125,39,464,26.94,8.41,87,121,469,18.55,25.8,31,22,465,6.67,4.73,55,149,88,71,465,11.83,32.04,18.92,15.27
N20000058,Antrim_H1,121,294,415,41.16,70.84,19,396,415,4.58,122,103,415,29.4,24.82,93,59,415,22.41,14.22,10,48,414,2.42,11.59,20,82,77,181,414,4.83,19.81,18.6,43.72
N20000059,Antrim_F3,90,323,413,27.86,78.21,15,398,413,3.63,115,52,413,27.85,12.59,105,51,411,25.55,12.41,12,54,413,2.91,13.08,21,89,56,183,414,5.07,21.5,13.53,44.2
N20000060,Antrim_J1,89,266,355,33.46,74.93,6,349,355,1.69,123,52,354,34.75,14.69,59,74,353,16.71,20.96,16,17,356,4.49,4.78,45,93,90,60,355,12.68,26.2,25.35,16.9
N20000061,Antrim_H2,95,287,382,33.1,75.13,13,369,382,3.4,110,75,381,28.87,19.69,88,73,382,23.04,19.11,25,34,381,6.56,8.92,47,70,54,141,382,12.3,18.32,14.14,36.91
N20000062,Antrim_H3,149,448,597,33.26,75.04,11,586,597,1.84,131,139,597,21.94,23.28,162,67,597,27.14,11.22,18,72,600,3,12,36,100,89,277,597,6.03,16.75,14.91,46.4
N20000063,Antrim_G3,42,312,354,13.46,88.14,7,347,354,1.98,52,30,351,14.81,8.55,87,95,354,24.58,26.84,21,41,354,5.93,11.58,37,87,64,86,354,10.45,24.58,18.08,24.29
N20000064,Antrim_J2,50,341,391,14.66,87.21,2,389,391,0.51,87,21,391,22.25,5.37,89,107,391,22.76,27.37,33,31,391,8.44,7.93,50,105,42,45,391,12.79,26.85,10.74,11.51
N20000065,Antrim_J3,86,405,491,21.23,82.48,10,481,491,2.04,124,33,491,25.25,6.72,98,145,491,19.96,29.53,35,27,491,7.13,5.5,65,95,92,52,491,13.24,19.35,18.74,10.59
N20000066,Antrim_K1,81,244,325,33.2,75.08,17,308,325,5.23,73,69,325,22.46,21.23,98,30,325,30.15,9.23,5,44,325,1.54,13.54,7,42,52,164,325,2.15,12.92,16,50.46
N20000067,Antrim_K2,164,356,520,46.07,68.46,22,497,519,4.24,164,120,521,31.48,23.03,142,41,521,27.26,7.87,11,96,521,2.11,18.43,26,72,78,293,521,4.99,13.82,14.97,56.24
N20000068,Antrim_G4,55,371,426,14.82,87.09,5,419,424,1.18,45,38,423,10.64,8.98,177,51,423,41.84,12.06,11,91,423,2.6,21.51,15,47,39,119,423,3.55,11.11,9.22,28.13
N20000069,Antrim_L1,113,348,461,32.47,75.49,6,457,463,1.3,230,20,461,49.89,4.34,71,122,464,15.3,26.29,33,25,464,7.11,5.39,80,131,124,66,461,17.35,28.42,26.9,14.32
N20000070,Antrim_J4,63,363,426,17.36,85.21,5,421,426,1.17,119,11,426,27.93,2.58,107,106,425,25.18,24.94,23,23,425,5.41,5.41,41,134,66,43,428,9.58,31.31,15.42,10.05
N20000071,Antrim_G5,77,260,337,29.62,77.15,6,331,337,1.78,106,42,337,31.45,12.46,67,61,337,19.88,18.1,23,25,337,6.82,7.42,36,110,51,95,337,10.68,32.64,15.13,28.19
N20000072,Antrim_L2,117,443,560,26.41,79.11,7,552,559,1.25,205,17,559,36.67,3.04,76,206,558,13.62,36.92,56,35,559,10.02,6.26,156,167,53,51,558,27.96,29.93,9.5,9.14
N20000073,Antrim_F4,104,370,474,28.11,78.06,17,456,473,3.59,129,63,472,27.33,13.35,115,76,473,24.31,16.07,18,40,474,3.8,8.44,24,123,96,111,476,5.04,25.84,20.17,23.32
N20000074,Antrim_K3,93,375,468,24.8,80.13,9,459,468,1.92,77,89,468,16.45,19.02,116,67,468,24.79,14.32,12,42,468,2.56,8.97,16,114,96,153,468,3.42,24.36,20.51,32.69
N20000075,Antrim_L3,116,316,432,36.71,73.15,7,425,432,1.62,212,42,433,48.96,9.70,68,117,431,15.78,27.15,39,30,432,9.03,6.94,68,160,95,56,430,15.81,37.21,22.09,13.02
N20000076,Antrim_N1,75,298,373,25.17,79.89,5,368,373,1.34,123,33,374,32.89,8.82,66,94,373,17.69,25.2,33,22,374,8.82,5.88,67,114,64,74,373,17.96,30.56,17.16,19.84
N20000077,Antrim_N2,43,262,305,16.41,85.9,4,302,306,1.31,66,18,309,21.36,5.83,76,61,305,24.92,20,14,41,305,4.59,13.44,29,62,51,88,305,9.51,20.33,16.72,28.85
N20000078,Antrim_F5,57,266,323,21.43,82.35,11,312,323,3.41,63,42,323,19.5,13.00,103,39,323,31.89,12.07,10,38,324,3.09,11.73,14,52,68,100,323,4.33,16.1,21.05,30.96
N20000079,Antrim_K4,98,289,387,33.91,74.68,15,372,387,3.88,87,94,387,22.48,24.29,101,42,388,26.03,10.82,15,48,385,3.9,12.47,19,78,79,145,388,4.9,20.1,20.36,37.37
N20000080,Antrim_J5,139,494,633,28.14,78.04,12,621,633,1.9,243,35,634,38.33,5.52,81,193,634,12.78,30.44,71,32,633,11.22,5.06,154,215,76,65,633,24.33,33.97,12.01,10.27
N20000081,Antrim_N3,75,259,334,28.96,77.54,8,326,334,2.4,103,36,334,30.84,10.78,73,53,335,21.79,15.82,15,26,334,4.49,7.78,21,87,71,87,332,6.33,26.2,21.39,26.2
N20000082,Antrim_K5,105,347,452,30.26,76.77,14,437,451,3.1,82,89,450,18.22,19.78,115,60,452,25.44,13.27,10,46,452,2.21,10.18,12,80,86,173,452,2.65,17.7,19.03,38.27
N20000083,Antrim_N4,34,235,269,14.47,87.36,2,268,270,0.74,62,10,273,22.71,3.66,68,39,271,25.09,14.39,15,31,270,5.56,11.48,16,60,56,60,270,5.93,22.22,20.74,22.22
N20000084,Antrim_N5,29,259,288,11.2,89.93,0,288,288,0,40,13,288,13.89,4.51,82,70,286,28.67,24.48,26,38,287,9.06,13.24,33,60,28,39,286,11.54,20.98,9.79,13.64
N20000085,Antrim_L4,149,445,594,33.48,74.92,11,585,596,1.85,270,48,596,45.3,8.05,53,173,590,8.98,29.32,72,18,595,12.1,3.03,147,218,106,69,594,24.75,36.7,17.85,11.62
N20000086,Ballyclare_F1,141,470,611,30,76.92,9,602,611,1.47,271,22,611,44.35,3.60,75,201,611,12.27,32.9,76,24,612,12.42,3.92,208,156,83,41,611,34.04,25.53,13.58,6.71
N20000087,Ballyclare_A1,89,384,473,23.18,81.18,6,467,473,1.27,169,12,470,35.96,2.55,69,150,473,14.59,31.71,52,26,472,11.02,5.51,129,85,81,50,477,27.04,17.82,16.98,10.48
N20000088,Ballyclare_F2,124,362,486,34.25,74.49,8,478,486,1.65,239,24,486,49.18,4.94,44,148,484,9.09,30.58,68,15,486,13.99,3.09,154,142,76,49,485,31.75,29.28,15.67,10.1
N20000089,Ballyclare_F3,170,513,683,33.14,75.11,13,667,680,1.91,265,52,680,38.97,7.65,77,207,680,11.32,30.44,66,28,680,9.71,4.12,172,219,109,39,680,25.29,32.21,16.03,5.74
N20000090,Ballyclare_B1,232,571,803,40.63,71.11,18,785,803,2.24,429,54,803,53.42,6.72,72,235,802,8.98,29.3,83,27,803,10.34,3.36,253,274,113,81,804,31.47,34.08,14.05,10.07
N20000091,Ballyclare_A2,129,380,509,33.95,74.66,10,499,509,1.96,229,41,509,44.99,8.06,46,151,509,9.04,29.67,39,7,511,7.63,1.37,109,177,133,55,508,21.46,34.84,26.18,10.83
N20000092,Ballyclare_B2,210,593,803,35.41,73.85,14,788,802,1.75,373,53,801,46.57,6.62,89,216,802,11.1,26.93,83,34,801,10.36,4.24,201,292,131,89,801,25.09,36.45,16.35,11.11
N20000093,Ballyclare_B3,83,325,408,25.54,79.66,22,386,408,5.39,40,107,404,9.9,26.49,130,48,408,31.86,11.76,12,60,407,2.95,14.74,18,78,56,151,407,4.42,19.16,13.76,37.1
N20000094,Ballyclare_B4,140,287,427,48.78,67.21,7,419,426,1.64,253,18,427,59.25,4.22,23,183,427,5.39,42.86,70,5,427,16.39,1.17,210,134,38,27,427,49.18,31.38,8.9,6.32
N20000095,Ballyclare_C1,123,274,397,44.89,69.02,14,382,396,3.54,86,123,397,21.66,30.98,112,36,395,28.35,9.11,7,55,397,1.76,13.85,16,72,65,200,397,4.03,18.14,16.37,50.38
N20000096,Ballyclare_A3,135,446,581,30.27,76.76,17,564,581,2.93,243,40,581,41.82,6.88,83,125,582,14.26,21.48,49,23,582,8.42,3.95,111,154,147,90,582,19.07,26.46,25.26,15.46
N20000097,Ballyclare_B5,89,485,574,18.35,84.49,4,570,574,0.7,156,33,574,27.18,5.75,131,165,574,22.82,28.75,55,38,575,9.57,6.61,128,108,70,70,574,22.3,18.82,12.2,12.2
N20000098,Ballyclare_D1,73,310,383,23.55,80.94,11,370,381,2.89,116,33,383,30.29,8.62,62,87,383,16.19,22.72,33,20,384,8.59,5.21,47,79,62,62,381,12.34,20.73,16.27,16.27
N20000099,Ballyclare_A4,99,365,464,27.12,78.66,10,454,464,2.16,161,26,464,34.7,5.60,64,144,458,13.97,31.44,47,17,463,10.15,3.67,73,134,124,39,463,15.77,28.94,26.78,8.42
N20000100,Ballyclare_F4,126,580,706,21.72,82.15,3,702,705,0.43,238,33,705,33.76,4.68,119,205,706,16.86,29.04,95,34,705,13.48,4.82,158,187,139,26,705,22.41,26.52,19.72,3.69
N20000101,Ballyclare_D2,117,346,463,33.82,74.73,12,451,463,2.59,236,35,463,50.97,7.56,39,154,464,8.41,33.19,62,14,463,13.39,3.02,172,128,73,50,463,37.15,27.65,15.77,10.8
N20000102,Ballyclare_D3,117,358,475,32.68,75.37,16,459,475,3.37,201,46,476,42.23,9.66,60,132,473,12.68,27.91,46,19,476,9.66,3.99,84,168,106,73,475,17.68,35.37,22.32,15.37
N20000103,Ballyclare_C2,47,305,352,15.41,86.65,6,347,353,1.7,62,31,353,17.56,8.78,109,48,350,31.14,13.71,15,51,351,4.27,14.53,41,64,61,78,353,11.61,18.13,17.28,22.1
N20000104,Ballyclare_C3,161,371,532,43.4,69.74,22,512,534,4.12,98,160,534,18.35,29.96,147,67,533,27.58,12.57,12,80,532,2.26,15.04,32,72,71,281,533,6,13.51,13.32,52.72
N20000105,Ballyclare_C4,89,318,407,27.99,78.13,17,391,408,4.17,110,59,410,26.83,14.39,121,72,408,29.66,17.65,18,69,407,4.42,16.95,21,110,80,96,407,5.16,27.03,19.66,23.59
N20000106,Ballyclare_D4,78,335,413,23.28,81.11,10,403,413,2.42,135,39,416,32.45,9.38,59,109,415,14.22,26.27,26,18,411,6.33,4.38,79,127,53,64,413,19.13,30.75,12.83,15.5
N20000107,Ballyclare_D5,86,316,402,27.22,78.61,7,395,402,1.74,111,58,402,27.61,14.43,80,89,402,19.9,22.14,22,40,402,5.47,9.95,48,106,69,117,402,11.94,26.37,17.16,29.1
N20000108,Ballyclare_C5,50,299,349,16.72,85.67,7,342,349,2.01,22,65,350,6.29,18.57,127,51,349,36.39,14.61,8,58,347,2.31,16.71,13,52,50,106,349,3.72,14.9,14.33,30.37
N20000109,Ballyclare_E1,127,425,552,29.88,76.99,16,536,552,2.9,234,29,549,42.62,5.28,52,182,551,9.44,33.03,75,20,551,13.61,3.63,168,171,80,29,552,30.43,30.98,14.49,5.25
N20000110,Ballyclare_E2,176,485,661,36.29,73.37,17,644,661,2.57,275,90,663,41.48,13.57,70,183,661,10.59,27.69,57,25,661,8.62,3.78,163,192,120,79,661,24.66,29.05,18.15,11.95
N20000111,Ballyclare_E3,98,460,558,21.3,82.44,23,534,557,4.13,161,36,557,28.9,6.46,141,122,557,25.31,21.9,33,60,554,5.96,10.83,65,157,70,83,557,11.67,28.19,12.57,14.9
N20000112,Ballyclare_C6,70,253,323,27.67,78.33,11,312,323,3.41,80,53,320,25,16.56,105,39,323,32.51,12.07,9,30,326,2.76,9.2,17,59,62,78,323,5.26,18.27,19.2,24.15
N20000113,Ballyclare_D6,92,310,402,29.68,77.11,10,392,402,2.49,130,61,402,32.34,15.17,61,122,402,15.17,30.35,28,15,402,6.97,3.73,68,121,64,75,402,16.92,30.1,15.92,18.66
N20000114,Ballyclare_E4,79,360,439,21.94,82,10,429,439,2.28,145,21,440,32.95,4.77,63,97,439,14.35,22.1,36,18,441,8.16,4.08,78,122,89,45,439,17.77,27.79,20.27,10.25
N20000115,Ballyclare_E5,147,580,727,25.34,79.78,18,709,727,2.48,231,62,727,31.77,8.53,88,195,727,12.1,26.82,71,24,728,9.75,3.3,136,262,141,88,727,18.71,36.04,19.39,12.1
N20000116,Ballyclare_G1,68,243,311,27.98,78.14,5,306,311,1.61,106,27,310,34.19,8.71,57,79,313,18.21,25.24,29,15,311,9.32,4.82,69,74,60,42,311,22.19,23.79,19.29,13.5
N20000117,Ballyclare_G2,61,282,343,21.63,82.22,4,339,343,1.17,109,17,343,31.78,4.96,48,134,343,13.99,39.07,44,9,346,12.72,2.6,69,107,51,22,343,20.12,31.2,14.87,6.41
N20000118,Ballyclare_G3,95,323,418,29.41,77.27,10,408,418,2.39,154,26,418,36.84,6.22,86,114,417,20.62,27.34,45,28,418,10.77,6.7,101,111,47,94,420,24.05,26.43,11.19,22.38
N20000119,Ballyclare_G4,65,267,332,24.34,80.42,8,325,333,2.4,112,16,332,33.73,4.82,54,83,332,16.27,25,39,22,332,11.75,6.63,51,96,52,51,334,15.27,28.74,15.57,15.27
N20000120,Ballyclare_H1,71,331,402,21.45,82.34,5,397,402,1.24,138,0,402,34.33,0.00,70,120,402,17.41,29.85,54,23,401,13.47,5.74,100,105,59,29,402,24.88,26.12,14.68,7.21
N20000121,Ballyclare_F5,146,559,705,26.12,79.29,20,685,705,2.84,269,17,704,38.21,2.41,105,203,705,14.89,28.79,77,38,705,10.92,5.39,142,190,125,56,705,20.14,26.95,17.73,7.94
N20000122,Ballyclare_H2,172,539,711,31.91,75.81,8,703,711,1.13,312,22,714,43.7,3.08,71,243,711,9.99,34.18,98,19,708,13.84,2.68,222,215,83,23,711,31.22,30.24,11.67,3.23
N20000123,Ballyclare_H3,118,369,487,31.98,75.77,7,481,488,1.43,244,16,487,50.1,3.29,52,178,484,10.74,36.78,62,9,487,12.73,1.85,170,181,40,23,487,34.91,37.17,8.21,4.72
N20000124,Three_Mile_Water_A1,81,376,457,21.54,82.28,11,446,457,2.41,131,20,457,28.67,4.38,67,126,457,14.66,27.57,53,20,457,11.6,4.38,91,153,51,44,457,19.91,33.48,11.16,9.63
N20000125,Three_Mile_Water_B1,75,365,440,20.55,82.95,4,436,440,0.91,138,19,442,31.22,4.30,75,134,441,17.01,30.39,55,22,441,12.47,4.99,94,121,70,22,441,21.32,27.44,15.87,4.99
N20000126,Three_Mile_Water_C1,157,454,611,34.58,74.3,4,604,608,0.66,330,20,611,54.01,3.27,20,241,613,3.26,39.31,121,16,612,19.77,2.61,271,217,70,19,612,44.28,35.46,11.44,3.1
N20000127,Three_Mile_Water_A2,36,157,193,22.93,81.35,8,185,193,4.15,47,30,193,24.35,15.54,40,39,193,20.73,20.21,18,15,189,9.52,7.94,10,60,36,48,193,5.18,31.09,18.65,24.87
N20000128,Three_Mile_Water_C2,175,526,701,33.27,75.04,8,693,701,1.14,385,14,699,55.08,2.00,47,251,704,6.68,35.65,116,14,701,16.55,2,245,290,66,25,701,34.95,41.37,9.42,3.57
N20000129,Three_Mile_Water_A3,242,584,826,41.44,70.7,44,782,826,5.33,217,219,825,26.3,26.55,214,85,826,25.91,10.29,23,107,826,2.78,12.95,33,155,118,395,827,3.99,18.74,14.27,47.76
N20000130,Three_Mile_Water_D1,114,447,561,25.5,79.68,20,541,561,3.57,166,60,564,29.43,10.64,100,128,561,17.83,22.82,41,36,561,7.31,6.42,98,168,84,128,561,17.47,29.95,14.97,22.82
N20000131,Three_Mile_Water_A4,107,283,390,37.81,72.56,15,375,390,3.85,95,101,390,24.36,25.90,90,52,390,23.08,13.33,8,34,392,2.04,8.67,19,80,83,143,390,4.87,20.51,21.28,36.67
N20000132,Three_Mile_Water_E1,135,468,603,28.85,77.61,7,596,603,1.16,282,10,602,46.84,1.66,29,314,603,4.81,52.07,164,10,603,27.2,1.66,306,156,23,17,603,50.75,25.87,3.81,2.82
N20000133,Three_Mile_Water_C3,161,579,740,27.81,78.24,8,733,741,1.08,346,23,740,46.76,3.11,63,274,740,8.51,37.03,107,15,740,14.46,2.03,224,240,110,23,740,30.27,32.43,14.86,3.11
N20000134,Three_Mile_Water_E2,159,518,677,30.69,76.51,5,672,677,0.74,338,16,678,49.85,2.36,46,320,677,6.79,47.27,153,32,677,22.6,4.73,323,130,45,23,675,47.85,19.26,6.67,3.41
N20000135,Three_Mile_Water_D2,73,450,523,16.22,86.04,8,515,523,1.53,130,21,523,24.86,4.02,99,143,523,18.93,27.34,57,16,520,10.96,3.08,89,147,84,35,523,17.02,28.11,16.06,6.69
N20000136,Three_Mile_Water_D3,45,447,492,10.07,90.85,13,480,493,2.64,95,5,490,19.39,1.02,103,131,492,20.93,26.63,51,28,491,10.39,5.7,65,113,39,41,493,13.18,22.92,7.91,8.32
N20000137,Three_Mile_Water_B2,63,393,456,16.03,86.18,6,450,456,1.32,135,13,455,29.67,2.86,76,110,457,16.63,24.07,40,24,460,8.7,5.22,63,126,85,46,456,13.82,27.63,18.64,10.09
N20000138,Three_Mile_Water_K1,81,416,497,19.47,83.7,11,486,497,2.21,102,47,497,20.52,9.46,134,73,497,26.96,14.69,26,43,497,5.23,8.65,60,114,100,90,497,12.07,22.94,20.12,18.11
N20000139,Three_Mile_Water_B3,76,386,462,19.69,83.55,5,457,462,1.08,142,16,462,30.74,3.46,97,111,463,20.95,23.97,47,23,463,10.15,4.97,61,138,60,52,462,13.2,29.87,12.99,11.26
N20000140,Three_Mile_Water_G1,121,598,719,20.23,83.17,9,707,716,1.26,269,9,719,37.41,1.25,14,302,719,1.95,42,125,4,716,17.46,0.56,253,126,25,17,720,35.14,17.5,3.47,2.36
N20000141,Three_Mile_Water_A5,53,298,351,17.79,84.9,3,348,351,0.85,98,14,351,27.92,3.99,26,156,351,7.41,44.44,59,17,352,16.76,4.83,115,113,40,28,352,32.67,32.1,11.36,7.95
N20000142,Three_Mile_Water_F1,104,245,349,42.45,70.2,23,326,349,6.59,87,92,349,24.93,26.36,72,40,351,20.51,11.4,9,35,349,2.58,10.03,18,55,52,159,349,5.16,15.76,14.9,45.56
N20000143,Three_Mile_Water_E3,118,506,624,23.32,81.09,7,618,625,1.12,238,19,626,38.02,3.04,40,298,625,6.4,47.68,145,18,625,23.2,2.88,206,163,54,15,624,33.01,26.12,8.65,2.4
N20000144,Three_Mile_Water_D4,75,307,382,24.43,80.37,11,371,382,2.88,147,21,382,38.48,5.50,56,80,382,14.66,20.94,28,20,383,7.31,5.22,43,133,88,50,380,11.32,35,23.16,13.16
N20000145,Three_Mile_Water_F2,40,220,260,18.18,84.62,11,250,261,4.21,22,38,260,8.46,14.62,87,34,261,33.33,13.03,6,54,259,2.32,20.85,6,47,17,106,260,2.31,18.08,6.54,40.77
N20000146,Three_Mile_Water_J1,115,287,402,40.07,71.39,13,390,403,3.23,72,119,404,17.82,29.46,119,37,402,29.6,9.2,12,50,405,2.96,12.35,12,64,80,201,402,2.99,15.92,19.9,50
N20000147,Three_Mile_Water_F3,137,366,503,37.43,72.76,24,479,503,4.77,153,104,502,30.48,20.72,111,59,503,22.07,11.73,17,54,503,3.38,10.74,22,138,72,180,503,4.37,27.44,14.31,35.79
N20000148,Three_Mile_Water_H1,51,259,310,19.69,83.55,6,304,310,1.94,105,16,312,33.65,5.13,39,70,310,12.58,22.58,18,12,312,5.77,3.85,34,96,55,29,310,10.97,30.97,17.74,9.35
N20000149,Three_Mile_Water_E4,114,501,615,22.75,81.46,12,603,615,1.95,217,25,617,35.17,4.05,71,277,615,11.54,45.04,106,14,613,17.29,2.28,191,147,44,45,615,31.06,23.9,7.15,7.32
N20000150,Three_Mile_Water_J2,77,242,319,31.82,75.86,12,308,320,3.75,64,79,319,20.06,24.76,92,38,320,28.75,11.88,9,39,319,2.82,12.23,8,53,39,173,319,2.51,16.61,12.23,54.23
N20000151,Three_Mile_Water_H2,114,496,610,22.98,81.31,11,599,610,1.8,223,41,612,36.44,6.70,111,126,610,18.2,20.66,38,33,609,6.24,5.42,61,211,104,88,610,10,34.59,17.05,14.43
N20000152,Three_Mile_Water_G2,47,322,369,14.6,87.26,4,364,368,1.09,99,7,368,26.9,1.90,27,191,368,7.34,51.9,98,5,368,26.63,1.36,134,96,15,26,368,36.41,26.09,4.08,7.07
N20000153,Three_Mile_Water_K2,93,452,545,20.58,82.94,13,533,546,2.38,82,99,546,15.02,18.13,167,59,546,30.59,10.81,10,59,546,1.83,10.81,19,101,95,175,546,3.48,18.5,17.4,32.05
N20000154,Three_Mile_Water_F4,238,550,788,43.27,69.8,32,754,786,4.07,262,161,785,33.38,20.51,202,70,786,25.7,8.91,16,87,788,2.03,11.04,24,162,147,334,785,3.06,20.64,18.73,42.55
N20000155,Three_Mile_Water_J3,86,269,355,31.97,75.77,23,332,355,6.48,76,71,355,21.41,20.00,108,46,353,30.59,13.03,11,42,355,3.1,11.83,13,68,61,150,355,3.66,19.15,17.18,42.25
N20000156,Three_Mile_Water_H3,146,528,674,27.65,78.34,11,663,674,1.63,267,54,674,39.61,8.01,88,159,674,13.06,23.59,44,29,674,6.53,4.3,112,224,124,99,674,16.62,33.23,18.4,14.69
N20000157,Three_Mile_Water_H4,138,537,675,25.7,79.56,11,664,675,1.63,244,50,675,36.15,7.41,100,148,675,14.81,21.93,53,30,674,7.86,4.45,83,195,127,108,676,12.28,28.85,18.79,15.98
N20000158,Three_Mile_Water_G3,109,487,596,22.38,81.71,10,586,596,1.68,256,20,597,42.88,3.35,42,314,595,7.06,52.77,147,20,594,24.75,3.37,265,114,31,25,595,44.54,19.16,5.21,4.2
N20000159,Three_Mile_Water_J4,117,268,385,43.66,69.61,16,370,386,4.15,111,99,385,28.83,25.71,106,39,384,27.6,10.16,10,41,386,2.59,10.62,15,68,57,193,385,3.9,17.66,14.81,50.13
N20000160,Three_Mile_Water_G4,146,221,367,66.06,60.22,8,357,365,2.19,294,13,365,80.55,3.56,20,150,367,5.45,40.87,78,4,366,21.31,1.09,232,93,20,4,365,63.56,25.48,5.48,1.1
N20000161,Three_Mile_Water_K3,139,408,547,34.07,74.59,14,533,547,2.56,263,25,547,48.08,4.57,69,161,548,12.59,29.38,61,24,551,11.07,4.36,143,145,138,68,547,26.14,26.51,25.23,12.43
N20000162,Three_Mile_Water_G5,108,640,748,16.88,85.56,11,737,748,1.47,199,16,748,26.6,2.14,123,334,748,16.44,44.65,148,63,749,19.76,8.41,220,138,56,23,750,29.33,18.4,7.47,3.07
N20000163,Three_Mile_Water_K4,153,379,532,40.37,71.24,10,522,532,1.88,284,46,530,53.58,8.68,54,142,531,10.17,26.74,46,15,532,8.65,2.82,93,181,126,107,532,17.48,34.02,23.68,20.11
N20000164,Macedon_A1,143,427,570,33.49,74.91,8,562,570,1.4,292,3,570,51.23,0.53,40,213,570,7.02,37.37,99,19,570,17.37,3.33,222,171,65,23,570,38.95,30,11.4,4.04
N20000165,Macedon_A2,92,368,460,25,80,6,454,460,1.3,181,28,466,38.84,6.01,71,123,457,15.54,26.91,40,16,460,8.7,3.48,69,150,121,61,461,14.97,32.54,26.25,13.23
N20000166,Macedon_B1,68,325,393,20.92,82.7,5,388,393,1.27,126,21,391,32.23,5.37,33,181,393,8.4,46.06,83,24,394,21.07,6.09,109,125,27,4,393,27.74,31.81,6.87,1.02
N20000167,Macedon_B2,47,260,307,18.08,84.69,1,306,307,0.33,87,9,307,28.34,2.93,27,161,307,8.79,52.44,72,12,307,23.45,3.91,106,57,23,16,307,34.53,18.57,7.49,5.21
N20000168,Macedon_C1,85,343,428,24.78,80.14,10,419,429,2.33,135,37,426,31.69,8.69,115,73,428,26.87,17.06,25,29,428,5.84,6.78,32,107,79,85,428,7.48,25,18.46,19.86
N20000169,Macedon_B3,74,355,429,20.85,82.75,13,416,429,3.03,62,67,429,14.45,15.62,111,95,429,25.87,22.14,24,71,428,5.61,16.59,40,92,58,165,429,9.32,21.45,13.52,38.46
N20000170,Macedon_C2,126,348,474,36.21,73.42,15,459,474,3.16,176,66,475,37.05,13.89,78,91,474,16.46,19.2,28,40,473,5.92,8.46,58,151,74,119,474,12.24,31.86,15.61,25.11
N20000171,Macedon_C3,96,360,456,26.67,78.95,6,449,455,1.32,148,42,456,32.46,9.21,83,102,458,18.12,22.27,34,43,456,7.46,9.43,50,173,76,91,456,10.96,37.94,16.67,19.96
N20000172,Macedon_B4,149,445,594,33.48,74.92,7,589,596,1.17,284,48,602,47.18,7.97,61,191,595,10.25,32.1,65,27,592,10.98,4.56,135,202,104,73,595,22.69,33.95,17.48,12.27
N20000173,Macedon_A3,132,507,639,26.04,79.34,10,629,639,1.56,229,19,640,35.78,2.97,103,203,640,16.09,31.72,81,46,638,12.7,7.21,149,167,96,24,639,23.32,26.13,15.02,3.76
N20000174,Macedon_D1,160,464,624,34.48,74.36,16,607,623,2.57,174,129,622,27.97,20.74,164,65,622,26.37,10.45,20,58,622,3.22,9.32,17,124,147,216,623,2.73,19.9,23.6,34.67
N20000175,Macedon_C4,103,339,442,30.38,76.7,14,428,442,3.17,147,66,441,33.33,14.97,82,100,442,18.55,22.62,26,36,442,5.88,8.14,40,151,102,103,442,9.05,34.16,23.08,23.3
N20000176,Macedon_C5,83,328,411,25.3,79.81,11,400,411,2.68,110,43,411,26.76,10.46,81,60,410,19.76,14.63,16,27,410,3.9,6.59,41,126,98,63,411,9.98,30.66,23.84,15.33
N20000177,Macedon_B5,64,289,353,22.15,81.87,11,342,353,3.12,95,16,356,26.69,4.49,64,113,353,18.13,32.01,43,32,352,12.22,9.09,94,90,26,73,352,26.7,25.57,7.39,20.74
N20000178,Macedon_E1,131,308,439,42.53,70.16,18,421,439,4.1,94,120,439,21.41,27.33,87,76,439,19.82,17.31,14,47,440,3.18,10.68,53,44,104,163,439,12.07,10.02,23.69,37.13
N20000179,Macedon_E2,118,473,591,24.95,80.03,16,575,591,2.71,195,57,592,32.94,9.63,100,126,592,16.89,21.28,33,31,591,5.58,5.25,36,201,107,140,591,6.09,34.01,18.1,23.69
N20000180,Macedon_D2,149,332,481,44.88,69.02,15,467,482,3.11,150,110,483,31.06,22.77,101,54,480,21.04,11.25,13,32,482,2.7,6.64,19,131,85,169,484,3.93,27.07,17.56,34.92
N20000181,Macedon_F1,152,312,464,48.72,67.24,29,433,462,6.28,152,106,459,33.12,23.09,109,47,463,23.54,10.15,12,44,463,2.59,9.5,13,103,79,208,463,2.81,22.25,17.06,44.92
N20000182,Macedon_D3,218,462,680,47.19,67.94,30,650,680,4.41,184,195,681,27.02,28.63,181,58,677,26.74,8.57,12,86,677,1.77,12.7,17,114,137,323,680,2.5,16.76,20.15,47.5
N20000183,Macedon_F2,85,341,426,24.93,80.05,12,410,422,2.84,84,66,420,20,15.71,134,56,422,31.75,13.27,16,53,423,3.78,12.53,29,105,70,100,423,6.86,24.82,16.55,23.64
N20000184,Macedon_F3,135,281,416,48.04,67.55,22,397,419,5.25,84,154,417,20.14,36.93,89,42,416,21.39,10.1,8,41,416,1.92,9.86,7,101,65,190,416,1.68,24.28,15.63,45.67
N20000185,Macedon_E3,35,207,242,16.91,85.54,12,230,242,4.96,50,25,241,20.75,10.37,60,61,242,24.79,25.21,17,30,242,7.02,12.4,25,59,49,59,242,10.33,24.38,20.25,24.38
N20000186,Macedon_H1,17,186,203,9.14,91.63,6,197,203,2.96,29,17,203,14.29,8.37,52,56,204,25.49,27.45,19,27,201,9.45,13.43,22,59,28,31,203,10.84,29.06,13.79,15.27
N20000187,Macedon_F4,82,289,371,28.37,77.9,4,365,369,1.08,81,68,371,21.83,18.33,134,28,371,36.12,7.55,8,61,370,2.16,16.49,9,45,72,164,371,2.43,12.13,19.41,44.2
N20000188,Macedon_H2,74,427,501,17.33,85.23,4,496,500,0.8,170,3,503,33.8,0.60,76,202,501,15.17,40.32,114,29,502,22.71,5.78,155,92,32,33,501,30.94,18.36,6.39,6.59
N20000189,Macedon_J1,147,425,572,34.59,74.3,40,531,571,7.01,135,139,571,23.64,24.34,171,48,572,29.9,8.39,14,71,574,2.44,12.37,5,95,84,279,572,0.87,16.61,14.69,48.78
N20000190,Macedon_G1,92,267,359,34.46,74.37,11,347,358,3.07,88,74,356,24.72,20.79,79,44,357,22.13,12.32,12,39,358,3.35,10.89,23,107,60,136,357,6.44,29.97,16.81,38.1
N20000191,Macedon_E4,93,312,405,29.81,77.04,20,385,405,4.94,117,65,404,28.96,16.09,105,54,405,25.93,13.33,13,40,404,3.22,9.9,28,122,53,102,404,6.93,30.2,13.12,25.25
N20000192,Macedon_G2,48,211,259,22.75,81.47,12,247,259,4.63,41,43,258,15.89,16.67,93,32,259,35.91,12.36,4,44,259,1.54,16.99,18,38,44,105,259,6.95,14.67,16.99,40.54
N20000193,Macedon_G3,8,230,238,3.48,96.64,4,235,239,1.67,10,5,238,4.2,2.10,112,28,238,47.06,11.76,7,52,237,2.95,21.94,8,29,20,120,240,3.33,12.08,8.33,50
N20000194,Macedon_K1,110,247,357,44.53,69.19,15,340,355,4.23,60,126,355,16.9,35.49,80,36,358,22.35,10.06,9,46,358,2.51,12.85,18,47,41,234,357,5.04,13.17,11.48,65.55
N20000195,Macedon_G4,100,431,531,23.2,81.17,14,516,530,2.64,89,97,534,16.67,18.16,194,49,532,36.47,9.21,13,110,529,2.46,20.79,6,76,71,263,532,1.13,14.29,13.35,49.44
N20000196,Macedon_J2,43,176,219,24.43,80.37,0,215,215,0,61,17,217,28.11,7.83,62,29,214,28.97,13.55,9,29,214,4.21,13.55,8,54,35,76,215,3.72,25.12,16.28,35.35
N20000197,Macedon_K2,30,183,213,16.39,85.92,8,205,213,3.76,34,24,212,16.04,11.32,71,23,214,33.18,10.75,4,29,213,1.88,13.62,8,43,35,81,212,3.77,20.28,16.51,38.21
N20000198,Macedon_K3,35,324,359,10.8,90.25,8,351,359,2.23,29,28,359,8.08,7.80,109,66,358,30.45,18.44,18,48,359,5.01,13.37,13,69,37,90,359,3.62,19.22,10.31,25.07
N20000199,Macedon_G5,119,392,511,30.36,76.71,31,481,512,6.05,92,122,516,17.83,23.64,157,45,512,30.66,8.79,10,63,512,1.95,12.3,19,90,74,254,512,3.71,17.58,14.45,49.61
N20000200,Macedon_K4,117,445,562,26.29,79.18,19,542,561,3.39,124,69,563,22.02,12.26,117,99,561,20.86,17.65,31,71,561,5.53,12.66,62,137,78,163,561,11.05,24.42,13.9,29.06
N20000201,Macedon_J3,108,459,567,23.53,80.95,12,555,567,2.12,135,82,565,23.89,14.51,126,101,568,22.18,17.78,33,49,568,5.81,8.63,51,152,85,153,567,8.99,26.81,14.99,26.98
N20000202,Macedon_K5,84,314,398,26.75,78.89,18,380,398,4.52,79,87,397,19.9,21.91,108,40,398,27.14,10.05,10,43,397,2.52,10.83,10,75,66,184,398,2.51,18.84,16.58,46.23
N20000203,Macedon_J4,81,233,314,34.76,74.2,10,304,314,3.18,107,30,316,33.86,9.49,39,83,315,12.38,26.35,18,13,314,5.73,4.14,39,141,38,54,314,12.42,44.9,12.1,17.2
N20000204,Macedon_J5,75,304,379,24.67,80.21,8,372,380,2.11,117,35,382,30.63,9.16,58,112,380,15.26,29.47,42,22,379,11.08,5.8,66,120,52,79,382,17.28,31.41,13.61,20.68
N20000205,Macedon_H3,34,285,319,11.93,89.34,9,310,319,2.82,44,24,318,13.84,7.55,78,72,320,24.38,22.5,25,33,317,7.89,10.41,19,71,42,89,318,5.97,22.33,13.21,27.99
N20000206,Macedon_H4,26,257,283,10.12,90.81,1,282,283,0.35,39,16,282,13.83,5.67,56,91,283,19.79,32.16,31,17,282,10.99,6.03,38,63,43,49,283,13.43,22.26,15.19,17.31
N20000207,Macedon_L1,90,358,448,25.14,79.91,19,426,445,4.27,51,104,448,11.38,23.21,152,56,446,34.08,12.56,6,81,448,1.34,18.08,19,53,71,180,447,4.25,11.86,15.88,40.27
N20000208,Macedon_L2,182,301,483,60.47,62.32,23,460,483,4.76,91,198,484,18.8,40.91,83,64,485,17.11,13.2,14,50,485,2.89,10.31,22,105,67,249,484,4.55,21.69,13.84,51.45
N20000209,Macedon_L3,151,348,499,43.39,69.74,21,478,499,4.21,177,124,499,35.47,24.85,83,94,500,16.6,18.8,25,38,501,4.99,7.58,68,112,115,144,497,13.68,22.54,23.14,28.97
N20000210,Macedon_L4,180,481,661,37.42,72.77,35,624,659,5.31,90,213,659,13.66,32.32,227,64,660,34.39,9.7,14,112,659,2.12,17,14,108,89,309,658,2.13,16.41,13.53,46.96
N20000211,Glengormley_Urban_C1,139,474,613,29.32,77.32,10,604,614,1.63,274,49,616,44.48,7.95,42,239,613,6.85,38.99,82,12,613,13.38,1.96,195,214,79,62,614,31.76,34.85,12.87,10.1
N20000212,Glengormley_Urban_A1,149,364,513,40.93,70.96,24,489,513,4.68,154,148,512,30.08,28.91,141,45,513,27.49,8.77,15,59,513,2.92,11.5,30,69,77,250,511,5.87,13.5,15.07,48.92
N20000213,Glengormley_Urban_A2,100,291,391,34.36,74.42,22,369,391,5.63,112,93,394,28.43,23.60,98,35,391,25.06,8.95,9,44,391,2.3,11.25,7,78,93,150,391,1.79,19.95,23.79,38.36
N20000214,Glengormley_Urban_B1,45,277,322,16.25,86.02,6,317,323,1.86,73,24,322,22.67,7.45,67,73,321,20.87,22.74,32,21,320,10,6.56,28,68,58,28,322,8.7,21.12,18.01,8.7
N20000215,Glengormley_Urban_C2,126,374,500,33.69,74.8,7,493,500,1.4,271,15,503,53.88,2.98,45,154,500,9,30.8,62,12,499,12.42,2.4,160,178,63,37,498,32.13,35.74,12.65,7.43
N20000216,Glengormley_Urban_B2,35,245,280,14.29,87.5,6,274,280,2.14,60,16,280,21.43,5.71,64,54,281,22.78,19.22,17,18,280,6.07,6.43,18,92,32,28,280,6.43,32.86,11.43,10
N20000217,Glengormley_Urban_A3,111,484,595,22.93,81.34,7,588,595,1.18,200,37,595,33.61,6.22,82,172,593,13.83,29.01,66,27,595,11.09,4.54,118,169,110,53,597,19.77,28.31,18.43,8.88
N20000218,Glengormley_Urban_B3,76,508,584,14.96,86.99,13,571,584,2.23,133,19,584,22.77,3.25,133,123,587,22.66,20.95,39,42,584,6.68,7.19,58,119,78,83,584,9.93,20.38,13.36,14.21
N20000219,Glengormley_Urban_C3,151,571,722,26.44,79.09,11,711,722,1.52,287,21,721,39.81,2.91,83,270,722,11.5,37.4,117,27,722,16.2,3.74,266,157,86,32,722,36.84,21.75,11.91,4.43
N20000220,Glengormley_Urban_B4,64,370,434,17.3,85.25,10,424,434,2.3,110,24,430,25.58,5.58,95,91,436,21.79,20.87,26,27,434,5.99,6.22,45,143,64,28,434,10.37,32.95,14.75,6.45
N20000221,Glengormley_Urban_D1,100,424,524,23.58,80.92,11,513,524,2.1,162,40,525,30.86,7.62,95,116,524,18.13,22.14,47,24,524,8.97,4.58,69,165,86,68,522,13.22,31.61,16.48,13.03
N20000222,Glengormley_Urban_E1,95,390,485,24.36,80.41,14,471,485,2.89,157,45,482,32.57,9.34,97,103,484,20.04,21.28,33,38,485,6.8,7.84,43,105,95,116,485,8.87,21.65,19.59,23.92
N20000223,Glengormley_Urban_D2,104,388,492,26.8,78.86,14,478,492,2.85,191,37,494,38.66,7.49,80,122,492,16.26,24.8,38,18,492,7.72,3.66,67,133,114,67,492,13.62,27.03,23.17,13.62
N20000224,Glengormley_Urban_B5,73,388,461,18.81,84.16,12,450,462,2.6,108,22,461,23.43,4.77,86,120,464,18.53,25.86,37,24,460,8.04,5.22,50,141,63,52,461,10.85,30.59,13.67,11.28
N20000225,Glengormley_Urban_E2,66,244,310,27.05,78.71,14,296,310,4.52,72,61,310,23.23,19.68,72,47,310,23.23,15.16,10,36,310,3.23,11.61,10,69,44,103,309,3.24,22.33,14.24,33.33
N20000226,Glengormley_Urban_D3,124,481,605,25.78,79.5,12,593,605,1.98,206,47,605,34.05,7.77,98,131,605,16.2,21.65,42,29,607,6.92,4.78,77,207,107,95,605,12.73,34.21,17.69,15.7
N20000227,Glengormley_Urban_C4,93,396,489,23.48,80.98,6,483,489,1.23,197,21,490,40.2,4.29,57,172,488,11.68,35.25,70,20,488,14.34,4.1,129,133,57,25,489,26.38,27.2,11.66,5.11
N20000228,Glengormley_Urban_E3,83,343,426,24.2,80.52,11,415,426,2.58,93,63,426,21.83,14.79,92,78,425,21.65,18.35,32,42,424,7.55,9.91,33,113,70,104,426,7.75,26.53,16.43,24.41
N20000229,Glengormley_Urban_E4,106,356,462,29.78,77.06,15,447,462,3.25,89,108,462,19.26,23.38,120,59,462,25.97,12.77,15,58,462,3.25,12.55,27,107,67,202,463,5.83,23.11,14.47,43.63
N20000230,Glengormley_Urban_D4,119,403,522,29.53,77.2,7,515,522,1.34,175,63,522,33.52,12.07,92,95,522,17.62,18.2,25,32,521,4.8,6.14,38,169,126,110,521,7.29,32.44,24.18,21.11
N20000231,Glengormley_Urban_F1,87,402,489,21.64,82.21,9,477,486,1.85,142,24,488,29.1,4.92,73,126,486,15.02,25.93,46,26,485,9.48,5.36,93,123,56,52,491,18.94,25.05,11.41,10.59
N20000232,Glengormley_Urban_G1,74,242,316,30.58,76.58,6,310,316,1.9,113,28,316,35.76,8.86,41,116,316,12.97,36.71,36,9,314,11.46,2.87,100,92,24,22,316,31.65,29.11,7.59,6.96
N20000233,Glengormley_Urban_F2,95,383,478,24.8,80.13,6,472,478,1.26,128,49,478,26.78,10.25,99,118,478,20.71,24.69,39,33,477,8.18,6.92,85,135,66,58,481,17.67,28.07,13.72,12.06
N20000234,Glengormley_Urban_G2,101,321,422,31.46,76.07,23,399,422,5.45,153,47,422,36.26,11.14,54,116,422,12.8,27.49,41,19,422,9.72,4.5,63,151,57,53,422,14.93,35.78,13.51,12.56
N20000235,Glengormley_Urban_G3,73,293,366,24.91,80.05,4,362,366,1.09,131,24,366,35.79,6.56,64,89,365,17.53,24.38,29,23,369,7.86,6.23,40,99,71,61,365,10.96,27.12,19.45,16.71
N20000236,Glengormley_Urban_H1,58,383,441,15.14,86.85,9,432,441,2.04,93,34,444,20.95,7.66,127,98,441,28.8,22.22,34,72,440,7.73,16.36,52,76,54,85,442,11.76,17.19,12.22,19.23
N20000237,Glengormley_Urban_H2,89,326,415,27.3,78.55,12,403,415,2.89,86,75,415,20.72,18.07,96,81,415,23.13,19.52,28,31,415,6.75,7.47,34,98,66,95,415,8.19,23.61,15.9,22.89
N20000238,Glengormley_Urban_F3,107,478,585,22.38,81.71,11,573,584,1.88,204,30,584,34.93,5.14,73,171,586,12.46,29.18,46,30,584,7.88,5.14,108,198,86,84,584,18.49,33.9,14.73,14.38
N20000239,Glengormley_Urban_G4,77,387,464,19.9,83.41,7,456,463,1.51,129,27,465,27.74,5.81,72,131,463,15.55,28.29,34,14,462,7.36,3.03,65,138,84,47,463,14.04,29.81,18.14,10.15
N20000240,Glengormley_Urban_F4,56,292,348,19.18,83.91,7,341,348,2.01,85,29,348,24.43,8.33,56,95,347,16.14,27.38,28,22,348,8.05,6.32,48,88,74,49,347,13.83,25.36,21.33,14.12
N20000241,Glengormley_Urban_G5,59,232,291,25.43,79.73,12,279,291,4.12,97,21,291,33.33,7.22,59,56,291,20.27,19.24,18,33,291,6.19,11.34,25,61,46,60,288,8.68,21.18,15.97,20.83
N20000242,Glengormley_Urban_H3,97,354,451,27.4,78.49,14,437,451,3.1,147,49,451,32.59,10.86,95,86,451,21.06,19.07,22,32,449,4.9,7.13,28,142,85,126,451,6.21,31.49,18.85,27.94
N20000243,Glengormley_Urban_J1,77,277,354,27.8,78.25,6,348,354,1.69,114,32,356,32.02,8.99,55,84,355,15.49,23.66,29,13,354,8.19,3.67,41,123,58,69,354,11.58,34.75,16.38,19.49
N20000244,Glengormley_Urban_J2,170,521,691,32.63,75.4,14,678,692,2.02,273,67,696,39.22,9.63,93,187,692,13.44,27.02,73,32,692,10.55,4.62,114,248,103,72,694,16.43,35.73,14.84,10.37
N20000245,Glengormley_Urban_J3,74,324,398,22.84,81.41,11,387,398,2.76,115,33,399,28.82,8.27,67,105,398,16.83,26.38,26,31,401,6.48,7.73,49,97,96,67,399,12.28,24.31,24.06,16.79
N20000246,Glengormley_Urban_K1,135,409,544,33.01,75.18,14,530,544,2.57,205,37,543,37.75,6.81,68,157,544,12.5,28.86,53,21,546,9.71,3.85,113,174,120,70,543,20.81,32.04,22.1,12.89
N20000247,Glengormley_Urban_K2,110,347,457,31.7,75.93,13,444,457,2.84,185,55,457,40.48,12.04,65,120,457,14.22,26.26,29,21,457,6.35,4.6,58,142,88,97,456,12.72,31.14,19.3,21.27
N20000248,Glengormley_Urban_L1,39,231,270,16.88,85.56,3,266,269,1.12,33,35,270,12.22,12.96,68,56,270,25.19,20.74,15,18,268,5.6,6.72,26,49,38,56,270,9.63,18.15,14.07,20.74
N20000249,Glengormley_Urban_J4,108,245,353,44.08,69.41,12,341,353,3.4,120,74,353,33.99,20.96,45,98,352,12.78,27.84,27,20,353,7.65,5.67,55,108,85,40,353,15.58,30.59,24.08,11.33
N20000250,Glengormley_Urban_J5,113,277,390,40.79,71.03,9,381,390,2.31,143,55,391,36.57,14.07,36,104,390,9.23,26.67,26,15,389,6.68,3.86,71,151,71,49,390,18.21,38.72,18.21,12.56
N20000251,Glengormley_Urban_L2,195,519,714,37.57,72.69,22,692,714,3.08,307,75,713,43.06,10.52,68,201,713,9.54,28.19,55,25,717,7.67,3.49,122,278,165,106,714,17.09,38.94,23.11,14.85
N20000252,Glengormley_Urban_L3,81,368,449,22.01,81.96,3,446,449,0.67,125,37,452,27.65,8.19,73,110,447,16.33,24.61,34,25,449,7.57,5.57,56,142,100,61,449,12.47,31.63,22.27,13.59
N20000253,Glengormley_Urban_K3,104,514,618,20.23,83.17,6,612,618,0.97,190,49,616,30.84,7.95,75,218,618,12.14,35.28,89,20,618,14.4,3.24,124,199,74,46,619,20.03,32.15,11.95,7.43
N20000254,Glengormley_Urban_K4,81,419,500,19.33,83.8,6,494,500,1.2,166,12,500,33.2,2.40,71,179,500,14.2,35.8,57,26,500,11.4,5.2,119,143,41,18,500,23.8,28.6,8.2,3.6
N20000255,Glengormley_Urban_L4,133,412,545,32.28,75.6,13,532,545,2.39,235,47,545,43.12,8.62,47,189,543,8.66,34.81,78,17,545,14.31,3.12,181,183,59,51,542,33.39,33.76,10.89,9.41
N20000256,Glengormley_Urban_L5,167,393,560,42.49,70.18,15,546,561,2.67,289,59,561,51.52,10.52,45,170,561,8.02,30.3,70,20,561,12.48,3.57,182,192,101,63,561,32.44,34.22,18,11.23
N20000257,Airport_A1,50,258,308,19.38,83.77,4,303,307,1.3,82,13,306,26.8,4.25,56,100,308,18.18,32.47,42,18,308,13.64,5.84,63,67,45,24,307,20.52,21.82,14.66,7.82
N20000258,Airport_B1,93,423,516,21.99,81.98,6,510,516,1.16,170,21,516,32.95,4.07,67,182,517,12.96,35.2,69,53,516,13.37,10.27,146,108,67,33,516,28.29,20.93,12.98,6.4
N20000259,Airport_A2,84,504,588,16.67,85.71,9,579,588,1.53,146,40,587,24.87,6.81,128,181,587,21.81,30.83,85,56,591,14.38,9.48,94,107,56,88,588,15.99,18.2,9.52,14.97
N20000260,Airport_A3,136,516,652,26.36,79.14,12,640,652,1.84,252,26,652,38.65,3.99,51,299,652,7.82,45.86,114,15,657,17.35,2.28,229,154,49,42,652,35.12,23.62,7.52,6.44
N20000261,Airport_C1,209,684,893,30.56,76.6,14,879,893,1.57,414,22,895,46.26,2.46,126,260,893,14.11,29.12,110,40,893,12.32,4.48,215,247,158,59,892,24.1,27.69,17.71,6.61
N20000262,Airport_C2,132,517,649,25.53,79.66,8,643,651,1.23,261,27,653,39.97,4.13,84,214,649,12.94,32.97,83,35,651,12.75,5.38,189,162,71,53,651,29.03,24.88,10.91,8.14
N20000263,Airport_B2,118,444,562,26.58,79,10,552,562,1.78,224,19,563,39.79,3.37,65,203,562,11.57,36.12,91,25,562,16.19,4.45,187,141,64,38,562,33.27,25.09,11.39,6.76
N20000264,Airport_B3,157,526,683,29.85,77.01,27,656,683,3.95,258,54,682,37.83,7.92,108,199,682,15.84,29.18,84,68,687,12.23,9.9,176,199,133,65,682,25.81,29.18,19.5,9.53
N20000265,Airport_D1,125,412,537,30.34,76.72,9,528,537,1.68,202,46,538,37.55,8.55,42,187,537,7.82,34.82,77,16,537,14.34,2.98,160,195,75,42,536,29.85,36.38,13.99,7.84
N20000266,Airport_C3,84,292,376,28.77,77.66,2,374,376,0.53,152,23,375,40.53,6.13,50,111,376,13.3,29.52,41,11,376,10.9,2.93,99,118,62,32,376,26.33,31.38,16.49,8.51
N20000267,Airport_D2,269,539,808,49.91,66.71,22,786,808,2.72,484,96,808,59.9,11.88,61,246,808,7.55,30.45,106,17,808,13.12,2.1,267,295,122,85,808,33.04,36.51,15.1,10.52
N20000268,Airport_F1,170,496,666,34.27,74.47,16,650,666,2.4,218,6,666,32.73,0.90,86,179,662,12.99,27.04,71,29,666,10.66,4.35,153,143,94,60,666,22.97,21.47,14.11,9.01
N20000269,Airport_D3,129,518,647,24.9,80.06,15,632,647,2.32,224,41,649,34.51,6.32,113,132,647,17.47,20.4,62,34,650,9.54,5.23,116,200,96,90,647,17.93,30.91,14.84,13.91
N20000270,Airport_E1,107,243,350,44.03,69.43,8,342,350,2.29,134,70,350,38.29,20.00,32,106,350,9.14,30.29,34,6,349,9.74,1.72,62,141,73,58,349,17.77,40.4,20.92,16.62
N20000271,Airport_D4,185,326,511,56.75,63.8,13,498,511,2.54,321,51,511,62.82,9.98,20,181,511,3.91,35.42,86,4,511,16.83,0.78,218,196,43,25,511,42.66,38.36,8.41,4.89
N20000272,Airport_E2,220,437,657,50.34,66.51,13,644,657,1.98,398,49,658,60.49,7.45,27,245,657,4.11,37.29,122,10,657,18.57,1.52,240,276,91,45,657,36.53,42.01,13.85,6.85
N20000273,Airport_E3,126,279,405,45.16,68.89,12,393,405,2.96,177,65,408,43.38,15.93,35,122,406,8.62,30.05,38,24,406,9.36,5.91,94,176,63,58,407,23.1,43.24,15.48,14.25
N20000274,Airport_G1,113,423,536,26.71,78.92,4,531,535,0.75,205,14,534,38.39,2.62,94,161,535,17.57,30.09,69,20,539,12.8,3.71,161,127,103,21,535,30.09,23.74,19.25,3.93
N20000275,Airport_E4,156,335,491,46.57,68.23,9,482,491,1.83,277,30,491,56.42,6.11,20,202,490,4.08,41.22,57,6,490,11.63,1.22,170,221,58,40,492,34.55,44.92,11.79,8.13
N20000276,Airport_E5,221,380,601,58.16,63.23,15,586,601,2.5,384,52,601,63.89,8.65,42,183,601,6.99,30.45,74,14,600,12.33,2.33,193,217,125,51,601,32.11,36.11,20.8,8.49
N20000277,Airport_E6,146,288,434,50.69,66.36,18,416,434,4.15,227,54,434,52.3,12.44,31,123,435,7.13,28.28,46,13,434,10.6,3,119,188,68,41,437,27.23,43.02,15.56,9.38
N20000278,Airport_C4,107,415,522,25.78,79.5,9,515,524,1.72,197,9,523,37.67,1.72,81,152,523,15.49,29.06,52,30,523,9.94,5.74,120,116,111,35,523,22.94,22.18,21.22,6.69
N20000279,Airport_F2,242,"1,091",1333,22.18,81.85,21,1313,1334,1.57,457,30,1336,34.21,2.25,128,312,1333,9.6,23.41,150,45,1336,11.23,3.37,198,298,181,51,1333,14.85,22.36,13.58,3.83
N20000280,Airport_G2,149,508,657,29.33,77.32,5,652,657,0.76,281,7,657,42.77,1.07,89,192,658,13.53,29.18,82,32,654,12.54,4.89,180,195,124,40,658,27.36,29.64,18.84,6.08
N20000281,Airport_G3,148,519,667,28.52,77.81,11,656,667,1.65,263,37,665,39.55,5.56,86,193,668,12.87,28.89,68,45,664,10.24,6.78,172,162,120,83,666,25.83,24.32,18.02,12.46
N20000282,Airport_F3,79,350,429,22.57,81.59,4,424,428,0.93,155,4,429,36.13,0.93,63,116,426,14.79,27.23,38,25,427,8.9,5.85,72,84,131,45,429,16.78,19.58,30.54,10.49
N20000283,Airport_H1,225,521,746,43.19,69.84,35,714,749,4.67,268,145,750,35.73,19.33,101,199,745,13.56,26.71,84,51,749,11.21,6.81,179,216,86,166,749,23.9,28.84,11.48,22.16
N20000284,Airport_H2,161,456,617,35.31,73.91,28,589,617,4.54,263,90,617,42.63,14.59,97,130,618,15.7,21.04,49,63,615,7.97,10.24,133,201,98,121,616,21.59,32.63,15.91,19.64
N20000285,Airport_G4,152,498,650,30.52,76.62,10,640,650,1.54,265,18,650,40.77,2.77,111,190,650,17.08,29.23,57,33,650,8.77,5.08,142,125,212,42,650,21.85,19.23,32.62,6.46
N20000286,Airport_J1,121,399,520,30.33,76.73,11,509,520,2.12,246,26,519,47.4,5.01,61,134,520,11.73,25.77,49,20,518,9.46,3.86,145,175,79,75,521,27.83,33.59,15.16,14.4
N20000287,Airport_H3,210,528,738,39.77,71.54,27,711,738,3.66,358,75,739,48.44,10.15,77,174,738,10.43,23.58,57,27,739,7.71,3.65,174,279,139,84,739,23.55,37.75,18.81,11.37
N20000288,Airport_H4,104,376,480,27.66,78.33,16,464,480,3.33,139,78,479,29.02,16.28,124,78,479,25.89,16.28,26,50,479,5.43,10.44,51,106,100,129,480,10.63,22.08,20.83,26.88
N20000289,Airport_J2,93,263,356,35.36,73.88,17,339,356,4.78,114,61,355,32.11,17.18,91,44,356,25.56,12.36,11,51,357,3.08,14.29,14,77,70,132,356,3.93,21.63,19.66,37.08
N20000290,Airport_H5,92,209,301,44.02,69.44,11,289,300,3.67,75,88,302,24.83,29.14,65,48,301,21.59,15.95,15,41,301,4.98,13.62,26,44,52,110,301,8.64,14.62,17.28,36.54
N20000291,Airport_J3,52,265,317,19.62,83.6,3,313,316,0.95,87,17,317,27.44,5.36,63,62,317,19.87,19.56,11,23,316,3.48,7.28,15,106,58,56,317,4.73,33.44,18.3,17.67
N20000292,Airport_J4,143,419,562,34.13,74.56,17,545,562,3.02,207,71,562,36.83,12.63,72,138,559,12.88,24.69,40,26,562,7.12,4.63,100,176,137,103,562,17.79,31.32,24.38,18.33
N20000293,Airport_F4,103,431,534,23.9,80.71,10,524,534,1.87,207,18,534,38.76,3.37,64,163,532,12.03,30.64,58,34,534,10.86,6.37,140,141,87,39,534,26.22,26.4,16.29,7.3
N20000294,Airport_J5,165,561,726,29.41,77.27,21,705,726,2.89,275,57,725,37.93,7.86,104,167,726,14.33,23,60,53,726,8.26,7.3,88,232,146,144,726,12.12,31.96,20.11,19.83
N20000295,Armagh_A1,179,522,701,34.29,74.47,7,694,701,1,292,26,701,41.65,3.71,142,187,700,20.29,26.71,71,49,701,10.13,6.99,150,189,124,85,701,21.4,26.96,17.69,12.13
N20000296,Armagh_A2,119,437,556,27.23,78.6,2,552,554,0.36,213,23,558,38.17,4.12,126,141,555,22.7,25.41,39,38,556,7.01,6.83,86,108,125,72,555,15.5,19.46,22.52,12.97
N20000297,Armagh_A3,194,444,638,43.69,69.59,5,633,638,0.78,268,94,641,41.81,14.66,144,121,638,22.57,18.97,24,45,638,3.76,7.05,70,131,193,157,637,10.99,20.57,30.3,24.65
N20000298,Armagh_A4,172,492,664,34.96,74.1,6,658,664,0.9,280,29,664,42.17,4.37,127,159,669,18.98,23.77,37,39,667,5.55,5.85,104,160,186,103,664,15.66,24.1,28.01,15.51
N20000299,Armagh_E1,117,427,544,27.4,78.49,6,538,544,1.1,171,34,544,31.43,6.25,147,106,545,26.97,19.45,28,63,543,5.16,11.6,59,86,194,74,545,10.83,15.78,35.6,13.58
N20000300,Armagh_A5,118,367,485,32.15,75.67,0,485,485,0,203,16,486,41.77,3.29,91,136,486,18.72,27.98,34,29,487,6.98,5.95,83,116,119,55,487,17.04,23.82,24.44,11.29
N20000301,Armagh_E2,227,488,715,46.52,68.25,8,707,715,1.12,365,93,715,51.05,13.01,95,188,715,13.29,26.29,60,43,715,8.39,6.01,123,189,212,100,715,17.2,26.43,29.65,13.99
N20000302,Armagh_A6,141,629,770,22.42,81.69,3,767,770,0.39,248,17,769,32.25,2.21,199,200,770,25.84,25.97,50,64,770,6.49,8.31,103,128,197,74,770,13.38,16.62,25.58,9.61
N20000303,Armagh_C1,165,505,670,32.67,75.37,7,663,670,1.04,218,79,669,32.59,11.81,169,119,670,25.22,17.76,28,71,672,4.17,10.57,47,162,128,219,671,7,24.14,19.08,32.64
N20000304,Armagh_C2,121,387,508,31.27,76.18,5,502,507,0.99,152,89,504,30.16,17.66,131,116,507,25.84,22.88,30,52,508,5.91,10.24,72,113,88,154,507,14.2,22.29,17.36,30.37
N20000305,Armagh_E3,147,421,568,34.92,74.12,9,559,568,1.58,265,40,568,46.65,7.04,98,147,569,17.22,25.83,31,37,568,5.46,6.51,107,131,147,96,568,18.84,23.06,25.88,16.9
N20000306,Armagh_B1,125,410,535,30.49,76.64,3,533,536,0.56,235,31,539,43.6,5.75,61,200,535,11.4,37.38,86,16,535,16.07,2.99,182,119,66,40,534,34.08,22.28,12.36,7.49
N20000307,Armagh_B2,84,332,416,25.3,79.81,0,416,416,0,151,18,416,36.3,4.33,37,181,416,8.89,43.51,65,10,412,15.78,2.43,139,113,48,21,416,33.41,27.16,11.54,5.05
N20000308,Armagh_C3,117,320,437,36.56,73.23,4,433,437,0.92,160,61,437,36.61,13.96,117,74,438,26.71,16.89,13,31,439,2.96,7.06,27,71,120,140,437,6.18,16.25,27.46,32.04
N20000309,Armagh_D1,178,505,683,35.25,73.94,9,673,682,1.32,261,57,684,38.16,8.33,153,152,680,22.5,22.35,26,58,682,3.81,8.5,73,183,169,180,682,10.7,26.83,24.78,26.39
N20000310,Armagh_J1,106,334,440,31.74,75.91,2,438,440,0.45,190,16,441,43.08,3.63,90,107,440,20.45,24.32,41,33,439,9.34,7.52,59,128,114,37,444,13.29,28.83,25.68,8.33
N20000311,Armagh_B3,142,377,519,37.67,72.64,5,514,519,0.96,238,45,519,45.86,8.67,40,186,519,7.71,35.84,59,16,519,11.37,3.08,113,199,91,45,519,21.77,38.34,17.53,8.67
N20000312,Armagh_D2,126,570,696,22.11,81.9,7,685,692,1.01,203,50,696,29.17,7.18,217,161,695,31.22,23.17,34,98,697,4.88,14.06,112,109,103,111,694,16.14,15.71,14.84,15.99
N20000313,Armagh_F1,66,371,437,17.79,84.9,4,433,437,0.92,65,46,437,14.87,10.53,172,66,437,39.36,15.1,11,67,437,2.52,15.33,18,72,74,170,437,4.12,16.48,16.93,38.9
N20000314,Armagh_B4,87,268,355,32.46,75.49,6,349,355,1.69,127,25,355,35.77,7.04,114,71,356,32.02,19.94,20,41,355,5.63,11.55,50,32,71,72,355,14.08,9.01,20,20.28
N20000315,Armagh_C4,134,378,512,35.45,73.83,5,507,512,0.98,103,33,512,20.12,6.45,109,162,512,21.29,31.64,41,49,511,8.02,9.59,93,61,30,99,512,18.16,11.91,5.86,19.34
N20000316,Armagh_D3,142,356,498,39.89,71.49,10,487,497,2.01,116,105,499,23.25,21.04,157,64,498,31.53,12.85,7,76,497,1.41,15.29,23,96,51,259,498,4.62,19.28,10.24,52.01
N20000317,Armagh_D4,247,464,711,53.23,65.26,6,705,711,0.84,268,130,711,37.69,18.28,151,120,711,21.24,16.88,40,66,711,5.63,9.28,93,131,201,237,710,13.1,18.45,28.31,33.38
N20000318,Armagh_D5,147,379,526,38.79,72.05,4,524,528,0.76,162,74,529,30.62,13.99,143,88,528,27.08,16.67,18,46,529,3.4,8.7,48,101,144,134,529,9.07,19.09,27.22,25.33
N20000319,Armagh_F2,32,228,260,14.04,87.69,1,260,261,0.38,33,34,260,12.69,13.08,95,43,259,36.68,16.6,3,48,263,1.14,18.25,11,37,37,110,260,4.23,14.23,14.23,42.31
N20000320,Armagh_F3,108,401,509,26.93,78.78,9,500,509,1.77,122,76,510,23.92,14.90,174,75,509,34.18,14.73,10,69,509,1.96,13.56,25,71,104,210,512,4.88,13.87,20.31,41.02
N20000321,Armagh_F4,77,251,328,30.68,76.52,7,321,328,2.13,92,49,329,27.96,14.89,80,42,327,24.46,12.84,7,45,329,2.13,13.68,12,52,69,148,327,3.67,15.9,21.1,45.26
N20000322,Armagh_D6,149,325,474,45.85,68.57,6,468,474,1.27,90,140,475,18.95,29.47,143,58,474,30.17,12.24,8,106,474,1.69,22.36,18,58,91,222,474,3.8,12.24,19.2,46.84
N20000323,Armagh_F5,32,199,231,16.08,86.15,2,229,231,0.87,46,28,230,20,12.17,65,59,231,28.14,25.54,11,29,230,4.78,12.61,15,47,42,85,231,6.49,20.35,18.18,36.8
N20000324,Armagh_C5,77,288,365,26.74,78.9,4,358,362,1.1,76,55,364,20.88,15.11,117,68,361,32.41,18.84,11,38,358,3.07,10.61,17,62,72,139,362,4.7,17.13,19.89,38.4
N20000325,Armagh_G1,96,315,411,30.48,76.64,3,407,410,0.73,141,41,410,34.39,10.00,71,118,410,17.32,28.78,27,35,409,6.6,8.56,79,92,79,75,410,19.27,22.44,19.27,18.29
N20000326,Armagh_C6,110,420,530,26.19,79.25,5,525,530,0.94,130,71,530,24.53,13.40,201,51,530,37.92,9.62,14,48,531,2.64,9.04,13,74,105,210,530,2.45,13.96,19.81,39.62
N20000327,Armagh_F6,129,412,541,31.31,76.16,9,532,541,1.66,116,112,541,21.44,20.70,170,79,540,31.48,14.63,17,86,538,3.16,15.99,2,124,97,249,542,0.37,22.88,17.9,45.94
N20000328,Armagh_G2,79,246,325,32.11,75.69,3,321,324,0.93,103,37,325,31.69,11.38,64,75,325,19.69,23.08,15,28,324,4.63,8.64,30,65,72,68,325,9.23,20,22.15,20.92
N20000329,Armagh_G3,219,589,808,37.18,72.9,9,799,808,1.11,299,110,806,37.1,13.65,151,179,808,18.69,22.15,51,74,809,6.3,9.15,128,148,223,179,808,15.84,18.32,27.6,22.15
N20000330,Armagh_G4,125,437,562,28.6,77.76,5,557,562,0.89,170,66,562,30.25,11.74,159,96,562,28.29,17.08,19,68,560,3.39,12.14,56,81,116,116,562,9.96,14.41,20.64,20.64
N20000331,Armagh_G5,197,379,576,51.98,65.8,7,566,573,1.22,328,50,572,57.34,8.74,60,165,573,10.47,28.8,56,15,572,9.79,2.62,172,190,112,50,573,30.02,33.16,19.55,8.73
N20000332,Armagh_H1,125,373,498,33.51,74.9,9,490,499,1.8,238,29,499,47.7,5.81,52,147,498,10.44,29.52,47,13,498,9.44,2.61,105,139,103,52,499,21.04,27.86,20.64,10.42
N20000333,Armagh_H2,119,370,489,32.16,75.66,10,479,489,2.04,153,82,489,31.29,16.77,116,68,489,23.72,13.91,20,67,489,4.09,13.7,38,77,118,176,487,7.8,15.81,24.23,36.14
N20000334,Armagh_H3,125,445,570,28.09,78.07,9,561,570,1.58,220,37,569,38.66,6.50,100,170,571,17.51,29.77,58,25,570,10.18,4.39,137,154,85,69,570,24.04,27.02,14.91,12.11
N20000335,Armagh_G6,149,240,389,62.08,61.7,4,385,389,1.03,223,44,389,57.33,11.31,16,139,389,4.11,35.73,41,4,390,10.51,1.03,113,139,76,51,389,29.05,35.73,19.54,13.11
N20000336,Armagh_H4,130,335,465,38.81,72.04,1,464,465,0.22,192,47,465,41.29,10.11,38,180,465,8.17,38.71,57,13,465,12.26,2.8,139,128,87,44,465,29.89,27.53,18.71,9.46
N20000337,Armagh_H5,136,344,480,39.53,71.67,5,476,481,1.04,217,52,479,45.3,10.86,41,168,483,8.49,34.78,42,20,482,8.71,4.15,100,173,100,44,480,20.83,36.04,20.83,9.17
N20000338,Armagh_J2,117,289,406,40.48,71.18,4,402,406,0.99,218,7,406,53.69,1.72,69,96,408,16.91,23.53,25,18,406,6.16,4.43,54,109,121,41,404,13.37,26.98,29.95,10.15
N20000339,Armagh_J3,156,407,563,38.33,72.29,8,553,561,1.43,206,78,561,36.72,13.90,104,146,562,18.51,25.98,37,44,564,6.56,7.8,102,119,127,114,561,18.18,21.21,22.64,20.32
N20000340,Armagh_E4,119,424,543,28.07,78.08,4,538,542,0.74,225,11,543,41.44,2.03,94,145,543,17.31,26.7,31,36,544,5.7,6.62,79,101,214,31,543,14.55,18.6,39.41,5.71
N20000341,Armagh_J4,202,476,678,42.44,70.21,12,666,678,1.77,361,30,677,53.32,4.43,105,207,680,15.44,30.44,62,34,678,9.14,5.01,195,166,127,78,678,28.76,24.48,18.73,11.5
N20000342,Armagh_E5,113,303,416,37.29,72.84,1,415,416,0.24,136,57,412,33.01,13.83,92,98,415,22.17,23.61,24,46,418,5.74,11,55,115,81,90,416,13.22,27.64,19.47,21.63
N20000343,Armagh_J5,188,483,671,38.92,71.98,4,667,671,0.6,283,21,671,42.18,3.13,112,191,670,16.72,28.51,56,38,672,8.33,5.65,142,109,212,48,671,21.16,16.24,31.59,7.15
N20000344,Armagh_K1,146,437,583,33.41,74.96,2,581,583,0.34,227,31,586,38.74,5.29,113,139,583,19.38,23.84,26,39,583,4.46,6.69,72,108,207,64,583,12.35,18.52,35.51,10.98
N20000345,Armagh_J6,151,421,572,35.87,73.6,3,568,571,0.53,257,32,574,44.77,5.57,117,130,571,20.49,22.77,33,37,571,5.78,6.48,76,113,213,69,572,13.29,19.76,37.24,12.06
N20000346,Armagh_K2,181,477,658,37.95,72.49,2,655,657,0.3,305,24,658,46.35,3.65,105,176,659,15.93,26.71,39,43,658,5.93,6.53,111,128,174,102,657,16.89,19.48,26.48,15.53
N20000347,Armagh_K3,152,367,519,41.42,70.71,8,510,518,1.54,227,25,516,43.99,4.84,95,119,518,18.34,22.97,37,30,519,7.13,5.78,85,98,158,80,518,16.41,18.92,30.5,15.44
N20000348,Armagh_L1,166,359,525,46.24,68.38,15,509,524,2.86,212,82,521,40.69,15.74,74,128,523,14.15,24.47,25,33,527,4.74,6.26,82,103,131,124,525,15.62,19.62,24.95,23.62
N20000349,Armagh_L2,99,371,470,26.68,78.94,3,467,470,0.64,124,48,470,26.38,10.21,162,63,471,34.39,13.38,20,73,471,4.25,15.5,30,80,91,136,472,6.36,16.95,19.28,28.81
N20000350,Armagh_L3,206,423,629,48.7,67.25,11,618,629,1.75,239,150,629,38,23.85,105,122,629,16.69,19.4,22,65,629,3.5,10.33,58,140,149,255,627,9.25,22.33,23.76,40.67
N20000351,Armagh_L4,94,337,431,27.89,78.19,3,428,431,0.7,112,60,434,25.81,13.82,130,80,431,30.16,18.56,18,63,431,4.18,14.62,30,75,63,168,431,6.96,17.4,14.62,38.98
N20000352,Armagh_L5,109,471,580,23.14,81.21,2,578,580,0.34,147,66,580,25.34,11.38,189,93,580,32.59,16.03,21,72,580,3.62,12.41,23,87,124,208,582,3.95,14.95,21.31,35.74
N20000353,Armagh_K4,132,380,512,34.74,74.22,4,507,511,0.78,218,38,513,42.5,7.41,85,130,512,16.6,25.39,31,46,511,6.07,9,67,97,167,82,513,13.06,18.91,32.55,15.98
N20000354,Armagh_K5,176,557,733,31.6,75.99,7,729,736,0.95,292,28,735,39.73,3.81,131,174,736,17.8,23.64,45,39,731,6.16,5.34,123,175,246,70,736,16.71,23.78,33.42,9.51
N20000355,Armagh_K6,141,386,527,36.53,73.24,2,525,527,0.38,195,53,525,37.14,10.10,93,128,527,17.65,24.29,34,40,526,6.46,7.6,86,123,144,89,527,16.32,23.34,27.32,16.89
N20000356,Portadown_A1,166,535,701,31.03,76.32,2,699,701,0.29,299,29,701,42.65,4.14,155,136,701,22.11,19.4,45,57,704,6.39,8.1,107,154,147,115,701,15.26,21.97,20.97,16.41
N20000357,Portadown_A2,85,305,390,27.87,78.21,4,388,392,1.02,141,28,392,35.97,7.14,99,58,392,25.26,14.8,13,35,392,3.32,8.93,27,89,137,48,393,6.87,22.65,34.86,12.21
N20000358,Portadown_B1,112,450,562,24.89,80.07,5,557,562,0.89,203,12,561,36.19,2.14,103,176,563,18.29,31.26,51,27,562,9.07,4.8,84,133,135,64,561,14.97,23.71,24.06,11.41
N20000359,Portadown_A3,190,365,555,52.05,65.77,3,552,555,0.54,304,64,556,54.68,11.51,78,143,554,14.08,25.81,37,28,557,6.64,5.03,122,173,105,100,555,21.98,31.17,18.92,18.02
N20000360,Portadown_B2,102,301,403,33.89,74.69,5,398,403,1.24,187,3,405,46.17,0.74,68,103,404,16.83,25.5,35,14,403,8.68,3.47,84,95,129,29,403,20.84,23.57,32.01,7.2
N20000361,Portadown_A4,187,482,669,38.8,72.05,6,663,669,0.9,328,31,671,48.88,4.62,100,183,669,14.95,27.35,71,28,669,10.61,4.19,190,160,153,89,667,28.49,23.99,22.94,13.34
N20000362,Portadown_A5,168,480,648,35,74.07,14,634,648,2.16,277,59,648,42.75,9.10,132,131,648,20.37,20.22,36,56,648,5.56,8.64,100,114,164,125,648,15.43,17.59,25.31,19.29
N20000363,Portadown_B3,141,349,490,40.4,71.22,1,489,490,0.2,239,13,490,48.78,2.65,76,116,490,15.51,23.67,36,24,491,7.33,4.89,79,132,136,58,490,16.12,26.94,27.76,11.84
N20000364,Portadown_B4,148,411,559,36.01,73.52,4,555,559,0.72,242,12,559,43.29,2.15,76,157,556,13.67,28.24,46,28,558,8.24,5.02,111,160,115,55,558,19.89,28.67,20.61,9.86
N20000365,Portadown_B5,135,404,539,33.42,74.95,9,530,539,1.67,241,20,539,44.71,3.71,84,146,539,15.58,27.09,43,29,537,8.01,5.4,128,107,155,51,539,23.75,19.85,28.76,9.46
N20000366,Portadown_B6,107,360,467,29.72,77.09,1,466,467,0.21,161,12,467,34.48,2.57,86,126,469,18.34,26.87,35,28,468,7.48,5.98,91,100,90,47,467,19.49,21.41,19.27,10.06
N20000367,Portadown_J1,139,458,597,30.35,76.72,1,595,596,0.17,253,14,596,42.45,2.35,98,176,597,16.42,29.48,49,38,598,8.19,6.35,127,149,158,59,597,21.27,24.96,26.47,9.88
N20000368,Portadown_R1,210,458,668,45.85,68.56,9,658,667,1.35,253,84,668,37.87,12.57,164,118,668,24.55,17.66,25,38,668,3.74,5.69,59,199,139,221,668,8.83,29.79,20.81,33.08
N20000369,Portadown_J2,176,478,654,36.82,73.09,5,650,655,0.76,329,30,656,50.15,4.57,111,164,655,16.95,25.04,67,34,654,10.24,5.2,141,162,197,55,653,21.59,24.81,30.17,8.42
N20000370,Portadown_C1,131,286,417,45.8,68.59,7,408,415,1.69,192,52,415,46.27,12.53,66,72,411,16.06,17.52,22,16,415,5.3,3.86,50,155,106,79,415,12.05,37.35,25.54,19.04
N20000371,Portadown_D1,149,462,611,32.25,75.61,4,605,609,0.66,162,125,607,26.69,20.59,190,72,609,31.2,11.82,13,93,610,2.13,15.25,41,103,99,244,609,6.73,16.91,16.26,40.07
N20000372,Portadown_C2,195,457,652,42.67,70.09,11,641,652,1.69,291,74,652,44.63,11.35,82,166,651,12.6,25.5,55,35,651,8.45,5.38,152,140,176,95,653,23.28,21.44,26.95,14.55
N20000373,Portadown_D2,165,415,580,39.76,71.55,4,576,580,0.69,199,106,579,34.37,18.31,175,79,580,30.17,13.62,14,71,580,2.41,12.24,20,123,130,186,580,3.45,21.21,22.41,32.07
N20000374,Portadown_C3,67,299,366,22.41,81.69,6,359,365,1.64,52,42,365,14.25,11.51,121,64,364,33.24,17.58,11,39,365,3.01,10.68,27,59,52,115,366,7.38,16.12,14.21,31.42
N20000375,Portadown_D3,111,214,325,51.87,65.85,15,310,325,4.62,76,107,326,23.31,32.82,123,25,324,37.96,7.72,2,78,325,0.62,24,10,49,32,197,326,3.07,15.03,9.82,60.43
N20000376,Portadown_D4,82,195,277,42.05,70.4,4,273,277,1.44,58,65,277,20.94,23.47,93,18,274,33.94,6.57,2,49,276,0.72,17.75,14,29,29,179,277,5.05,10.47,10.47,64.62
N20000377,Portadown_F1,97,376,473,25.8,79.49,6,467,473,1.27,132,60,474,27.85,12.66,127,108,472,26.91,22.88,29,41,473,6.13,8.67,53,73,125,144,474,11.18,15.4,26.37,30.38
N20000378,Portadown_E1,90,319,409,28.21,78,9,400,409,2.2,154,16,410,37.56,3.90,99,71,409,24.21,17.36,28,46,410,6.83,11.22,55,92,101,99,409,13.45,22.49,24.69,24.21
N20000379,Portadown_D5,172,485,657,35.46,73.82,8,649,657,1.22,156,94,656,23.78,14.33,229,71,657,34.86,10.81,6,88,651,0.92,13.52,26,101,74,363,657,3.96,15.37,11.26,55.25
N20000380,Portadown_C4,120,267,387,44.94,68.99,2,385,387,0.52,171,56,387,44.19,14.47,83,83,387,21.45,21.45,20,22,390,5.13,5.64,48,98,70,90,387,12.4,25.32,18.09,23.26
N20000381,Portadown_E2,177,399,576,44.36,69.27,11,563,574,1.92,237,90,576,41.15,15.63,137,90,576,23.78,15.63,20,41,577,3.47,7.11,48,128,124,247,576,8.33,22.22,21.53,42.88
N20000382,Portadown_E3,155,436,591,35.55,73.77,10,581,591,1.69,143,61,591,24.2,10.32,222,67,592,37.5,11.32,5,63,591,0.85,10.66,9,93,125,286,591,1.52,15.74,21.15,48.39
N20000383,Portadown_R2,147,508,655,28.94,77.56,8,648,656,1.22,279,18,656,42.53,2.74,130,186,654,19.88,28.44,71,30,654,10.86,4.59,127,142,129,82,655,19.39,21.68,19.69,12.52
N20000384,Portadown_H1,134,516,650,25.97,79.38,5,645,650,0.77,281,31,649,43.3,4.78,113,219,649,17.41,33.74,72,52,650,11.08,8,119,172,91,96,650,18.31,26.46,14,14.77
N20000385,Portadown_G1,83,261,344,31.8,75.87,6,338,344,1.74,98,53,343,28.57,15.45,110,29,345,31.88,8.41,3,40,344,0.87,11.63,8,44,50,168,344,2.33,12.79,14.53,48.84
N20000386,Portadown_E4,74,363,437,20.39,83.07,2,435,437,0.46,79,61,438,18.04,13.93,171,51,439,38.95,11.62,10,72,440,2.27,16.36,9,59,80,211,437,2.06,13.5,18.31,48.28
N20000387,Portadown_G2,52,241,293,21.58,82.25,4,286,290,1.38,60,43,295,20.34,14.58,119,33,295,40.34,11.19,9,51,291,3.09,17.53,7,49,70,89,291,2.41,16.84,24.05,30.58
N20000388,Portadown_G3,98,285,383,34.39,74.41,4,379,383,1.04,124,57,381,32.55,14.96,126,35,383,32.9,9.14,2,51,383,0.52,13.32,17,62,71,166,385,4.42,16.1,18.44,43.12
N20000389,Portadown_K1,209,492,701,42.48,70.19,8,693,701,1.14,280,116,699,40.06,16.60,155,107,702,22.08,15.24,17,41,701,2.43,5.85,34,165,181,252,701,4.85,23.54,25.82,35.95
N20000390,Portadown_G4,101,336,437,30.06,76.89,7,429,436,1.61,111,77,437,25.4,17.62,152,55,437,34.78,12.59,12,63,437,2.75,14.42,17,38,99,222,438,3.88,8.68,22.6,50.68
N20000391,Portadown_G5,69,206,275,33.5,74.91,4,271,275,1.45,60,54,275,21.82,19.64,95,33,275,34.55,12,3,31,275,1.09,11.27,0,49,46,120,278,0,17.63,16.55,43.17
N20000392,Portadown_H2,104,432,536,24.07,80.6,9,527,536,1.68,135,56,536,25.19,10.45,206,61,536,38.43,11.38,22,57,538,4.09,10.59,26,87,93,180,536,4.85,16.23,17.35,33.58
N20000393,Portadown_F2,66,394,460,16.75,85.65,9,451,460,1.96,99,14,459,21.57,3.05,139,112,461,30.15,24.3,33,56,460,7.17,12.17,40,76,102,109,460,8.7,16.52,22.17,23.7
N20000394,Portadown_G6,62,248,310,25,80,2,308,310,0.65,92,35,307,29.97,11.40,102,39,310,32.9,12.58,7,34,310,2.26,10.97,9,59,60,111,309,2.91,19.09,19.42,35.92
N20000395,Portadown_F3,78,465,543,16.77,85.64,10,532,542,1.85,78,42,541,14.42,7.76,223,100,543,41.07,18.42,16,61,541,2.96,11.28,16,44,145,269,542,2.95,8.12,26.75,49.63
N20000396,Portadown_K2,118,311,429,37.94,72.49,9,422,431,2.09,133,74,429,31,17.25,143,40,430,33.26,9.3,5,51,430,1.16,11.86,16,64,69,213,430,3.72,14.88,16.05,49.53
N20000397,Portadown_H3,112,603,715,18.57,84.34,10,705,715,1.4,216,19,716,30.17,2.65,134,210,715,18.74,29.37,80,34,714,11.2,4.76,74,210,117,59,715,10.35,29.37,16.36,8.25
N20000398,Portadown_L1,99,359,458,27.58,78.38,5,452,457,1.09,120,62,456,26.32,13.60,146,60,459,31.81,13.07,12,45,457,2.63,9.85,43,59,93,190,458,9.39,12.88,20.31,41.48
N20000399,Portadown_K3,114,328,442,34.76,74.21,6,436,442,1.36,117,71,440,26.59,16.14,134,47,442,30.32,10.63,8,42,441,1.81,9.52,10,37,85,233,442,2.26,8.37,19.23,52.71
N20000400,Portadown_L2,73,385,458,18.96,84.06,7,451,458,1.53,62,40,457,13.57,8.75,162,78,460,35.22,16.96,14,59,460,3.04,12.83,43,49,80,230,458,9.39,10.7,17.47,50.22
N20000401,Portadown_J3,164,471,635,34.82,74.17,8,628,636,1.26,249,54,634,39.27,8.52,123,156,633,19.43,24.64,44,30,634,6.94,4.73,105,185,176,73,635,16.54,29.13,27.72,11.5
N20000402,Portadown_K4,252,535,787,47.1,67.98,10,777,787,1.27,365,74,787,46.38,9.40,157,134,787,19.95,17.03,26,53,786,3.31,6.74,96,183,187,258,787,12.2,23.25,23.76,32.78
N20000403,Portadown_L3,102,357,459,28.57,77.78,4,456,460,0.87,129,54,459,28.1,11.76,157,68,457,34.35,14.88,11,57,460,2.39,12.39,13,74,95,229,459,2.83,16.12,20.7,49.89
N20000404,Portadown_N1,128,501,629,25.55,79.65,21,607,628,3.34,173,56,628,27.55,8.92,169,110,630,26.83,17.46,35,49,630,5.56,7.78,43,118,134,166,629,6.84,18.76,21.3,26.39
N20000405,Portadown_N2,133,361,494,36.84,73.08,9,485,494,1.82,187,44,494,37.85,8.91,100,116,494,20.24,23.48,38,15,494,7.69,3.04,48,112,122,98,496,9.68,22.58,24.6,19.76
N20000406,Portadown_P1,60,234,294,25.64,79.59,3,291,294,1.02,76,35,295,25.76,11.86,95,54,294,32.31,18.37,12,22,293,4.1,7.51,25,60,49,71,295,8.47,20.34,16.61,24.07
N20000407,Portadown_N3,101,302,403,33.44,74.94,6,397,403,1.49,150,40,405,37.04,9.88,99,70,403,24.57,17.37,19,39,403,4.71,9.68,31,111,80,91,402,7.71,27.61,19.9,22.64
N20000408,Portadown_J4,57,264,321,21.59,82.24,6,315,321,1.87,72,36,324,22.22,11.11,69,68,321,21.5,21.18,14,49,321,4.36,15.26,36,68,59,79,321,11.21,21.18,18.38,24.61
N20000409,Portadown_P2,46,192,238,23.96,80.67,0,238,238,0,42,37,238,17.65,15.55,74,30,238,31.09,12.61,9,26,238,3.78,10.92,6,32,36,58,239,2.51,13.39,15.06,24.27
N20000410,Portadown_P3,83,270,353,30.74,76.49,6,347,353,1.7,103,51,352,29.26,14.49,110,50,354,31.07,14.12,5,32,353,1.42,9.07,11,56,85,141,353,3.12,15.86,24.08,39.94
N20000411,Portadown_L4,105,421,526,24.94,80.04,8,518,526,1.52,167,48,528,31.63,9.09,142,108,526,27,20.53,22,50,526,4.18,9.51,47,132,103,177,526,8.94,25.1,19.58,33.65
N20000412,Portadown_P4,115,409,524,28.12,78.05,2,522,524,0.38,189,53,520,36.35,10.19,126,100,524,24.05,19.08,21,32,527,3.98,6.07,36,155,128,96,523,6.88,29.64,24.47,18.36
N20000413,Portadown_Q1,217,490,707,44.29,69.31,10,697,707,1.41,316,94,708,44.63,13.28,131,135,707,18.53,19.09,36,40,704,5.11,5.68,77,171,155,255,710,10.85,24.08,21.83,35.92
N20000414,Portadown_Q2,124,348,472,35.63,73.73,4,468,472,0.85,220,35,471,46.71,7.43,45,146,471,9.55,31,46,18,470,9.79,3.83,100,170,102,56,472,21.19,36.02,21.61,11.86
N20000415,Portadown_Q3,113,332,445,34.04,74.61,7,438,445,1.57,197,60,444,44.37,13.51,51,119,445,11.46,26.74,31,10,445,6.97,2.25,71,155,112,82,445,15.96,34.83,25.17,18.43
N20000416,Portadown_R3,135,506,641,26.68,78.94,8,633,641,1.25,197,57,640,30.78,8.91,95,209,641,14.82,32.61,58,46,642,9.03,7.17,118,180,137,62,640,18.44,28.13,21.41,9.69
N20000417,Portadown_Q4,107,471,578,22.72,81.49,8,571,579,1.38,195,38,579,33.68,6.56,101,140,579,17.44,24.18,38,29,576,6.6,5.03,87,159,106,115,579,15.03,27.46,18.31,19.86
N20000418,Portadown_J5,160,551,711,29.04,77.5,3,711,714,0.42,309,14,714,43.28,1.96,122,228,714,17.09,31.93,67,36,714,9.38,5.04,176,158,117,82,714,24.65,22.13,16.39,11.48
N20000419,Portadown_R4,73,411,484,17.76,84.92,3,481,484,0.62,150,18,483,31.06,3.73,102,129,485,21.03,26.6,47,40,485,9.69,8.25,74,116,88,38,484,15.29,23.97,18.18,7.85
N20000420,Portadown_R5,106,367,473,28.88,77.59,3,470,473,0.63,187,8,474,39.45,1.69,81,148,473,17.12,31.29,52,16,476,10.92,3.36,98,111,92,30,473,20.72,23.47,19.45,6.34
N20000421,Craigavon_A1,210,502,712,41.83,70.51,8,704,712,1.12,368,39,711,51.76,5.49,91,193,713,12.76,27.07,58,21,712,8.15,2.95,165,213,142,80,712,23.17,29.92,19.94,11.24
N20000422,Craigavon_A2,187,609,796,30.71,76.51,6,791,797,0.75,330,18,797,41.41,2.26,143,230,798,17.92,28.82,84,42,796,10.55,5.28,188,173,224,76,796,23.62,21.73,28.14,9.55
N20000423,Craigavon_A3,191,587,778,32.54,75.45,9,769,778,1.16,338,20,779,43.39,2.57,153,189,778,19.67,24.29,70,48,778,9,6.17,167,194,166,94,778,21.47,24.94,21.34,12.08
N20000424,Craigavon_A4,181,613,794,29.53,77.2,13,781,794,1.64,373,13,795,46.92,1.64,123,242,793,15.51,30.52,73,36,794,9.19,4.53,200,192,178,98,794,25.19,24.18,22.42,12.34
N20000425,Craigavon_B1,110,208,318,52.88,65.41,12,306,318,3.77,146,55,319,45.77,17.24,34,80,318,10.69,25.16,34,15,318,10.69,4.72,65,88,60,94,318,20.44,27.67,18.87,29.56
N20000426,Craigavon_B2,181,367,548,49.32,66.97,7,543,550,1.27,290,44,550,52.73,8.00,66,141,549,12.02,25.68,34,16,550,6.18,2.91,91,195,174,62,550,16.55,35.45,31.64,11.27
N20000427,Craigavon_B3,122,471,593,25.9,79.43,10,583,593,1.69,206,43,593,34.74,7.25,100,161,593,16.86,27.15,63,39,593,10.62,6.58,139,156,93,80,592,23.48,26.35,15.71,13.51
N20000428,Craigavon_B4,192,662,854,29,77.52,16,839,855,1.87,298,64,853,34.94,7.50,166,210,853,19.46,24.62,57,41,854,6.67,4.8,94,262,141,181,854,11.01,30.68,16.51,21.19
N20000429,Craigavon_B5,93,275,368,33.82,74.73,12,356,368,3.26,94,64,367,25.61,17.44,68,58,369,18.43,15.72,11,27,368,2.99,7.34,28,71,62,119,368,7.61,19.29,16.85,32.34
N20000430,Craigavon_C1,118,336,454,35.12,74.01,7,447,454,1.54,237,26,453,52.32,5.74,59,146,453,13.02,32.23,40,21,457,8.75,4.6,104,140,92,50,454,22.91,30.84,20.26,11.01
N20000431,Craigavon_E1,151,369,520,40.92,70.96,12,508,520,2.31,147,116,521,28.21,22.26,184,36,521,35.32,6.91,4,99,522,0.77,18.97,4,51,89,291,520,0.77,9.81,17.12,55.96
N20000432,Craigavon_E2,172,404,576,42.57,70.14,16,560,576,2.78,153,133,573,26.7,23.21,201,47,576,34.9,8.16,7,108,575,1.22,18.78,20,63,83,320,575,3.48,10.96,14.43,55.65
N20000433,Craigavon_C2,211,508,719,41.54,70.65,11,708,719,1.53,330,75,718,45.96,10.45,117,188,719,16.27,26.15,52,23,719,7.23,3.2,121,212,189,133,719,16.83,29.49,26.29,18.5
N20000434,Craigavon_D1,213,400,613,53.25,65.25,23,590,613,3.75,203,127,614,33.06,20.68,168,64,612,27.45,10.46,12,87,610,1.97,14.26,17,82,117,316,613,2.77,13.38,19.09,51.55
N20000435,Craigavon_D2,207,492,699,42.07,70.39,19,680,699,2.72,262,136,699,37.48,19.46,128,138,699,18.31,19.74,33,64,699,4.72,9.16,99,171,185,203,699,14.16,24.46,26.47,29.04
N20000436,Craigavon_F1,130,350,480,37.14,72.92,5,476,481,1.04,291,15,480,60.63,3.13,47,122,478,9.83,25.52,30,16,478,6.28,3.35,68,157,136,88,481,14.14,32.64,28.27,18.3
N20000437,Craigavon_D3,76,292,368,26.03,79.35,12,356,368,3.26,104,41,370,28.11,11.08,129,42,367,35.15,11.44,11,59,368,2.99,16.03,16,55,54,150,366,4.37,15.03,14.75,40.98
N20000438,Craigavon_F2,105,258,363,40.7,71.07,2,361,363,0.55,174,35,362,48.07,9.67,60,85,363,16.53,23.42,18,10,365,4.93,2.74,39,117,122,71,363,10.74,32.23,33.61,19.56
N20000439,Craigavon_E3,117,340,457,34.41,74.4,10,447,457,2.19,112,105,459,24.4,22.88,154,55,457,33.7,12.04,10,92,457,2.19,20.13,28,51,75,208,457,6.13,11.16,16.41,45.51
N20000440,Craigavon_C3,101,305,406,33.11,75.12,23,383,406,5.67,113,63,405,27.9,15.56,112,61,406,27.59,15.02,11,48,406,2.71,11.82,13,61,70,182,406,3.2,15.02,17.24,44.83
N20000441,Craigavon_C4,96,352,448,27.27,78.57,5,443,448,1.12,147,38,448,32.81,8.48,102,86,448,22.77,19.2,24,33,448,5.36,7.37,24,76,104,129,448,5.36,16.96,23.21,28.79
N20000442,Craigavon_E4,145,327,472,44.34,69.28,13,458,471,2.76,167,101,471,35.46,21.44,134,52,471,28.45,11.04,9,64,471,1.91,13.59,23,64,101,222,471,4.88,13.59,21.44,47.13
N20000443,Craigavon_F3,136,306,442,44.44,69.23,0,443,443,0,249,32,444,56.08,7.21,44,153,443,9.93,34.54,47,12,443,10.61,2.71,104,161,94,67,443,23.48,36.34,21.22,15.12
N20000444,Craigavon_F4,126,282,408,44.68,69.12,5,403,408,1.23,175,40,408,42.89,9.80,59,92,411,14.36,22.38,14,11,411,3.41,2.68,26,125,128,126,408,6.37,30.64,31.37,30.88
N20000445,Craigavon_E5,145,375,520,38.67,72.12,12,508,520,2.31,151,95,520,29.04,18.27,121,86,520,23.27,16.54,24,78,520,4.62,15,51,84,82,222,520,9.81,16.15,15.77,42.69
N20000446,Craigavon_J1,192,475,667,40.42,71.21,9,658,667,1.35,285,58,668,42.66,8.68,91,176,667,13.64,26.39,51,23,668,7.63,3.44,108,210,163,118,667,16.19,31.48,24.44,17.69
N20000447,Craigavon_F5,126,393,519,32.06,75.72,9,510,519,1.73,239,26,519,46.05,5.01,67,145,519,12.91,27.94,37,15,518,7.14,2.9,94,170,123,106,519,18.11,32.76,23.7,20.42
N20000448,Craigavon_G1,193,389,582,49.61,66.84,14,568,582,2.41,298,77,582,51.2,13.23,79,119,582,13.57,20.45,30,21,583,5.15,3.6,62,154,206,126,582,10.65,26.46,35.4,21.65
N20000449,Craigavon_G2,143,273,416,52.38,65.63,17,396,413,4.12,159,91,413,38.5,22.03,86,71,413,20.82,17.19,15,37,412,3.64,8.98,39,84,97,150,413,9.44,20.34,23.49,36.32
N20000450,Craigavon_H1,39,274,313,14.23,87.54,2,311,313,0.64,88,10,313,28.12,3.19,56,103,313,17.89,32.91,30,19,313,9.58,6.07,49,85,52,33,314,15.61,27.07,16.56,10.51
N20000451,Craigavon_J2,198,524,722,37.79,72.58,6,716,722,0.83,299,68,722,41.41,9.42,93,179,720,12.92,24.86,43,21,722,5.96,2.91,118,246,114,126,722,16.34,34.07,15.79,17.45
N20000452,Craigavon_G3,118,304,422,38.82,72.04,8,414,422,1.9,181,69,422,42.89,16.35,57,98,425,13.41,23.06,22,31,422,5.21,7.35,65,94,113,116,422,15.4,22.27,26.78,27.49
N20000453,Craigavon_G4,251,350,601,71.71,58.24,15,586,601,2.5,335,116,601,55.74,19.30,90,99,601,14.98,16.47,32,29,601,5.32,4.83,77,158,176,183,602,12.79,26.25,29.24,30.4
N20000454,Craigavon_G5,85,234,319,36.32,73.35,6,317,323,1.86,120,46,325,36.92,14.15,85,44,322,26.4,13.66,11,24,322,3.42,7.45,9,80,61,111,322,2.8,24.84,18.94,34.47
N20000455,Craigavon_F6,122,336,458,36.31,73.36,3,455,458,0.66,239,15,453,52.76,3.31,50,166,458,10.92,36.24,64,18,455,14.07,3.96,132,124,89,38,458,28.82,27.07,19.43,8.3
N20000456,Craigavon_H2,101,321,422,31.46,76.07,6,416,422,1.42,192,18,422,45.5,4.27,53,128,424,12.5,30.19,43,16,422,10.19,3.79,88,106,85,57,422,20.85,25.12,20.14,13.51
N20000457,Craigavon_J3,131,488,619,26.84,78.84,8,611,619,1.29,218,40,619,35.22,6.46,96,209,619,15.51,33.76,69,38,617,11.18,6.16,133,141,85,71,619,21.49,22.78,13.73,11.47
N20000458,Craigavon_L1,78,326,404,23.93,80.69,4,400,404,0.99,126,17,404,31.19,4.21,88,90,404,21.78,22.28,31,30,405,7.65,7.41,41,87,115,50,403,10.17,21.59,28.54,12.41
N20000459,Craigavon_H3,82,335,417,24.48,80.34,2,415,417,0.48,137,24,416,32.93,5.77,86,106,417,20.62,25.42,32,29,416,7.69,6.97,55,108,52,93,417,13.19,25.9,12.47,22.3
N20000460,Craigavon_H4,181,525,706,34.48,74.36,7,699,706,0.99,320,52,706,45.33,7.37,70,225,706,9.92,31.87,69,32,706,9.77,4.53,127,240,145,96,706,17.99,33.99,20.54,13.6
N20000461,Craigavon_J4,217,439,656,49.43,66.92,10,646,656,1.52,374,66,657,56.93,10.05,50,228,656,7.62,34.76,66,15,656,10.06,2.29,166,246,118,108,656,25.3,37.5,17.99,16.46
N20000462,Craigavon_N1,101,390,491,25.9,79.43,6,483,489,1.23,180,28,489,36.81,5.73,55,200,489,11.25,40.9,78,20,489,15.95,4.09,136,172,34,29,487,27.93,35.32,6.98,5.95
N20000463,Craigavon_K1,51,363,414,14.05,87.68,14,400,414,3.38,89,14,414,21.5,3.38,89,117,413,21.55,28.33,38,41,414,9.18,9.9,57,86,54,41,415,13.73,20.72,13.01,9.88
N20000464,Craigavon_N2,128,396,524,32.32,75.57,5,519,524,0.95,244,14,523,46.65,2.68,39,223,523,7.46,42.64,102,11,524,19.47,2.1,212,122,37,16,524,40.46,23.28,7.06,3.05
N20000465,Craigavon_L2,58,184,242,31.52,76.03,4,237,241,1.66,86,17,241,35.68,7.05,55,38,242,22.73,15.7,10,26,241,4.15,10.79,15,50,47,65,241,6.22,20.75,19.5,26.97
N20000466,Craigavon_K2,117,387,504,30.23,76.79,9,495,504,1.79,137,84,502,27.29,16.73,161,69,504,31.94,13.69,10,72,504,1.98,14.29,7,66,115,212,504,1.39,13.1,22.82,42.06
N20000467,Craigavon_L3,125,360,485,34.72,74.23,8,477,485,1.65,215,30,485,44.33,6.19,73,114,486,15.02,23.46,33,20,485,6.8,4.12,87,139,140,63,486,17.9,28.6,28.81,12.96
N20000468,Craigavon_K3,106,354,460,29.94,76.96,7,453,460,1.52,118,63,460,25.65,13.70,134,76,459,29.19,16.56,18,34,460,3.91,7.39,27,81,99,171,460,5.87,17.61,21.52,37.17
N20000469,Craigavon_P1,105,468,573,22.44,81.68,8,565,573,1.4,165,51,573,28.8,8.90,91,177,572,15.91,30.94,60,29,570,10.53,5.09,108,142,95,50,571,18.91,24.87,16.64,8.76
N20000470,Craigavon_N3,135,331,466,40.79,71.03,3,463,466,0.64,230,26,468,49.15,5.56,54,126,466,11.59,27.04,42,12,466,9.01,2.58,94,125,105,69,467,20.13,26.77,22.48,14.78
N20000471,Craigavon_N4,196,436,632,44.95,68.99,5,626,631,0.79,380,24,631,60.22,3.80,57,211,632,9.02,33.39,74,21,631,11.73,3.33,210,210,88,66,631,33.28,33.28,13.95,10.46
N20000472,Craigavon_N5,132,479,611,27.56,78.4,8,603,611,1.31,222,42,613,36.22,6.85,127,130,611,20.79,21.28,44,39,611,7.2,6.38,87,148,121,107,611,14.24,24.22,19.8,17.51
N20000473,Craigavon_L4,116,349,465,33.24,75.05,5,461,466,1.07,192,20,466,41.2,4.29,57,160,466,12.23,34.33,57,24,466,12.23,5.15,120,146,92,38,466,25.75,31.33,19.74,8.15
N20000474,Craigavon_P2,139,585,724,23.76,80.8,5,719,724,0.69,295,14,722,40.86,1.94,119,227,723,16.46,31.4,64,39,725,8.83,5.38,153,182,159,75,724,21.13,25.14,21.96,10.36
N20000475,Craigavon_P3,171,477,648,35.85,73.61,2,646,648,0.31,332,5,647,51.31,0.77,45,247,648,6.94,38.12,84,15,648,12.96,2.31,243,141,138,36,648,37.5,21.76,21.3,5.56
N20000476,Lurgan_A1,155,414,569,37.44,72.76,4,565,569,0.7,271,22,569,47.63,3.87,80,156,569,14.06,27.42,47,30,573,8.2,5.24,146,145,146,42,568,25.7,25.53,25.7,7.39
N20000477,Lurgan_B1,151,415,566,36.39,73.32,6,560,566,1.06,238,44,566,42.05,7.77,85,124,566,15.02,21.91,33,30,566,5.83,5.3,101,148,166,72,566,17.84,26.15,29.33,12.72
N20000478,Lurgan_A2,165,453,618,36.42,73.3,15,603,618,2.43,280,25,618,45.31,4.05,89,184,619,14.38,29.73,49,36,618,7.93,5.83,167,177,148,39,617,27.07,28.69,23.99,6.32
N20000479,Lurgan_A3,87,295,382,29.49,77.23,7,375,382,1.83,138,43,384,35.94,11.20,106,56,381,27.82,14.7,12,35,380,3.16,9.21,39,75,114,70,382,10.21,19.63,29.84,18.32
N20000480,Lurgan_A4,148,330,478,44.85,69.04,4,474,478,0.84,258,41,478,53.97,8.58,43,127,478,9,26.57,31,10,476,6.51,2.1,110,168,122,48,478,23.01,35.15,25.52,10.04
N20000481,Lurgan_B2,146,516,662,28.29,77.95,0,661,661,0,268,16,660,40.61,2.42,129,180,665,19.4,27.07,64,47,662,9.67,7.1,142,108,167,65,663,21.42,16.29,25.19,9.8
N20000482,Lurgan_A5,185,592,777,31.25,76.19,9,768,777,1.16,310,29,776,39.95,3.74,104,254,777,13.38,32.69,113,33,777,14.54,4.25,215,178,131,84,777,27.67,22.91,16.86,10.81
N20000483,Lurgan_C1,228,453,681,50.33,66.52,3,679,682,0.44,431,32,682,63.2,4.69,41,271,682,6.01,39.74,99,11,682,14.52,1.61,305,232,87,21,682,44.72,34.02,12.76,3.08
N20000484,Lurgan_C2,105,447,552,23.49,80.98,7,545,552,1.27,198,42,553,35.8,7.59,76,174,553,13.74,31.46,44,27,553,7.96,4.88,130,154,99,82,552,23.55,27.9,17.93,14.86
N20000485,Lurgan_D1,200,432,632,46.3,68.35,9,623,632,1.42,318,63,632,50.32,9.97,96,151,632,15.19,23.89,49,17,631,7.77,2.69,148,179,87,116,632,23.42,28.32,13.77,18.35
N20000486,Lurgan_D2,169,405,574,41.73,70.56,7,567,574,1.22,332,21,574,57.84,3.66,57,168,576,9.9,29.17,69,20,574,12.02,3.48,148,157,152,79,573,25.83,27.4,26.53,13.79
N20000487,Lurgan_C3,99,441,540,22.45,81.67,4,536,540,0.74,222,2,543,40.88,0.37,71,180,541,13.12,33.27,61,21,540,11.3,3.89,172,149,106,30,540,31.85,27.59,19.63,5.56
N20000488,Lurgan_B3,137,407,544,33.66,74.82,9,535,544,1.65,262,32,544,48.16,5.88,64,201,545,11.74,36.88,93,22,545,17.06,4.04,194,112,71,44,544,35.66,20.59,13.05,8.09
N20000489,Lurgan_D3,97,350,447,27.71,78.3,4,438,442,0.9,132,52,442,29.86,11.76,100,95,442,22.62,21.49,23,36,441,5.22,8.16,43,124,96,61,442,9.73,28.05,21.72,13.8
N20000490,Lurgan_E1,199,587,786,33.9,74.68,12,773,785,1.53,147,196,784,18.75,25.00,256,73,785,32.61,9.3,14,145,785,1.78,18.47,29,90,119,411,786,3.69,11.45,15.14,52.29
N20000491,Lurgan_E2,105,332,437,31.63,75.97,7,430,437,1.6,80,99,437,18.31,22.65,162,39,438,36.99,8.9,8,66,436,1.83,15.14,30,49,97,164,437,6.86,11.21,22.2,37.53
N20000492,Lurgan_E3,97,432,529,22.45,81.66,8,521,529,1.51,144,51,530,27.17,9.62,129,118,529,24.39,22.31,28,42,529,5.29,7.94,45,146,106,113,529,8.51,27.6,20.04,21.36
N20000493,Lurgan_C4,63,530,593,11.89,89.38,6,587,593,1.01,121,15,594,20.37,2.53,72,273,593,12.14,46.04,97,25,593,16.36,4.22,157,122,64,49,593,26.48,20.57,10.79,8.26
N20000494,Lurgan_E4,150,465,615,32.26,75.61,11,604,615,1.79,118,120,615,19.19,19.51,246,60,615,40,9.76,7,115,614,1.14,18.73,11,90,112,238,614,1.79,14.66,18.24,38.76
N20000495,Lurgan_D4,236,415,651,56.87,63.75,11,639,650,1.69,394,74,652,60.43,11.35,60,164,652,9.2,25.15,52,17,650,8,2.62,185,199,168,81,653,28.33,30.47,25.73,12.4
N20000496,Lurgan_F1,144,527,671,27.32,78.54,12,656,668,1.8,218,72,671,32.49,10.73,118,182,671,17.59,27.12,52,37,671,7.75,5.51,109,188,110,146,670,16.27,28.06,16.42,21.79
N20000497,Lurgan_F2,160,307,467,52.12,65.74,6,461,467,1.28,313,18,464,67.46,3.88,21,169,467,4.5,36.19,72,11,467,15.42,2.36,182,144,90,35,467,38.97,30.84,19.27,7.49
N20000498,Lurgan_E5,104,386,490,26.94,78.78,4,487,491,0.81,86,72,489,17.59,14.72,173,70,490,35.31,14.29,15,66,490,3.06,13.47,35,69,76,253,490,7.14,14.08,15.51,51.63
N20000499,Lurgan_D5,208,347,555,59.94,62.52,12,544,556,2.16,307,86,555,55.32,15.50,58,99,557,10.41,17.77,35,19,555,6.31,3.42,106,145,150,128,555,19.1,26.13,27.03,23.06
N20000500,Lurgan_F3,87,311,398,27.97,78.14,4,394,398,1.01,100,40,398,25.13,10.05,95,77,397,23.93,19.4,21,43,398,5.28,10.8,53,91,91,113,397,13.35,22.92,22.92,28.46
N20000501,Lurgan_H1,184,364,548,50.55,66.42,10,538,548,1.82,363,29,551,65.88,5.26,28,208,548,5.11,37.96,68,11,548,12.41,2.01,160,258,97,18,548,29.2,47.08,17.7,3.28
N20000502,Lurgan_H2,95,354,449,26.84,78.84,7,442,449,1.56,185,21,449,41.2,4.68,56,151,449,12.47,33.63,47,17,451,10.42,3.77,101,155,75,48,447,22.6,34.68,16.78,10.74
N20000503,Lurgan_G1,58,349,407,16.62,85.75,2,405,407,0.49,101,9,408,24.75,2.21,127,86,407,31.2,21.13,27,56,407,6.63,13.76,43,91,59,58,407,10.57,22.36,14.5,14.25
N20000504,Lurgan_F4,83,273,356,30.4,76.69,4,352,356,1.12,99,49,356,27.81,13.76,96,47,357,26.89,13.17,12,46,357,3.36,12.89,24,49,87,158,356,6.74,13.76,24.44,44.38
N20000505,Lurgan_G2,46,296,342,15.54,86.55,1,341,342,0.29,57,29,340,16.76,8.53,124,65,341,36.36,19.06,10,54,345,2.9,15.65,8,51,61,151,342,2.34,14.91,17.84,44.15
N20000506,Lurgan_G3,116,386,502,30.05,76.89,5,497,502,1,108,68,502,21.51,13.55,153,67,502,30.48,13.35,16,78,500,3.2,15.6,39,72,112,229,502,7.77,14.34,22.31,45.62
N20000507,Lurgan_H3,165,495,660,33.33,75,9,652,661,1.36,244,89,660,36.97,13.48,136,154,660,20.61,23.33,50,51,659,7.59,7.74,84,184,101,173,660,12.73,27.88,15.3,26.21
N20000508,Lurgan_F5,84,302,386,27.81,78.24,10,378,388,2.58,78,68,388,20.1,17.53,129,45,389,33.16,11.57,10,56,388,2.58,14.43,16,71,74,152,388,4.12,18.3,19.07,39.18
N20000509,Lurgan_G4,75,259,334,28.96,77.54,8,326,334,2.4,40,70,333,12.01,21.02,121,38,335,36.12,11.34,8,53,334,2.4,15.87,21,42,50,176,332,6.33,12.65,15.06,53.01
N20000510,Lurgan_J1,163,456,619,35.75,73.67,9,611,620,1.45,282,23,619,45.56,3.72,77,165,619,12.44,26.66,57,26,622,9.16,4.18,131,191,131,77,619,21.16,30.86,21.16,12.44
N20000511,Lurgan_F6,115,420,535,27.38,78.5,9,524,533,1.69,144,57,534,26.97,10.67,172,71,533,32.27,13.32,15,70,535,2.8,13.08,43,106,113,147,536,8.02,19.78,21.08,27.43
N20000512,Lurgan_K1,120,393,513,30.53,76.61,8,505,513,1.56,147,69,513,28.65,13.45,148,94,513,28.85,18.32,18,73,514,3.5,14.2,34,70,116,230,514,6.61,13.62,22.57,44.75
N20000513,Lurgan_H4,99,285,384,34.74,74.22,5,379,384,1.3,191,24,384,49.74,6.25,56,124,385,14.55,32.21,52,10,384,13.54,2.6,134,90,48,41,383,34.99,23.5,12.53,10.7
N20000514,Lurgan_P1,135,352,487,38.35,72.28,7,480,487,1.44,203,39,487,41.68,8.01,73,126,490,14.9,25.71,37,22,487,7.6,4.52,90,149,115,73,487,18.48,30.6,23.61,14.99
N20000515,Lurgan_K2,117,409,526,28.61,77.76,11,515,526,2.09,122,104,526,23.19,19.77,144,79,523,27.53,15.11,17,56,527,3.23,10.63,37,67,106,211,527,7.02,12.71,20.11,40.04
N20000516,Lurgan_L1,86,387,473,22.22,81.82,9,464,473,1.9,109,64,473,23.04,13.53,169,64,473,35.73,13.53,11,75,473,2.33,15.86,16,61,69,184,473,3.38,12.9,14.59,38.9
N20000517,Lurgan_J2,103,391,494,26.34,79.15,11,483,494,2.23,135,51,493,27.38,10.34,109,92,494,22.06,18.62,17,49,494,3.44,9.92,49,97,110,129,494,9.92,19.64,22.27,26.11
N20000518,Lurgan_J3,80,380,460,21.05,82.61,7,453,460,1.52,151,10,458,32.97,2.18,72,157,460,15.65,34.13,63,23,461,13.67,4.99,131,90,87,41,460,28.48,19.57,18.91,8.91
N20000519,Lurgan_K3,55,260,315,21.15,82.54,5,310,315,1.59,77,29,319,24.14,9.09,101,40,316,31.96,12.66,10,32,317,3.15,10.09,23,43,75,102,315,7.3,13.65,23.81,32.38
N20000520,Lurgan_J4,173,504,677,34.33,74.45,4,673,677,0.59,334,34,677,49.34,5.02,85,194,676,12.57,28.7,74,21,678,10.91,3.1,172,183,143,79,675,25.48,27.11,21.19,11.7
N20000521,Lurgan_B4,168,507,675,33.14,75.11,6,669,675,0.89,321,25,675,47.56,3.70,87,236,677,12.85,34.86,92,24,674,13.65,3.56,203,150,128,73,675,30.07,22.22,18.96,10.81
N20000522,Lurgan_N1,102,396,498,25.76,79.52,6,492,498,1.2,145,46,498,29.12,9.24,114,99,501,22.75,19.76,21,24,500,4.2,4.8,62,82,116,103,498,12.45,16.47,23.29,20.68
N20000523,Lurgan_P2,96,351,447,27.35,78.52,13,434,447,2.91,138,45,448,30.8,10.04,90,92,447,20.13,20.58,28,32,447,6.26,7.16,41,104,114,86,446,9.19,23.32,25.56,19.28
N20000524,Lurgan_L2,83,436,519,19.04,84.01,11,510,521,2.11,79,71,521,15.16,13.63,218,65,526,41.44,12.36,16,128,521,3.07,24.57,14,68,66,213,521,2.69,13.05,12.67,40.88
N20000525,Lurgan_L3,65,345,410,18.84,84.15,5,405,410,1.22,52,64,411,12.65,15.57,141,66,409,34.47,16.14,16,69,411,3.89,16.79,14,57,73,165,409,3.42,13.94,17.85,40.34
N20000526,Lurgan_K4,72,268,340,26.87,78.82,5,335,340,1.47,103,34,340,30.29,10.00,103,50,340,30.29,14.71,11,30,340,3.24,8.82,38,68,68,119,340,11.18,20,20,35
N20000527,Lurgan_Q1,140,387,527,36.18,73.43,6,521,527,1.14,181,83,528,34.28,15.72,156,65,528,29.55,12.31,10,51,524,1.91,9.73,21,69,141,234,527,3.98,13.09,26.76,44.4
N20000528,Lurgan_R1,91,327,418,27.83,78.23,13,404,417,3.12,89,82,416,21.39,19.71,140,57,416,33.65,13.7,15,60,417,3.6,14.39,20,76,72,168,412,4.85,18.45,17.48,40.78
N20000529,Lurgan_P3,128,331,459,38.67,72.11,9,449,458,1.97,184,68,456,40.35,14.91,100,80,459,21.79,17.43,12,47,459,2.61,10.24,36,110,104,150,459,7.84,23.97,22.66,32.68
N20000530,Lurgan_N2,182,296,478,61.49,61.92,7,471,478,1.46,284,73,478,59.41,15.27,52,91,481,10.81,18.92,22,15,476,4.62,3.15,75,148,132,117,478,15.69,30.96,27.62,24.48
N20000531,Lurgan_P4,89,320,409,27.81,78.24,5,404,409,1.22,163,28,410,39.76,6.83,63,118,408,15.44,28.92,41,23,407,10.07,5.65,92,123,50,64,409,22.49,30.07,12.22,15.65
N20000532,Lurgan_R2,31,229,260,13.54,88.08,2,258,260,0.77,28,30,262,10.69,11.45,109,28,260,41.92,10.77,5,58,260,1.92,22.31,13,22,44,126,261,4.98,8.43,16.86,48.28
N20000533,Lurgan_P5,58,281,339,20.64,82.89,3,334,337,0.89,100,18,339,29.5,5.31,80,70,336,23.81,20.83,19,19,336,5.65,5.65,33,65,75,73,338,9.76,19.23,22.19,21.6
N20000534,Lurgan_Q2,97,292,389,33.22,75.06,7,382,389,1.8,116,51,389,29.82,13.11,110,50,390,28.21,12.82,8,39,386,2.07,10.1,20,86,88,119,390,5.13,22.05,22.56,30.51
N20000535,Lurgan_N3,150,331,481,45.32,68.81,9,471,480,1.88,223,83,483,46.17,17.18,75,88,481,15.59,18.3,24,22,481,4.99,4.57,62,128,144,115,481,12.89,26.61,29.94,23.91
N20000536,Lurgan_R3,218,633,851,34.44,74.38,19,832,851,2.23,314,135,851,36.9,15.86,159,180,851,18.68,21.15,41,49,851,4.82,5.76,86,204,222,211,851,10.11,23.97,26.09,24.79
N20000537,Lurgan_S1,87,412,499,21.12,82.57,8,489,497,1.61,151,30,497,30.38,6.04,127,88,497,25.55,17.71,33,32,497,6.64,6.44,37,114,95,115,497,7.44,22.94,19.11,23.14
N20000538,Lurgan_N4,229,460,689,49.78,66.76,12,677,689,1.74,348,76,690,50.43,11.01,103,114,689,14.95,16.55,41,51,690,5.94,7.39,91,181,163,224,689,13.21,26.27,23.66,32.51
N20000539,Lurgan_Q3,109,324,433,33.64,74.83,9,423,432,2.08,129,56,432,29.86,12.96,148,52,433,34.18,12.01,6,49,432,1.39,11.34,7,85,77,172,430,1.63,19.77,17.91,40
N20000540,Lurgan_Q4,111,343,454,32.36,75.55,6,447,453,1.32,141,69,453,31.13,15.23,133,50,453,29.36,11.04,11,33,453,2.43,7.28,16,76,117,155,453,3.53,16.78,25.83,34.22
N20000541,Lurgan_R4,91,395,486,23.04,81.28,3,483,486,0.62,108,65,486,22.22,13.37,149,56,483,30.85,11.59,14,68,485,2.89,14.02,23,87,102,165,487,4.72,17.86,20.94,33.88
N20000542,Lurgan_S2,88,406,494,21.67,82.19,3,490,493,0.61,141,23,492,28.66,4.67,108,100,495,21.82,20.2,29,29,495,5.86,5.86,41,102,139,90,494,8.3,20.65,28.14,18.22
N20000543,Lurgan_R5,154,355,509,43.38,69.74,13,496,509,2.55,170,116,511,33.27,22.70,112,75,509,22,14.73,21,61,508,4.13,12.01,37,110,129,177,509,7.27,21.61,25.34,34.77
N20000544,Lurgan_T1,114,426,540,26.76,78.89,12,528,540,2.22,193,41,540,35.74,7.59,150,88,541,27.73,16.27,22,33,540,4.07,6.11,59,130,103,118,540,10.93,24.07,19.07,21.85
N20000545,Lurgan_S3,92,358,450,25.7,79.56,7,443,450,1.56,160,26,450,35.56,5.78,74,105,450,16.44,23.33,33,21,450,7.33,4.67,50,109,114,74,450,11.11,24.22,25.33,16.44
N20000546,Lurgan_T2,60,236,296,25.42,79.73,3,294,297,1.01,75,43,298,25.17,14.43,93,42,297,31.31,14.14,8,30,297,2.69,10.1,16,83,56,74,295,5.42,28.14,18.98,25.08
N20000547,Lurgan_S4,129,420,549,30.71,76.5,6,542,548,1.09,187,69,548,34.12,12.59,110,131,548,20.07,23.91,32,31,548,5.84,5.66,58,127,111,101,547,10.6,23.22,20.29,18.46
N20000548,Lurgan_T3,97,391,488,24.81,80.12,6,484,490,1.22,102,67,488,20.9,13.73,181,47,488,37.09,9.63,15,50,489,3.07,10.22,10,69,129,174,491,2.04,14.05,26.27,35.44
N20000549,Lurgan_S5,127,511,638,24.85,80.09,4,634,638,0.63,223,30,639,34.9,4.69,108,190,637,16.95,29.83,70,17,639,10.95,2.66,139,127,123,54,638,21.79,19.91,19.28,8.46
N20000550,Lurgan_T4,162,336,498,48.21,67.47,5,493,498,1,290,37,498,58.23,7.43,31,150,499,6.21,30.06,54,11,497,10.87,2.21,147,173,92,61,496,29.64,34.88,18.55,12.3
N20000551,Lagan_River_C1,110,514,624,21.4,82.37,7,617,624,1.12,206,10,627,32.85,1.59,110,195,625,17.6,31.2,63,43,622,10.13,6.91,151,138,81,67,625,24.16,22.08,12.96,10.72
N20000552,Lagan_River_A1,154,470,624,32.77,75.32,7,617,624,1.12,295,19,625,47.2,3.04,84,169,624,13.46,27.08,53,22,625,8.48,3.52,118,207,117,68,624,18.91,33.17,18.75,10.9
N20000553,Lagan_River_G1,171,540,711,31.67,75.95,12,699,711,1.69,311,27,711,43.74,3.80,85,202,711,11.95,28.41,72,26,712,10.11,3.65,183,204,141,79,710,25.77,28.73,19.86,11.13
N20000554,Lagan_River_A2,136,341,477,39.88,71.49,2,475,477,0.42,228,34,475,48,7.16,45,152,478,9.41,31.8,53,17,475,11.16,3.58,116,151,78,56,477,24.32,31.66,16.35,11.74
N20000555,Lagan_River_A3,118,395,513,29.87,77,1,510,511,0.2,183,54,513,35.67,10.53,87,123,513,16.96,23.98,40,31,514,7.78,6.03,96,120,88,97,513,18.71,23.39,17.15,18.91
N20000556,Lagan_River_A4,66,255,321,25.88,79.44,1,321,322,0.31,93,32,321,28.97,9.97,45,84,321,14.02,26.17,29,13,321,9.03,4.05,46,116,60,40,321,14.33,36.14,18.69,12.46
N20000557,Lagan_River_B1,80,360,440,22.22,81.82,5,435,440,1.14,152,11,435,34.94,2.53,50,130,438,11.42,29.68,46,11,442,10.41,2.49,81,150,75,38,440,18.41,34.09,17.05,8.64
N20000558,Lagan_River_B2,210,505,715,41.58,70.63,9,707,716,1.26,340,65,716,47.49,9.08,65,252,715,9.09,35.24,74,28,715,10.35,3.92,213,218,145,60,715,29.79,30.49,20.28,8.39
N20000559,Lagan_River_C2,98,364,462,26.92,78.79,2,460,462,0.43,204,17,465,43.87,3.66,73,130,462,15.8,28.14,48,12,461,10.41,2.6,124,91,79,64,462,26.84,19.7,17.1,13.85
N20000560,Lagan_River_J1,66,256,322,25.78,79.5,2,320,322,0.62,121,14,324,37.35,4.32,51,103,319,15.99,32.29,34,11,320,10.63,3.44,76,76,79,34,323,23.53,23.53,24.46,10.53
N20000561,Lagan_River_B3,205,571,776,35.9,73.58,9,766,775,1.16,383,37,777,49.29,4.76,80,241,776,10.31,31.06,93,21,776,11.98,2.71,216,217,119,85,776,27.84,27.96,15.34,10.95
N20000562,Lagan_River_C3,90,345,435,26.09,79.31,8,427,435,1.84,179,6,433,41.34,1.39,54,150,435,12.41,34.48,45,12,438,10.27,2.74,141,86,101,29,435,32.41,19.77,23.22,6.67
N20000563,Lagan_River_K1,150,551,701,27.22,78.6,10,691,701,1.43,283,25,698,40.54,3.58,83,249,701,11.84,35.52,105,23,701,14.98,3.28,198,130,131,58,701,28.25,18.54,18.69,8.27
N20000564,Lagan_River_E1,161,399,560,40.35,71.25,11,549,560,1.96,241,73,561,42.96,13.01,59,150,559,10.55,26.83,39,16,561,6.95,2.85,111,159,139,98,559,19.86,28.44,24.87,17.53
N20000565,Lagan_River_D1,135,437,572,30.89,76.4,7,565,572,1.22,206,56,572,36.01,9.79,77,141,572,13.46,24.65,29,24,573,5.06,4.19,72,196,128,81,572,12.59,34.27,22.38,14.16
N20000566,Lagan_River_F1,149,348,497,42.82,70.02,19,479,498,3.82,191,87,498,38.35,17.47,110,69,496,22.18,13.91,16,40,498,3.21,8.03,30,124,137,132,497,6.04,24.95,27.57,26.56
N20000567,Lagan_River_E2,180,504,684,35.71,73.68,13,671,684,1.9,270,74,684,39.47,10.82,121,112,685,17.66,16.35,30,34,684,4.39,4.97,85,168,150,191,685,12.41,24.53,21.9,27.88
N20000568,Lagan_River_D2,157,378,535,41.53,70.65,6,529,535,1.12,286,30,535,53.46,5.61,27,213,535,5.05,39.81,74,3,536,13.81,0.56,169,217,63,38,535,31.59,40.56,11.78,7.1
N20000569,Lagan_River_G2,141,543,684,25.97,79.39,9,677,686,1.31,254,31,684,37.13,4.53,108,184,684,15.79,26.9,65,40,683,9.52,5.86,136,149,157,76,685,19.85,21.75,22.92,11.09
N20000570,Lagan_River_F2,85,348,433,24.43,80.37,14,420,434,3.23,71,82,434,16.36,18.89,116,67,435,26.67,15.4,10,52,437,2.29,11.9,23,101,69,137,434,5.3,23.27,15.9,31.57
N20000571,Lagan_River_D3,142,477,619,29.77,77.06,8,611,619,1.29,220,59,618,35.6,9.55,72,179,620,11.61,28.87,58,47,618,9.39,7.61,152,157,132,101,619,24.56,25.36,21.32,16.32
N20000572,Lagan_River_E3,198,536,734,36.94,73.02,8,725,733,1.09,357,51,733,48.7,6.96,64,246,732,8.74,33.61,76,18,733,10.37,2.46,196,274,134,65,733,26.74,37.38,18.28,8.87
N20000573,Lagan_River_F3,186,538,724,34.57,74.31,12,715,727,1.65,320,84,727,44.02,11.55,89,231,728,12.23,31.73,78,30,727,10.73,4.13,158,220,149,112,727,21.73,30.26,20.5,15.41
N20000574,Lagan_River_F4,138,589,727,23.43,81.02,8,719,727,1.1,160,106,727,22.01,14.58,182,133,727,25.03,18.29,36,57,727,4.95,7.84,73,169,127,177,727,10.04,23.25,17.47,24.35
N20000575,Lagan_River_F5,118,479,597,24.63,80.23,11,583,594,1.85,231,38,594,38.89,6.40,73,204,594,12.29,34.34,68,28,594,11.45,4.71,156,187,118,62,595,26.22,31.43,19.83,10.42
N20000576,Lagan_River_H1,160,438,598,36.53,73.24,7,591,598,1.17,313,58,600,52.17,9.67,43,188,600,7.17,31.33,56,15,598,9.36,2.51,144,224,112,80,598,24.08,37.46,18.73,13.38
N20000577,Lagan_River_H2,130,358,488,36.31,73.36,7,481,488,1.43,235,44,487,48.25,9.03,34,152,489,6.95,31.08,46,8,488,9.43,1.64,109,180,99,49,488,22.34,36.89,20.29,10.04
N20000578,Lagan_River_H3,102,501,603,20.36,83.08,3,600,603,0.5,188,25,603,31.18,4.15,93,198,603,15.42,32.84,55,33,603,9.12,5.47,136,138,84,49,602,22.59,22.92,13.95,8.14
N20000579,Lagan_River_J2,135,475,610,28.42,77.87,6,602,608,0.99,280,15,607,46.13,2.47,103,174,608,16.94,28.62,73,28,608,12.01,4.61,165,155,97,56,607,27.18,25.54,15.98,9.23
N20000580,Lagan_River_G3,172,622,794,27.65,78.34,8,787,795,1.01,318,0,792,40.15,0.00,108,230,795,13.58,28.93,76,34,792,9.6,4.29,232,147,150,75,795,29.18,18.49,18.87,9.43
N20000581,Lagan_River_G4,118,302,420,39.07,71.9,3,418,421,0.71,203,41,417,48.68,9.83,46,89,421,10.93,21.14,19,13,422,4.5,3.08,54,149,125,63,420,12.86,35.48,29.76,15
N20000582,Lagan_River_K2,170,480,650,35.42,73.85,10,640,650,1.54,290,19,651,44.55,2.92,80,194,650,12.31,29.85,55,19,651,8.45,2.92,183,171,127,41,651,28.11,26.27,19.51,6.3
N20000583,Lagan_River_K3,103,414,517,24.88,80.08,3,515,518,0.58,193,7,519,37.19,1.35,95,151,517,18.38,29.21,65,29,517,12.57,5.61,130,94,115,46,517,25.15,18.18,22.24,8.9
N20000584,Lagan_River_L1,199,485,684,41.03,70.91,14,670,684,2.05,306,61,684,44.74,8.92,57,174,683,8.35,25.48,52,21,684,7.6,3.07,118,239,161,118,682,17.3,35.04,23.61,17.3
N20000585,Lagan_River_J3,111,368,479,30.16,76.83,2,477,479,0.42,204,10,479,42.59,2.09,75,138,478,15.69,28.87,49,19,479,10.23,3.97,96,117,98,43,480,20,24.38,20.42,8.96
N20000586,Lagan_River_J4,100,446,546,22.42,81.68,13,533,546,2.38,205,20,546,37.55,3.66,88,189,546,16.12,34.62,76,34,546,13.92,6.23,144,118,85,47,546,26.37,21.61,15.57,8.61
N20000587,Lagan_River_L2,207,539,746,38.4,72.25,14,732,746,1.88,365,41,747,48.86,5.49,104,193,746,13.94,25.87,57,42,747,7.63,5.62,136,231,163,87,746,18.23,30.97,21.85,11.66
N20000588,Lagan_River_K4,133,423,556,31.44,76.08,4,552,556,0.72,258,9,556,46.4,1.62,82,166,556,14.75,29.86,67,28,555,12.07,5.05,164,128,114,34,556,29.5,23.02,20.5,6.12
N20000589,Lagan_River_N1,116,340,456,34.12,74.56,2,455,457,0.44,191,28,457,41.79,6.13,68,102,459,14.81,22.22,27,24,457,5.91,5.25,58,105,160,78,457,12.69,22.98,35.01,17.07
N20000590,Lagan_River_N2,118,336,454,35.12,74.01,12,442,454,2.64,211,14,454,46.48,3.08,94,102,454,20.7,22.47,43,36,453,9.49,7.95,87,71,132,79,454,19.16,15.64,29.07,17.4
N20000591,Lagan_River_N3,114,337,451,33.83,74.72,5,447,452,1.11,212,15,451,47.01,3.33,81,117,451,17.96,25.94,35,24,451,7.76,5.32,81,78,156,20,453,17.88,17.22,34.44,4.42
N20000592,Lagan_River_N4,187,470,657,39.79,71.54,8,646,654,1.22,321,22,657,48.86,3.35,99,183,654,15.14,27.98,60,38,652,9.2,5.83,169,147,177,49,653,25.88,22.51,27.11,7.5
N20000593,Lagan_River_N5,163,446,609,36.55,73.23,10,599,609,1.64,262,30,611,42.88,4.91,113,140,609,18.56,22.99,37,38,608,6.09,6.25,121,106,159,88,609,19.87,17.41,26.11,14.45
N20000594,Banbridge_A1,117,292,409,40.07,71.39,5,404,409,1.22,224,9,409,54.77,2.20,48,135,410,11.71,32.93,54,15,409,13.2,3.67,142,73,104,22,411,34.55,17.76,25.3,5.35
N20000595,Banbridge_A2,132,483,615,27.33,78.54,8,607,615,1.3,250,18,615,40.65,2.93,100,202,616,16.23,32.79,76,51,617,12.32,8.27,153,178,101,46,615,24.88,28.94,16.42,7.48
N20000596,Banbridge_A3,105,349,454,30.09,76.87,2,452,454,0.44,156,50,454,34.36,11.01,117,74,454,25.77,16.3,21,37,456,4.61,8.11,40,80,119,122,454,8.81,17.62,26.21,26.87
N20000597,Banbridge_A4,128,208,336,61.54,61.9,2,334,336,0.6,176,58,336,52.38,17.26,23,93,335,6.87,27.76,25,14,335,7.46,4.18,86,111,91,35,335,25.67,33.13,27.16,10.45
N20000598,Banbridge_B1,94,402,496,23.38,81.05,5,491,496,1.01,115,65,496,23.19,13.10,167,66,496,33.67,13.31,14,77,496,2.82,15.52,13,82,72,191,496,2.62,16.53,14.52,38.51
N20000599,Banbridge_A5,122,369,491,33.06,75.15,10,481,491,2.04,203,49,491,41.34,9.98,83,124,491,16.9,25.25,39,28,490,7.96,5.71,82,145,94,88,493,16.63,29.41,19.07,17.85
N20000600,Banbridge_B2,181,361,542,50.14,66.61,6,536,542,1.11,276,99,542,50.92,18.27,90,113,542,16.61,20.85,30,37,541,5.55,6.84,69,152,134,148,540,12.78,28.15,24.81,27.41
N20000601,Banbridge_B3,88,358,446,24.58,80.27,8,438,446,1.79,137,53,447,30.65,11.86,130,63,446,29.15,14.13,14,46,447,3.13,10.29,44,68,106,167,449,9.8,15.14,23.61,37.19
N20000602,Banbridge_B4,102,371,473,27.49,78.44,5,468,473,1.06,160,35,473,33.83,7.40,89,111,473,18.82,23.47,28,34,474,5.91,7.17,73,133,108,73,473,15.43,28.12,22.83,15.43
N20000603,Banbridge_D1,142,463,605,30.67,76.53,9,596,605,1.49,226,63,603,37.48,10.45,149,116,606,24.59,19.14,31,67,606,5.12,11.06,60,143,115,146,605,9.92,23.64,19.01,24.13
N20000604,Banbridge_C1,46,254,300,18.11,84.67,2,299,301,0.66,93,12,299,31.1,4.01,40,124,301,13.29,41.2,50,12,301,16.61,3.99,53,82,24,19,302,17.55,27.15,7.95,6.29
N20000605,Banbridge_F1,91,300,391,30.33,76.73,7,384,391,1.79,162,9,387,41.86,2.33,75,103,391,19.18,26.34,33,26,391,8.44,6.65,64,76,102,29,391,16.37,19.44,26.09,7.42
N20000606,Banbridge_F2,74,326,400,22.7,81.5,1,400,401,0.25,153,2,400,38.25,0.50,93,92,400,23.25,23,33,31,399,8.27,7.77,71,81,70,52,400,17.75,20.25,17.5,13
N20000607,Banbridge_D2,44,261,305,16.86,85.57,1,304,305,0.33,78,21,306,25.49,6.86,60,81,300,20,27,23,32,305,7.54,10.49,33,102,42,56,305,10.82,33.44,13.77,18.36
N20000608,Banbridge_C2,88,361,449,24.38,80.4,3,446,449,0.67,170,14,449,37.86,3.12,55,163,449,12.25,36.3,60,16,449,13.36,3.56,128,106,83,43,449,28.51,23.61,18.49,9.58
N20000609,Banbridge_C3,176,456,632,38.6,72.15,9,623,632,1.42,334,25,633,52.76,3.95,44,249,632,6.96,39.4,110,26,632,17.41,4.11,247,199,88,31,632,39.08,31.49,13.92,4.91
N20000610,Banbridge_C4,100,443,543,22.57,81.58,2,541,543,0.37,197,17,543,36.28,3.13,71,177,545,13.03,32.48,46,21,544,8.46,3.86,123,149,84,54,543,22.65,27.44,15.47,9.94
N20000611,Banbridge_D3,70,341,411,20.53,82.97,4,407,411,0.97,60,66,411,14.6,16.06,136,55,411,33.09,13.38,11,54,411,2.68,13.14,4,70,86,131,411,0.97,17.03,20.92,31.87
N20000612,Banbridge_E1,69,387,456,17.83,84.87,15,441,456,3.29,70,48,457,15.32,10.50,192,48,456,42.11,10.53,9,85,456,1.97,18.64,13,50,91,152,456,2.85,10.96,19.96,33.33
N20000613,Banbridge_E2,56,273,329,20.51,82.98,4,324,328,1.22,111,9,327,33.94,2.75,47,92,329,14.29,27.96,35,6,329,10.64,1.82,59,92,66,37,328,17.99,28.05,20.12,11.28
N20000614,Banbridge_L1,156,625,781,24.96,80.03,3,779,782,0.38,293,31,783,37.42,3.96,148,231,782,18.93,29.54,97,47,779,12.45,6.03,208,151,150,57,782,26.6,19.31,19.18,7.29
N20000615,Banbridge_D4,129,283,412,45.58,68.69,10,402,412,2.43,99,115,412,24.03,27.91,115,33,412,27.91,8.01,5,60,410,1.22,14.63,23,40,77,217,412,5.58,9.71,18.69,52.67
N20000616,Banbridge_D5,66,277,343,23.83,80.76,6,337,343,1.75,105,30,344,30.52,8.72,105,35,341,30.79,10.26,10,49,343,2.92,14.29,14,36,74,138,343,4.08,10.5,21.57,40.23
N20000617,Banbridge_E3,91,238,329,38.24,72.34,1,329,330,0.3,132,54,331,39.88,16.31,52,64,330,15.76,19.39,19,17,330,5.76,5.15,28,137,69,56,330,8.48,41.52,20.91,16.97
N20000618,Banbridge_E4,74,345,419,21.45,82.34,5,415,420,1.19,111,46,422,26.3,10.90,122,63,420,29.05,15,11,51,419,2.63,12.17,21,75,94,133,420,5,17.86,22.38,31.67
N20000619,Banbridge_D6,99,290,389,34.14,74.55,7,383,390,1.79,115,64,389,29.56,16.45,109,52,392,27.81,13.27,8,47,390,2.05,12.05,32,53,90,160,389,8.23,13.62,23.14,41.13
N20000620,Banbridge_E5,112,501,613,22.36,81.73,18,595,613,2.94,154,57,613,25.12,9.30,148,139,613,24.14,22.68,44,90,613,7.18,14.68,70,144,104,203,612,11.44,23.53,16.99,33.17
N20000621,Banbridge_H1,185,617,802,29.98,76.93,17,785,802,2.12,387,39,802,48.25,4.86,116,199,801,14.48,24.84,65,32,801,8.11,4,172,290,135,117,801,21.47,36.2,16.85,14.61
N20000622,Banbridge_D7,112,348,460,32.18,75.65,10,450,460,2.17,109,86,460,23.7,18.70,124,70,461,26.9,15.18,13,44,462,2.81,9.52,38,69,76,188,460,8.26,15,16.52,40.87
N20000623,Banbridge_J1,180,350,530,51.43,66.04,7,523,530,1.32,301,36,529,56.9,6.81,54,152,527,10.25,28.84,49,18,531,9.23,3.39,94,200,102,64,527,17.84,37.95,19.35,12.14
N20000624,Banbridge_G1,35,262,297,13.36,88.22,4,291,295,1.36,41,20,298,13.76,6.71,115,54,301,38.21,17.94,10,58,298,3.36,19.46,29,25,40,93,298,9.73,8.39,13.42,31.21
N20000625,Banbridge_H2,178,351,529,50.71,66.35,6,523,529,1.13,174,139,529,32.89,26.28,63,116,529,11.91,21.93,24,32,529,4.54,6.05,63,167,120,173,529,11.91,31.57,22.68,32.7
N20000626,Banbridge_J2,81,383,464,21.15,82.54,7,456,463,1.51,111,51,464,23.92,10.99,83,136,465,17.85,29.25,55,31,464,11.85,6.68,81,79,77,74,465,17.42,16.99,16.56,15.91
N20000627,Banbridge_H3,129,397,526,32.49,75.48,10,516,526,1.9,228,31,526,43.35,5.89,86,125,528,16.29,23.67,30,24,526,5.7,4.56,52,140,135,87,527,9.87,26.57,25.62,16.51
N20000628,Banbridge_J3,69,396,465,17.42,85.16,2,463,465,0.43,133,19,466,28.54,4.08,77,148,465,16.56,31.83,61,24,464,13.15,5.17,84,163,61,29,463,18.14,35.21,13.17,6.26
N20000629,Banbridge_F3,97,378,475,25.66,79.58,8,466,474,1.69,171,15,474,36.08,3.16,73,143,474,15.4,30.17,51,32,474,10.76,6.75,101,108,128,29,475,21.26,22.74,26.95,6.11
N20000630,Banbridge_G2,50,352,402,14.2,87.56,1,401,402,0.25,70,20,402,17.41,4.98,152,59,404,37.62,14.6,14,63,402,3.48,15.67,26,61,61,116,402,6.47,15.17,15.17,28.86
N20000631,Banbridge_E6,88,289,377,30.45,76.66,9,366,375,2.4,118,51,373,31.64,13.67,96,46,374,25.67,12.3,13,22,377,3.45,5.84,21,72,93,117,377,5.57,19.1,24.67,31.03
N20000632,Banbridge_G3,104,326,430,31.9,75.81,18,413,431,4.18,103,90,430,23.95,20.93,100,55,430,23.26,12.79,10,51,433,2.31,11.78,16,95,54,210,432,3.7,21.99,12.5,48.61
N20000633,Banbridge_J4,77,329,406,23.4,81.03,8,398,406,1.97,141,23,406,34.73,5.67,82,80,406,20.2,19.7,31,25,407,7.62,6.14,49,107,86,76,407,12.04,26.29,21.13,18.67
N20000634,Banbridge_G4,106,289,395,36.68,73.16,12,382,394,3.05,81,96,395,20.51,24.30,110,31,396,27.78,7.83,3,73,397,0.76,18.39,10,39,43,245,395,2.53,9.87,10.89,62.03
N20000635,Banbridge_J5,176,470,646,37.45,72.76,2,644,646,0.31,338,42,646,52.32,6.50,35,269,646,5.42,41.64,83,15,647,12.83,2.32,220,257,89,37,646,34.06,39.78,13.78,5.73
N20000636,Banbridge_H4,136,434,570,31.34,76.14,4,566,570,0.7,233,43,570,40.88,7.54,83,131,571,14.54,22.94,30,31,572,5.24,5.42,90,175,130,85,570,15.79,30.7,22.81,14.91
N20000637,Banbridge_K1,118,453,571,26.05,79.33,10,564,574,1.74,180,44,574,31.36,7.67,107,176,574,18.64,30.66,49,25,574,8.54,4.36,69,179,88,76,575,12,31.13,15.3,13.22
N20000638,Banbridge_K2,67,414,481,16.18,86.07,4,477,481,0.83,121,20,482,25.1,4.15,53,177,482,11,36.72,55,22,481,11.43,4.57,119,153,57,42,482,24.69,31.74,11.83,8.71
N20000639,Banbridge_H5,134,397,531,33.75,74.76,10,520,530,1.89,213,51,531,40.11,9.60,87,122,529,16.45,23.06,41,24,532,7.71,4.51,78,145,124,81,530,14.72,27.36,23.4,15.28
N20000640,Banbridge_K3,156,567,723,27.51,78.42,7,716,723,0.97,300,30,723,41.49,4.15,82,271,725,11.31,37.38,104,28,725,14.34,3.86,174,206,91,77,724,24.03,28.45,12.57,10.64
N20000641,Banbridge_K4,198,530,728,37.36,72.8,7,721,728,0.96,292,96,730,40,13.15,116,205,728,15.93,28.16,59,40,727,8.12,5.5,137,211,151,96,728,18.82,28.98,20.74,13.19
N20000642,Banbridge_F4,100,320,420,31.25,76.19,7,413,420,1.67,187,17,419,44.63,4.06,48,139,419,11.46,33.17,54,26,418,12.92,6.22,136,92,74,27,420,32.38,21.9,17.62,6.43
N20000643,Banbridge_K5,140,386,526,36.27,73.38,2,524,526,0.38,286,16,526,54.37,3.04,30,232,525,5.71,44.19,93,12,527,17.65,2.28,257,132,65,24,525,48.95,25.14,12.38,4.57
N20000644,Banbridge_F5,108,281,389,38.43,72.24,2,387,389,0.51,171,26,389,43.96,6.68,70,77,391,17.9,19.69,20,26,388,5.15,6.7,35,88,129,81,391,8.95,22.51,32.99,20.72
N20000645,Banbridge_L2,157,500,657,31.4,76.1,14,643,657,2.13,234,28,658,35.56,4.26,114,167,660,17.27,25.3,42,30,658,6.38,4.56,107,134,200,54,657,16.29,20.4,30.44,8.22
N20000646,Banbridge_N1,141,416,557,33.89,74.69,8,549,557,1.44,192,80,558,34.41,14.34,138,120,557,24.78,21.54,32,59,556,5.76,10.61,97,95,116,153,557,17.41,17.06,20.83,27.47
N20000647,Banbridge_N2,138,383,521,36.03,73.51,6,516,522,1.15,248,39,523,47.42,7.46,70,148,525,13.33,28.19,33,41,521,6.33,7.87,100,143,153,50,523,19.12,27.34,29.25,9.56
N20000648,Banbridge_L3,150,455,605,32.97,75.21,4,601,605,0.66,272,19,605,44.96,3.14,88,179,606,14.52,29.54,54,29,605,8.93,4.79,117,156,151,36,605,19.34,25.79,24.96,5.95
N20000649,Banbridge_N3,208,569,777,36.56,73.23,2,775,777,0.26,366,46,777,47.1,5.92,136,207,777,17.5,26.64,61,36,780,7.82,4.62,129,180,188,107,778,16.58,23.14,24.16,13.75
N20000650,Banbridge_P1,100,291,391,34.36,74.42,4,387,391,1.02,172,36,391,43.99,9.21,63,89,391,16.11,22.76,19,22,392,4.85,5.61,67,83,114,63,391,17.14,21.23,29.16,16.11
N20000651,Banbridge_P2,210,551,761,38.11,72.4,8,754,762,1.05,359,35,760,47.24,4.61,124,195,763,16.25,25.56,52,53,761,6.83,6.96,151,160,206,122,764,19.76,20.94,26.96,15.97
N20000652,Banbridge_N4,147,433,580,33.95,74.66,5,575,580,0.86,274,17,580,47.24,2.93,76,176,581,13.08,30.29,46,27,580,7.93,4.66,110,147,172,61,580,18.97,25.34,29.66,10.52
N20000653,Banbridge_L4,191,497,688,38.43,72.24,8,680,688,1.16,338,21,686,49.27,3.06,112,184,688,16.28,26.74,52,41,688,7.56,5.96,120,146,219,66,687,17.47,21.25,31.88,9.61
N20000654,Banbridge_N5,127,354,481,35.88,73.6,4,476,480,0.83,208,34,480,43.33,7.08,83,128,482,17.22,26.56,45,42,476,9.45,8.82,119,102,104,78,482,24.69,21.16,21.58,16.18
N20000655,Banbridge_P3,118,318,436,37.11,72.94,4,432,436,0.92,191,17,436,43.81,3.90,77,110,436,17.66,25.23,38,30,436,8.72,6.88,68,69,157,48,436,15.6,15.83,36.01,11.01
N20000656,Banbridge_P4,69,233,302,29.61,77.15,6,296,302,1.99,134,10,302,44.37,3.31,58,69,302,19.21,22.85,20,11,305,6.56,3.61,36,68,122,19,301,11.96,22.59,40.53,6.31
N20000657,Banbridge_L5,190,478,668,39.75,71.56,3,662,665,0.45,322,36,665,48.42,5.41,97,165,666,14.56,24.77,57,42,669,8.52,6.28,144,183,156,75,668,21.56,27.4,23.35,11.23
N20000658,Banbridge_P5,129,376,505,34.31,74.46,4,501,505,0.79,242,11,504,48.02,2.18,85,113,504,16.87,22.42,42,17,505,8.32,3.37,95,114,159,34,505,18.81,22.57,31.49,6.73
N20000659,Banbridge_Q1,116,302,418,38.41,72.25,8,410,418,1.91,155,78,418,37.08,18.66,93,59,416,22.36,14.18,14,34,420,3.33,8.1,33,94,91,137,417,7.91,22.54,21.82,32.85
N20000660,Banbridge_Q2,100,477,577,20.96,82.67,5,572,577,0.87,128,66,577,22.18,11.44,183,83,577,31.72,14.38,23,82,576,3.99,14.24,37,62,138,134,577,6.41,10.75,23.92,23.22
N20000661,Banbridge_Q3,167,397,564,42.07,70.39,4,560,564,0.71,281,39,564,49.82,6.91,77,130,564,13.65,23.05,30,32,563,5.33,5.68,78,162,147,86,565,13.81,28.67,26.02,15.22
N20000662,Banbridge_Q4,114,348,462,32.76,75.32,8,454,462,1.73,145,58,461,31.45,12.58,104,89,462,22.51,19.26,25,47,461,5.42,10.2,36,95,113,124,462,7.79,20.56,24.46,26.84
N20000663,Banbridge_Q5,103,367,470,28.07,78.09,3,466,469,0.64,129,51,469,27.51,10.87,145,53,469,30.92,11.3,14,69,470,2.98,14.68,20,38,157,144,469,4.26,8.1,33.48,30.7
N20000664,Cusher_E1,121,491,612,24.64,80.23,7,604,611,1.15,194,57,609,31.86,9.36,116,155,610,19.02,25.41,44,35,612,7.19,5.72,81,157,118,98,611,13.26,25.7,19.31,16.04
N20000665,Cusher_E2,98,391,489,25.06,79.96,2,487,489,0.41,193,4,492,39.23,0.81,74,147,489,15.13,30.06,42,30,490,8.57,6.12,98,127,95,43,489,20.04,25.97,19.43,8.79
N20000666,Cusher_B1,84,349,433,24.07,80.6,4,428,432,0.93,149,23,432,34.49,5.32,74,95,432,17.13,21.99,37,24,434,8.53,5.53,64,100,117,41,432,14.81,23.15,27.08,9.49
N20000667,Cusher_A1,57,291,348,19.59,83.62,5,343,348,1.44,90,24,348,25.86,6.90,61,110,348,17.53,31.61,38,27,344,11.05,7.85,65,91,41,29,349,18.62,26.07,11.75,8.31
N20000668,Cusher_B2,49,174,223,28.16,78.03,6,217,223,2.69,58,37,223,26.01,16.59,49,49,224,21.88,21.88,11,20,223,4.93,8.97,14,45,48,48,223,6.28,20.18,21.52,21.52
N20000669,Cusher_B3,79,391,470,20.2,83.19,2,467,469,0.43,131,37,469,27.93,7.89,91,116,469,19.4,24.73,35,26,474,7.38,5.49,67,117,86,71,469,14.29,24.95,18.34,15.14
N20000670,Cusher_A2,138,346,484,39.88,71.49,7,477,484,1.45,231,42,484,47.73,8.68,73,107,484,15.08,22.11,26,15,484,5.37,3.1,52,174,137,72,485,10.72,35.88,28.25,14.85
N20000671,Cusher_B4,157,516,673,30.43,76.67,6,667,673,0.89,282,61,673,41.9,9.06,86,166,674,12.76,24.63,56,41,671,8.35,6.11,159,182,138,92,670,23.73,27.16,20.6,13.73
N20000672,Cusher_D1,64,264,328,24.24,80.49,1,327,328,0.3,146,8,328,44.51,2.44,53,87,328,16.16,26.52,23,15,328,7.01,4.57,62,74,67,29,328,18.9,22.56,20.43,8.84
N20000673,Cusher_B5,123,470,593,26.17,79.26,6,587,593,1.01,178,46,590,30.17,7.80,124,133,594,20.88,22.39,45,69,594,7.58,11.62,55,144,168,66,593,9.27,24.28,28.33,11.13
N20000674,Cusher_E3,94,452,546,20.8,82.78,3,543,546,0.55,170,17,546,31.14,3.11,135,164,545,24.77,30.09,57,48,546,10.44,8.79,103,96,82,33,546,18.86,17.58,15.02,6.04
N20000675,Cusher_A3,150,428,578,35.05,74.05,6,572,578,1.04,256,60,578,44.29,10.38,97,118,578,16.78,20.42,35,32,579,6.04,5.53,71,148,147,140,578,12.28,25.61,25.43,24.22
N20000676,Cusher_D2,173,502,675,34.46,74.37,4,671,675,0.59,343,26,675,50.81,3.85,113,171,673,16.79,25.41,60,24,676,8.88,3.55,140,170,147,84,675,20.74,25.19,21.78,12.44
N20000677,Cusher_B6,87,261,348,33.33,75,4,344,348,1.15,147,22,348,42.24,6.32,46,98,348,13.22,28.16,24,10,349,6.88,2.87,47,142,47,44,348,13.51,40.8,13.51,12.64
N20000678,Cusher_C1,153,454,607,33.7,74.79,4,603,607,0.66,245,65,607,40.36,10.71,113,131,607,18.62,21.58,29,37,607,4.78,6.1,74,143,140,134,608,12.17,23.52,23.03,22.04
N20000679,Cusher_C2,212,559,771,37.92,72.5,21,751,772,2.72,358,60,772,46.37,7.77,107,198,771,13.88,25.68,55,32,768,7.16,4.17,157,228,158,80,768,20.44,29.69,20.57,10.42
N20000680,Cusher_C3,126,328,454,38.41,72.25,8,446,454,1.76,206,40,456,45.18,8.77,76,95,451,16.85,21.06,21,21,453,4.64,4.64,46,115,135,99,454,10.13,25.33,29.74,21.81
N20000681,Cusher_E4,152,509,661,29.86,77,0,660,660,0,270,16,661,40.85,2.42,101,201,663,15.23,30.32,75,22,662,11.33,3.32,172,132,121,43,660,26.06,20,18.33,6.52
N20000682,Cusher_F1,97,397,494,24.43,80.36,10,484,494,2.02,125,69,494,25.3,13.97,166,68,496,33.47,13.71,14,46,498,2.81,9.24,24,68,117,175,494,4.86,13.77,23.68,35.43
N20000683,Cusher_F2,109,313,422,34.82,74.17,5,417,422,1.18,181,46,420,43.1,10.95,101,71,422,23.93,16.82,24,26,420,5.71,6.19,28,94,111,122,422,6.64,22.27,26.3,28.91
N20000684,Cusher_F3,79,301,380,26.25,79.21,1,379,380,0.26,84,51,382,21.99,13.35,112,53,380,29.47,13.95,12,25,379,3.17,6.6,15,80,58,139,379,3.96,21.11,15.3,36.68
N20000685,Cusher_D3,196,579,775,33.85,74.71,11,764,775,1.42,347,36,773,44.89,4.66,124,198,778,15.94,25.45,64,41,775,8.26,5.29,171,169,171,93,775,22.06,21.81,22.06,12
N20000686,Cusher_F4,100,317,417,31.55,76.02,2,415,417,0.48,152,44,416,36.54,10.58,85,78,419,20.29,18.62,20,15,417,4.8,3.6,33,146,90,89,414,7.97,35.27,21.74,21.5
N20000687,Cusher_G1,134,372,506,36.02,73.52,5,501,506,0.99,236,33,506,46.64,6.52,69,97,506,13.64,19.17,25,13,506,4.94,2.57,61,125,177,90,506,12.06,24.7,34.98,17.79
N20000688,Cusher_E5,148,520,668,28.46,77.84,8,660,668,1.2,238,43,667,35.68,6.45,126,181,668,18.86,27.1,51,39,670,7.61,5.82,102,137,190,58,668,15.27,20.51,28.44,8.68
N20000689,Cusher_G2,187,517,704,36.17,73.44,6,698,704,0.85,314,31,701,44.79,4.42,107,201,704,15.2,28.55,61,33,704,8.66,4.69,153,163,176,58,704,21.73,23.15,25,8.24
N20000690,Cusher_G3,181,419,600,43.2,69.83,14,587,601,2.33,274,66,601,45.59,10.98,54,148,603,8.96,24.54,40,30,600,6.67,5,96,174,190,81,601,15.97,28.95,31.61,13.48
N20000691,Cusher_G4,100,434,534,23.04,81.27,5,529,534,0.94,202,4,534,37.83,0.75,93,151,534,17.42,28.28,47,27,537,8.75,5.03,107,134,123,41,533,20.08,25.14,23.08,7.69
N20000692,Cusher_H1,217,628,845,34.55,74.32,8,837,845,0.95,412,21,845,48.76,2.49,124,244,843,14.71,28.94,68,49,845,8.05,5.8,170,192,220,95,845,20.12,22.72,26.04,11.24
N20000693,Cusher_K1,94,382,476,24.61,80.25,2,474,476,0.42,167,21,476,35.08,4.41,137,84,476,28.78,17.65,24,32,476,5.04,6.72,45,101,126,78,476,9.45,21.22,26.47,16.39
N20000694,Cusher_H2,178,537,715,33.15,75.1,5,710,715,0.7,341,17,714,47.76,2.38,111,215,715,15.52,30.07,54,36,715,7.55,5.03,139,131,223,67,715,19.44,18.32,31.19,9.37
N20000695,Cusher_K2,202,502,704,40.24,71.31,12,691,703,1.71,402,17,704,57.1,2.41,89,200,704,12.64,28.41,53,32,704,7.53,4.55,156,157,206,78,704,22.16,22.3,29.26,11.08
N20000696,Cusher_J1,91,332,423,27.41,78.49,6,417,423,1.42,125,57,427,29.27,13.35,125,71,423,29.55,16.78,26,57,423,6.15,13.48,51,81,69,136,423,12.06,19.15,16.31,32.15
N20000697,Cusher_J2,168,467,635,35.97,73.54,13,622,635,2.05,230,87,632,36.39,13.77,149,117,635,23.46,18.43,21,50,635,3.31,7.87,52,147,151,179,635,8.19,23.15,23.78,28.19
N20000698,Cusher_J3,63,185,248,34.05,74.6,2,246,248,0.81,75,43,248,30.24,17.34,60,38,247,24.29,15.38,7,19,248,2.82,7.66,19,54,61,63,248,7.66,21.77,24.6,25.4
N20000699,Cusher_K3,164,398,562,41.21,70.82,6,556,562,1.07,267,25,565,47.26,4.42,89,123,561,15.86,21.93,28,31,560,5,5.54,100,115,207,53,565,17.7,20.35,36.64,9.38
N20000700,Cusher_J4,184,416,600,44.23,69.33,8,592,600,1.33,305,76,600,50.83,12.67,73,144,602,12.13,23.92,46,20,600,7.67,3.33,114,161,117,132,601,18.97,26.79,19.47,21.96
N20000701,Cusher_L1,224,523,747,42.83,70.01,7,741,748,0.94,380,42,751,50.6,5.59,98,211,748,13.1,28.21,57,35,747,7.63,4.69,133,174,241,92,748,17.78,23.26,32.22,12.3
N20000702,Cusher_K4,160,340,500,47.06,68,1,499,500,0.2,225,75,500,45,15.00,86,117,501,17.17,23.35,24,49,500,4.8,9.8,71,114,138,107,500,14.2,22.8,27.6,21.4
N20000703,Cusher_K5,157,457,614,34.35,74.43,2,613,615,0.33,284,13,616,46.1,2.11,112,154,614,18.24,25.08,56,30,613,9.14,4.89,111,124,180,64,611,18.17,20.29,29.46,10.47
N20000704,Cusher_H3,92,307,399,29.97,76.94,7,392,399,1.75,115,51,397,28.97,12.85,111,71,400,27.75,17.75,21,52,400,5.25,13,27,73,85,119,399,6.77,18.3,21.3,29.82
N20000705,Cusher_L2,103,353,456,29.18,77.41,5,451,456,1.1,142,40,455,31.21,8.79,127,96,457,27.79,21.01,22,50,454,4.85,11.01,54,75,91,99,456,11.84,16.45,19.96,21.71
N20000706,Cusher_L3,236,531,767,44.44,69.23,8,759,767,1.04,429,24,768,55.86,3.13,130,192,768,16.93,25,47,47,768,6.12,6.12,138,150,237,71,765,18.04,19.61,30.98,9.28
N20000707,Cusher_L4,167,370,537,45.14,68.9,2,535,537,0.37,236,72,537,43.95,13.41,112,100,537,20.86,18.62,25,43,537,4.66,8.01,55,123,138,141,538,10.22,22.86,25.65,26.21
N20000708,Cusher_H4,157,409,566,38.39,72.26,2,563,565,0.35,206,72,567,36.33,12.70,112,117,565,19.82,20.71,21,41,561,3.74,7.31,71,103,186,113,565,12.57,18.23,32.92,20
N20000709,Cusher_K6,217,519,736,41.81,70.52,6,730,736,0.82,372,13,736,50.54,1.77,129,143,736,17.53,19.43,47,40,735,6.39,5.44,86,161,286,86,736,11.68,21.88,38.86,11.68
N20000710,Cusher_L5,234,640,874,36.56,73.23,6,865,871,0.69,361,68,877,41.16,7.75,207,173,873,23.71,19.82,38,91,875,4.34,10.4,99,162,249,180,874,11.33,18.54,28.49,20.59
N20000711,Oldpark_A1,170,594,764,28.62,77.75,22,742,764,2.88,303,56,764,39.66,7.33,131,149,764,17.15,19.5,47,44,764,6.15,5.76,102,275,202,102,764,13.35,35.99,26.44,13.35
N20000712,Oldpark_A2,184,291,475,63.23,61.26,10,465,475,2.11,205,104,473,43.34,21.99,60,93,475,12.63,19.58,23,24,474,4.85,5.06,63,194,87,111,475,13.26,40.84,18.32,23.37
N20000713,Oldpark_A3,225,358,583,62.85,61.41,41,542,583,7.03,173,206,583,29.67,35.33,135,70,583,23.16,12.01,18,73,583,3.09,12.52,48,133,84,284,583,8.23,22.81,14.41,48.71
N20000714,Oldpark_B1,71,177,248,40.11,71.37,9,240,249,3.61,54,75,247,21.86,30.36,51,31,248,20.56,12.5,8,24,248,3.23,9.68,10,55,36,125,248,4.03,22.18,14.52,50.4
N20000715,Oldpark_D1,159,422,581,37.68,72.63,29,552,581,4.99,136,152,584,23.29,26.03,118,77,581,20.31,13.25,18,75,581,3.1,12.91,52,138,92,226,581,8.95,23.75,15.83,38.9
N20000716,Oldpark_C1,107,520,627,20.58,82.93,16,611,627,2.55,165,66,624,26.44,10.58,112,149,626,17.89,23.8,44,60,625,7.04,9.6,72,208,102,138,626,11.5,33.23,16.29,22.04
N20000717,Oldpark_B2,159,431,590,36.89,73.05,40,550,590,6.78,120,146,590,20.34,24.75,152,70,590,25.76,11.86,17,68,589,2.89,11.54,27,120,114,236,590,4.58,20.34,19.32,40
N20000718,Oldpark_B3,151,298,449,50.67,66.37,23,426,449,5.12,138,120,449,30.73,26.73,98,63,449,21.83,14.03,17,43,449,3.79,9.58,27,133,70,166,449,6.01,29.62,15.59,36.97
N20000719,Oldpark_A4,158,368,526,42.93,69.96,24,502,526,4.56,44,202,526,8.37,38.40,170,48,526,32.32,9.13,7,109,531,1.32,20.53,9,65,63,311,526,1.71,12.36,11.98,59.13
N20000720,Oldpark_B4,63,326,389,19.33,83.8,6,384,390,1.54,102,24,391,26.09,6.14,88,71,390,22.56,18.21,27,27,390,6.92,6.92,44,97,86,50,386,11.4,25.13,22.28,12.95
N20000721,Oldpark_A5,75,284,359,26.41,79.11,13,346,359,3.62,102,48,357,28.57,13.45,94,68,358,26.26,18.99,16,45,360,4.44,12.5,40,99,62,81,358,11.17,27.65,17.32,22.63
N20000722,Oldpark_C2,68,344,412,19.77,83.5,14,401,415,3.37,121,21,413,29.3,5.08,77,102,412,18.69,24.76,30,35,411,7.3,8.52,64,110,67,105,412,15.53,26.7,16.26,25.49
N20000723,Oldpark_C3,123,447,570,27.52,78.42,22,548,570,3.86,152,90,570,26.67,15.79,115,91,569,20.21,15.99,23,49,570,4.04,8.6,39,140,102,196,569,6.85,24.6,17.93,34.45
N20000724,Oldpark_D2,154,292,446,52.74,65.47,12,434,446,2.69,166,91,449,36.97,20.27,55,88,447,12.3,19.69,21,21,446,4.71,4.71,54,157,106,99,446,12.11,35.2,23.77,22.2
N20000725,Oldpark_D3,117,255,372,45.88,68.55,19,351,370,5.14,46,142,372,12.37,38.17,86,58,372,23.12,15.59,11,65,372,2.96,17.47,28,69,32,194,372,7.53,18.55,8.6,52.15
N20000726,Oldpark_E1,99,435,534,22.76,81.46,16,520,536,2.99,150,47,535,28.04,8.79,105,133,537,19.55,24.77,42,43,536,7.84,8.02,81,151,102,111,536,15.11,28.17,19.03,20.71
N20000727,Oldpark_C4,86,304,390,28.29,77.95,11,379,390,2.82,94,53,390,24.1,13.59,89,61,389,22.88,15.68,17,37,390,4.36,9.49,33,121,57,116,390,8.46,31.03,14.62,29.74
N20000728,Oldpark_F1,86,341,427,25.22,79.86,20,407,427,4.68,123,57,426,28.87,13.38,112,66,426,26.29,15.49,21,40,428,4.91,9.35,23,92,60,127,425,5.41,21.65,14.12,29.88
N20000729,Oldpark_E2,95,264,359,35.98,73.54,10,350,360,2.78,84,78,358,23.46,21.79,101,37,357,28.29,10.36,6,49,358,1.68,13.69,11,69,74,164,360,3.06,19.17,20.56,45.56
N20000730,Oldpark_F2,148,554,702,26.71,78.92,22,680,702,3.13,108,156,701,15.41,22.25,235,81,702,33.48,11.54,16,134,703,2.28,19.06,12,170,114,228,699,1.72,24.32,16.31,32.62
N20000731,Oldpark_D4,252,476,728,52.94,65.38,18,711,729,2.47,361,94,728,49.59,12.91,47,234,728,6.46,32.14,50,19,728,6.87,2.61,112,350,132,129,730,15.34,47.95,18.08,17.67
N20000732,Oldpark_E3,126,390,516,32.31,75.58,14,502,516,2.71,153,64,518,29.54,12.36,96,106,516,18.6,20.54,33,40,514,6.42,7.78,52,171,81,79,516,10.08,33.14,15.7,15.31
N20000733,Oldpark_E4,137,452,589,30.31,76.74,14,576,590,2.37,174,95,590,29.49,16.10,86,123,590,14.58,20.85,28,29,590,4.75,4.92,74,175,120,163,593,12.48,29.51,20.24,27.49
N20000734,Oldpark_G1,73,285,358,25.61,79.61,6,352,358,1.68,124,27,358,34.64,7.54,44,142,359,12.26,39.55,48,25,359,13.37,6.96,92,126,21,37,359,25.63,35.1,5.85,10.31
N20000735,Oldpark_G2,96,423,519,22.7,81.5,19,499,518,3.67,142,55,518,27.41,10.62,109,136,518,21.04,26.25,44,43,519,8.48,8.29,86,111,70,116,518,16.6,21.43,13.51,22.39
N20000736,Oldpark_F3,75,351,426,21.37,82.39,16,410,426,3.76,87,71,424,20.52,16.75,145,55,427,33.96,12.88,9,72,423,2.13,17.02,20,103,47,177,424,4.72,24.29,11.08,41.75
N20000737,Oldpark_K1,110,381,491,28.87,77.6,16,474,490,3.27,92,103,489,18.81,21.06,131,73,491,26.68,14.87,14,59,492,2.85,11.99,22,144,62,174,491,4.48,29.33,12.63,35.44
N20000738,Oldpark_G3,113,354,467,31.92,75.8,12,456,468,2.56,111,64,467,23.77,13.70,94,118,467,20.13,25.27,32,55,467,6.85,11.78,62,153,27,117,469,13.22,32.62,5.76,24.95
N20000739,Oldpark_E5,66,243,309,27.16,78.64,17,292,309,5.5,58,67,309,18.77,21.68,118,33,309,38.19,10.68,5,57,309,1.62,18.45,10,45,39,149,309,3.24,14.56,12.62,48.22
N20000740,Oldpark_H1,81,356,437,22.75,81.46,15,422,437,3.43,75,70,437,17.16,16.02,85,92,437,19.45,21.05,30,47,438,6.85,10.73,44,124,71,101,439,10.02,28.25,16.17,23.01
N20000741,Oldpark_G4,80,368,448,21.74,82.14,9,439,448,2.01,97,65,446,21.75,14.57,98,111,449,21.83,24.72,31,66,449,6.9,14.7,50,137,38,136,448,11.16,30.58,8.48,30.36
N20000742,Oldpark_K2,75,314,389,23.89,80.72,6,383,389,1.54,99,46,388,25.52,11.86,95,78,387,24.55,20.16,10,56,387,2.58,14.47,23,72,86,115,388,5.93,18.56,22.16,29.64
N20000743,Oldpark_J1,134,314,448,42.68,70.09,20,428,448,4.46,81,153,448,18.08,34.15,86,65,446,19.28,14.57,18,62,449,4.01,13.81,20,117,55,205,449,4.45,26.06,12.25,45.66
N20000744,Oldpark_J2,156,338,494,46.15,68.42,21,473,494,4.25,54,188,496,10.89,37.90,129,45,492,26.22,9.15,6,74,495,1.21,14.95,10,82,85,268,495,2.02,16.57,17.17,54.14
N20000745,Oldpark_G5,75,326,401,23.01,81.3,6,395,401,1.5,50,76,401,12.47,18.95,108,82,403,26.8,20.35,18,71,402,4.48,17.66,19,69,46,179,402,4.73,17.16,11.44,44.53
N20000746,Oldpark_N1,222,451,673,49.22,67.01,30,643,673,4.46,118,237,673,17.53,35.22,147,91,673,21.84,13.52,20,76,673,2.97,11.29,40,144,93,321,673,5.94,21.4,13.82,47.7
N20000747,Oldpark_L1,67,322,389,20.81,82.78,8,380,388,2.06,76,48,390,19.49,12.31,88,105,390,22.56,26.92,30,62,390,7.69,15.9,43,103,61,121,389,11.05,26.48,15.68,31.11
N20000748,Oldpark_H2,241,446,687,54.04,64.92,44,643,687,6.4,111,253,687,16.16,36.83,177,77,682,25.95,11.29,12,152,686,1.75,22.16,28,108,39,442,687,4.08,15.72,5.68,64.34
N20000749,Oldpark_N2,266,382,648,69.63,58.95,39,609,648,6.02,85,322,647,13.14,49.77,143,80,648,22.07,12.35,11,110,649,1.69,16.95,23,119,84,377,648,3.55,18.36,12.96,58.18
N20000750,Oldpark_L2,109,421,530,25.89,79.43,14,516,530,2.64,98,72,530,18.49,13.58,133,122,530,25.09,23.02,26,88,529,4.91,16.64,39,170,77,174,530,7.36,32.08,14.53,32.83
N20000751,Oldpark_H3,128,299,427,42.81,70.02,14,413,427,3.28,39,161,430,9.07,37.44,132,45,427,30.91,10.54,9,85,427,2.11,19.91,7,75,57,229,427,1.64,17.56,13.35,53.63
N20000752,Oldpark_J3,100,295,395,33.9,74.68,6,389,395,1.52,47,127,395,11.9,32.15,133,36,396,33.59,9.09,8,82,394,2.03,20.81,9,84,39,190,397,2.27,21.16,9.82,47.86
N20000753,Oldpark_K3,139,349,488,39.83,71.52,25,463,488,5.12,76,169,488,15.57,34.63,144,54,487,29.57,11.09,9,93,486,1.85,19.14,14,85,65,248,488,2.87,17.42,13.32,50.82
N20000754,Oldpark_R1,41,179,220,22.91,81.36,9,211,220,4.09,22,47,220,10,21.36,69,37,221,31.22,16.74,7,47,220,3.18,21.36,9,34,18,105,220,4.09,15.45,8.18,47.73
N20000755,Oldpark_N3,146,356,502,41.01,70.92,21,481,502,4.18,50,162,505,9.9,32.08,168,50,502,33.47,9.96,8,112,503,1.59,22.27,10,89,79,246,501,2,17.76,15.77,49.1
N20000756,Oldpark_K4,147,315,462,46.67,68.18,17,445,462,3.68,50,154,462,10.82,33.33,136,41,462,29.44,8.87,9,105,462,1.95,22.73,18,79,57,246,461,3.9,17.14,12.36,53.36
N20000757,Oldpark_L3,130,311,441,41.8,70.52,23,418,441,5.22,103,100,441,23.36,22.68,92,81,441,20.86,18.37,18,69,441,4.08,15.65,34,115,59,183,441,7.71,26.08,13.38,41.5
N20000758,Oldpark_Q1,152,411,563,36.98,73,21,541,562,3.74,72,179,561,12.83,31.91,139,74,563,24.69,13.14,16,101,562,2.85,17.97,25,101,66,278,561,4.46,18,11.76,49.55
N20000759,Oldpark_R2,132,297,429,44.44,69.23,15,414,429,3.5,60,68,428,14.02,15.89,87,92,429,20.28,21.45,21,91,431,4.87,21.11,19,77,36,177,429,4.43,17.95,8.39,41.26
N20000760,Oldpark_P1,102,312,414,32.69,75.36,8,406,414,1.93,64,115,414,15.46,27.78,120,54,414,28.99,13.04,6,38,414,1.45,9.18,13,91,70,156,414,3.14,21.98,16.91,37.68
N20000761,Oldpark_L4,164,365,529,44.93,69,23,506,529,4.35,45,206,527,8.54,39.09,183,51,530,34.53,9.62,14,111,528,2.65,21.02,24,55,67,311,529,4.54,10.4,12.67,58.79
N20000762,Oldpark_P2,90,287,377,31.36,76.13,15,362,377,3.98,57,100,379,15.04,26.39,103,54,377,27.32,14.32,13,64,377,3.45,16.98,13,82,44,167,377,3.45,21.75,11.67,44.3
N20000763,Oldpark_L5,135,238,373,56.72,63.81,29,343,372,7.8,55,162,373,14.75,43.43,118,35,376,31.38,9.31,3,74,374,0.8,19.79,10,73,34,216,373,2.68,19.57,9.12,57.91
N20000764,Oldpark_R3,93,302,395,30.79,76.46,12,383,395,3.04,31,56,397,7.81,14.11,107,67,396,27.02,16.92,12,87,396,3.03,21.97,11,49,23,144,395,2.78,12.41,5.82,36.46
N20000765,Oldpark_Q2,103,267,370,38.58,72.16,12,358,370,3.24,46,126,369,12.47,34.15,129,43,370,34.86,11.62,8,86,370,2.16,23.24,18,58,42,198,370,4.86,15.68,11.35,53.51
N20000766,Oldpark_R4,97,228,325,42.54,70.15,8,317,325,2.46,36,121,323,11.15,37.46,98,53,325,30.15,16.31,11,73,325,3.38,22.46,22,51,26,184,325,6.77,15.69,8,56.62
N20000767,Oldpark_N4,134,429,563,31.24,76.2,24,539,563,4.26,55,157,563,9.77,27.89,202,62,563,35.88,11.01,14,136,562,2.49,24.2,13,81,50,302,563,2.31,14.39,8.88,53.64
N20000768,Oldpark_P3,132,352,484,37.5,72.73,14,469,483,2.9,24,165,485,4.95,34.02,155,44,484,32.02,9.09,8,95,484,1.65,19.63,14,69,49,224,484,2.89,14.26,10.12,46.28
N20000769,Oldpark_R5,170,313,483,54.31,64.8,19,464,483,3.93,80,180,484,16.53,37.19,126,48,483,26.09,9.94,12,79,483,2.48,16.36,14,80,55,240,483,2.9,16.56,11.39,49.69
N20000770,Oldpark_Q3,225,354,579,63.56,61.14,41,538,579,7.08,54,308,579,9.33,53.20,140,59,578,24.22,10.21,11,112,580,1.9,19.31,8,103,65,367,579,1.38,17.79,11.23,63.39
N20000771,Oldpark_S1,88,329,417,26.75,78.9,22,395,417,5.28,60,97,419,14.32,23.15,159,48,417,38.13,11.51,15,105,417,3.6,25.18,26,65,62,180,417,6.24,15.59,14.87,43.17
N20000772,Oldpark_U1,42,179,221,23.46,81,8,213,221,3.62,31,31,221,14.03,14.03,46,55,223,20.63,24.66,15,29,222,6.76,13.06,14,50,30,108,221,6.33,22.62,13.57,48.87
N20000773,Oldpark_T1,86,339,425,25.37,79.76,21,404,425,4.94,19,110,425,4.47,25.88,169,53,425,39.76,12.47,10,103,425,2.35,24.24,14,61,43,195,425,3.29,14.35,10.12,45.88
N20000774,Oldpark_U2,64,163,227,39.26,71.81,10,217,227,4.41,8,79,227,3.52,34.80,59,35,227,25.99,15.42,6,48,227,2.64,21.15,15,21,21,148,227,6.61,9.25,9.25,65.2
N20000775,Oldpark_R6,109,332,441,32.83,75.28,10,431,441,2.27,34,132,441,7.71,29.93,138,60,441,31.29,13.61,13,95,441,2.95,21.54,15,51,58,267,443,3.39,11.51,13.09,60.27
N20000776,Oldpark_Q4,141,394,535,35.79,73.64,31,504,535,5.79,65,174,535,12.15,32.52,194,52,534,36.33,9.74,9,140,539,1.67,25.97,9,48,47,334,533,1.69,9.01,8.82,62.66
N20000777,Oldpark_S2,43,182,225,23.63,80.89,5,220,225,2.22,22,48,225,9.78,21.33,87,36,225,38.67,16,2,48,225,0.89,21.33,2,37,33,90,225,0.89,16.44,14.67,40
N20000778,Oldpark_S3,42,212,254,19.81,83.46,10,244,254,3.94,22,45,253,8.7,17.79,92,43,256,35.94,16.8,11,48,254,4.33,18.9,19,27,12,147,255,7.45,10.59,4.71,57.65
N20000779,Oldpark_T2,65,280,345,23.21,81.16,12,333,345,3.48,27,80,345,7.83,23.19,153,41,345,44.35,11.88,6,92,345,1.74,26.67,11,40,52,173,345,3.19,11.59,15.07,50.14
N20000780,Oldpark_S4,7,155,162,4.52,95.68,6,156,162,3.7,8,6,163,4.91,3.68,74,15,161,45.96,9.32,3,78,160,1.88,48.75,5,18,11,113,163,3.07,11.04,6.75,69.33
N20000781,Oldpark_T3,88,331,419,26.59,79,16,403,419,3.82,32,97,418,7.66,23.21,161,59,419,38.42,14.08,12,90,418,2.87,21.53,17,76,35,190,419,4.06,18.14,8.35,45.35
N20000782,Oldpark_S5,89,312,401,28.53,77.81,12,389,401,2.99,36,103,401,8.98,25.69,153,54,401,38.15,13.47,11,105,402,2.74,26.12,9,57,74,179,400,2.25,14.25,18.5,44.75
N20000783,Oldpark_U3,150,431,581,34.8,74.18,19,562,581,3.27,71,169,582,12.2,29.04,181,86,581,31.15,14.8,12,110,581,2.07,18.93,23,86,78,299,585,3.93,14.7,13.33,51.11
N20000784,Oldpark_T4,117,267,384,43.82,69.53,16,368,384,4.17,25,155,383,6.53,40.47,124,38,381,32.55,9.97,5,78,382,1.31,20.42,9,53,36,218,383,2.35,13.84,9.4,56.92
N20000785,Oldpark_U4,103,367,470,28.07,78.09,18,452,470,3.83,43,125,471,9.13,26.54,205,56,471,43.52,11.89,12,131,470,2.55,27.87,8,82,27,243,470,1.7,17.45,5.74,51.7
N20000786,Oldpark_U5,44,233,277,18.88,84.12,4,273,277,1.44,12,50,274,4.38,18.25,93,73,277,33.57,26.35,19,59,277,6.86,21.3,27,73,10,93,277,9.75,26.35,3.61,33.57
N20000787,Castle_A1,106,411,517,25.79,79.5,5,512,517,0.97,155,74,519,29.87,14.26,77,136,517,14.89,26.31,37,36,519,7.13,6.94,68,174,79,101,518,13.13,33.59,15.25,19.5
N20000788,Castle_A2,183,552,735,33.15,75.1,33,702,735,4.49,203,132,735,27.62,17.96,121,165,737,16.42,22.39,52,55,735,7.07,7.48,112,149,140,205,735,15.24,20.27,19.05,27.89
N20000789,Castle_A3,62,388,450,15.98,86.22,6,444,450,1.33,73,54,450,16.22,12.00,67,172,451,14.86,38.14,59,40,450,13.11,8.89,91,111,61,108,450,20.22,24.67,13.56,24
N20000790,Castle_B1,136,336,472,40.48,71.19,30,442,472,6.36,105,122,472,22.25,25.85,120,58,475,25.26,12.21,15,74,472,3.18,15.68,23,58,88,230,472,4.87,12.29,18.64,48.73
N20000791,Castle_B2,118,386,504,30.57,76.59,15,489,504,2.98,143,67,504,28.37,13.29,77,163,504,15.28,32.34,51,45,504,10.12,8.93,88,164,55,86,504,17.46,32.54,10.91,17.06
N20000792,Castle_B3,99,339,438,29.2,77.4,18,420,438,4.11,74,102,438,16.89,23.29,101,74,437,23.11,16.93,8,53,439,1.82,12.07,20,93,74,193,438,4.57,21.23,16.89,44.06
N20000793,Castle_B4,114,413,527,27.6,78.37,11,514,525,2.1,127,80,525,24.19,15.24,88,122,526,16.73,23.19,32,42,524,6.11,8.02,63,164,89,124,525,12,31.24,16.95,23.62
N20000794,Castle_C1,160,410,570,39.02,71.93,27,543,570,4.74,100,161,571,17.51,28.20,96,96,570,16.84,16.84,29,75,569,5.1,13.18,41,129,75,245,570,7.19,22.63,13.16,42.98
N20000795,Castle_C2,129,521,650,24.76,80.15,13,637,650,2,142,94,648,21.91,14.51,149,117,649,22.96,18.03,18,77,647,2.78,11.9,27,172,110,255,653,4.13,26.34,16.85,39.05
N20000796,Castle_D1,159,555,714,28.65,77.73,13,701,714,1.82,296,18,714,41.46,2.52,62,341,715,8.67,47.69,142,33,714,19.89,4.62,294,169,43,20,714,41.18,23.67,6.02,2.8
N20000797,Castle_C3,89,442,531,20.14,83.24,5,526,531,0.94,140,25,531,26.37,4.71,99,203,531,18.64,38.23,91,62,531,17.14,11.68,153,103,43,47,531,28.81,19.4,8.1,8.85
N20000798,Castle_E1,90,409,499,22,81.96,14,484,498,2.81,84,79,499,16.83,15.83,153,83,499,30.66,16.63,25,65,499,5.01,13.03,35,73,105,162,499,7.01,14.63,21.04,32.46
N20000799,Castle_D2,136,426,562,31.92,75.8,6,556,562,1.07,259,12,562,46.09,2.14,30,294,564,5.32,52.13,131,25,562,23.31,4.45,278,98,39,10,560,49.64,17.5,6.96,1.79
N20000800,Castle_E2,132,464,596,28.45,77.85,14,582,596,2.35,122,109,596,20.47,18.29,123,124,595,20.67,20.84,26,58,593,4.38,9.78,60,138,103,187,595,10.08,23.19,17.31,31.43
N20000801,Castle_E3,102,398,500,25.63,79.6,17,483,500,3.4,73,114,500,14.6,22.80,125,89,500,25,17.8,31,48,500,6.2,9.6,40,102,80,176,502,7.97,20.32,15.94,35.06
N20000802,Castle_F1,113,413,526,27.36,78.52,9,517,526,1.71,196,15,525,37.33,2.86,29,275,525,5.52,52.38,120,25,526,22.81,4.75,181,152,35,24,526,34.41,28.9,6.65,4.56
N20000803,Castle_F2,132,412,544,32.04,75.74,12,532,544,2.21,216,45,543,39.78,8.29,43,245,544,7.9,45.04,120,26,544,22.06,4.78,202,147,37,38,544,37.13,27.02,6.8,6.99
N20000804,Castle_H1,67,277,344,24.19,80.52,4,340,344,1.16,124,24,344,36.05,6.98,28,130,344,8.14,37.79,45,17,343,13.12,4.96,87,87,26,58,344,25.29,25.29,7.56,16.86
N20000805,Castle_G1,143,428,571,33.41,74.96,11,560,571,1.93,235,57,571,41.16,9.98,67,170,572,11.71,29.72,57,26,571,9.98,4.55,103,193,85,99,571,18.04,33.8,14.89,17.34
N20000806,Castle_G2,102,378,480,26.98,78.75,11,467,478,2.3,175,32,478,36.61,6.69,89,97,478,18.62,20.29,26,19,478,5.44,3.97,55,177,100,72,478,11.51,37.03,20.92,15.06
N20000807,Castle_J1,122,482,604,25.31,79.8,9,595,604,1.49,226,9,603,37.48,1.49,48,285,604,7.95,47.19,109,24,604,18.05,3.97,214,133,45,45,604,35.43,22.02,7.45,7.45
N20000808,Castle_D3,132,390,522,33.85,74.71,6,515,521,1.15,235,26,521,45.11,4.99,21,257,521,4.03,49.33,125,5,518,24.13,0.97,264,83,18,29,518,50.97,16.02,3.47,5.6
N20000809,Castle_G3,148,411,559,36.01,73.52,22,537,559,3.94,228,45,560,40.71,8.04,61,202,559,10.91,36.14,82,23,559,14.67,4.11,173,164,58,59,559,30.95,29.34,10.38,10.55
N20000810,Castle_H2,93,333,426,27.93,78.17,8,420,428,1.87,193,20,428,45.09,4.67,32,205,428,7.48,47.9,82,15,428,19.16,3.5,171,143,26,10,430,39.77,33.26,6.05,2.33
N20000811,Castle_H3,142,501,643,28.34,77.92,13,631,644,2.02,139,123,639,21.75,19.25,178,102,644,27.64,15.84,25,54,641,3.9,8.42,27,139,148,225,643,4.2,21.62,23.02,34.99
N20000812,Castle_F3,73,245,318,29.8,77.04,5,313,318,1.57,126,18,317,39.75,5.68,31,150,317,9.78,47.32,75,8,316,23.73,2.53,156,58,10,10,318,49.06,18.24,3.14,3.14
N20000813,Castle_H4,23,224,247,10.27,90.69,7,240,247,2.83,16,26,247,6.48,10.53,106,26,247,42.91,10.53,10,43,247,4.05,17.41,9,25,40,121,247,3.64,10.12,16.19,48.99
N20000814,Castle_J2,77,264,341,29.17,77.42,10,328,338,2.96,53,73,339,15.63,21.53,58,90,338,17.16,26.63,22,41,338,6.51,12.13,42,83,57,111,337,12.46,24.63,16.91,32.94
N20000815,Castle_J3,75,297,372,25.25,79.84,9,364,373,2.41,128,14,370,34.59,3.78,39,150,372,10.48,40.32,63,16,373,16.89,4.29,114,92,47,20,372,30.65,24.73,12.63,5.38
N20000816,Castle_J4,145,468,613,30.98,76.35,13,599,612,2.12,252,43,612,41.18,7.03,65,237,611,10.64,38.79,90,27,612,14.71,4.41,198,167,56,42,612,32.35,27.29,9.15,6.86
N20000817,Castle_H5,150,599,749,25.04,79.97,24,726,750,3.2,223,48,749,29.77,6.41,161,271,749,21.5,36.18,109,83,748,14.57,11.1,213,154,30,61,746,28.55,20.64,4.02,8.18
N20000818,Castle_L1,92,351,443,26.21,79.23,4,439,443,0.9,122,17,442,27.6,3.85,70,148,443,15.8,33.41,64,45,444,14.41,10.14,102,130,36,92,443,23.02,29.35,8.13,20.77
N20000819,Castle_G4,68,288,356,23.61,80.9,7,349,356,1.97,119,20,356,33.43,5.62,46,110,356,12.92,30.9,43,32,356,12.08,8.99,65,96,66,31,356,18.26,26.97,18.54,8.71
N20000820,Castle_G5,114,328,442,34.76,74.21,16,426,442,3.62,95,101,445,21.35,22.70,109,56,441,24.72,12.7,8,47,442,1.81,10.63,19,110,71,165,442,4.3,24.89,16.06,37.33
N20000821,Castle_K1,42,276,318,15.22,86.79,7,311,318,2.2,32,44,318,10.06,13.84,62,111,318,19.5,34.91,41,26,317,12.93,8.2,49,89,26,117,318,15.41,27.99,8.18,36.79
N20000822,Castle_L2,42,202,244,20.79,82.79,2,242,244,0.82,112,3,246,45.53,1.22,22,116,244,9.02,47.54,49,15,244,20.08,6.15,96,46,16,5,244,39.34,18.85,6.56,2.05
N20000823,Castle_K2,85,415,500,20.48,83,12,489,501,2.4,152,33,501,30.34,6.59,74,157,499,14.83,31.46,58,35,499,11.62,7.01,121,172,52,70,502,24.1,34.26,10.36,13.94
N20000824,Castle_L3,149,487,636,30.6,76.57,12,624,636,1.89,138,106,637,21.66,16.64,136,183,636,21.38,28.77,52,88,632,8.23,13.92,137,138,41,214,637,21.51,21.66,6.44,33.59
N20000825,Castle_Q1,57,263,320,21.67,82.19,4,316,320,1.25,13,70,320,4.06,21.88,37,167,320,11.56,52.19,69,32,321,21.5,9.97,99,91,24,101,320,30.94,28.44,7.5,31.56
N20000826,Castle_N1,44,264,308,16.67,85.71,11,297,308,3.57,62,21,307,20.2,6.84,74,94,309,23.95,30.42,23,60,308,7.47,19.48,52,79,25,52,308,16.88,25.65,8.12,16.88
N20000827,Castle_J5,121,395,516,30.63,76.55,10,506,516,1.94,216,20,514,42.02,3.89,51,184,516,9.88,35.66,61,19,516,11.82,3.68,147,138,76,53,516,28.49,26.74,14.73,10.27
N20000828,Castle_K3,58,282,340,20.57,82.94,4,336,340,1.18,63,43,341,18.48,12.61,89,86,340,26.18,25.29,12,24,339,3.54,7.08,34,94,46,90,339,10.03,27.73,13.57,26.55
N20000829,Castle_K4,47,280,327,16.79,85.63,8,319,327,2.45,58,32,327,17.74,9.79,85,83,327,25.99,25.38,18,40,329,5.47,12.16,26,81,42,126,328,7.93,24.7,12.8,38.41
N20000830,Castle_L4,78,298,376,26.17,79.26,10,366,376,2.66,95,28,377,25.2,7.43,88,96,376,23.4,25.53,25,46,376,6.65,12.23,39,89,49,107,375,10.4,23.73,13.07,28.53
N20000831,Castle_N2,125,398,523,31.41,76.1,6,517,523,1.15,127,74,523,24.28,14.15,90,157,526,17.11,29.85,31,49,524,5.92,9.35,72,158,60,123,523,13.77,30.21,11.47,23.52
N20000832,Castle_N3,59,250,309,23.6,80.91,5,304,309,1.62,33,62,308,10.71,20.13,90,56,313,28.75,17.89,11,66,311,3.54,21.22,14,64,32,92,311,4.5,20.58,10.29,29.58
N20000833,Castle_R1,98,423,521,23.17,81.19,16,505,521,3.07,102,71,521,19.58,13.63,101,138,521,19.39,26.49,33,64,521,6.33,12.28,52,178,72,131,521,9.98,34.17,13.82,25.14
N20000834,Castle_L5,106,237,343,44.73,69.1,12,329,341,3.52,57,117,341,16.72,34.31,84,35,341,24.63,10.26,7,50,342,2.05,14.62,2,58,70,157,338,0.59,17.16,20.71,46.45
N20000835,Castle_P1,162,560,722,28.93,77.56,19,703,722,2.63,135,139,723,18.67,19.23,163,140,720,22.64,19.44,27,74,722,3.74,10.25,39,178,103,280,722,5.4,24.65,14.27,38.78
N20000836,Castle_R2,96,400,496,24,80.65,14,482,496,2.82,53,88,498,10.64,17.67,135,118,496,27.22,23.79,25,101,498,5.02,20.28,35,90,39,222,496,7.06,18.15,7.86,44.76
N20000837,Castle_P2,93,481,574,19.33,83.8,13,561,574,2.26,123,52,575,21.39,9.04,131,118,573,22.86,20.59,35,52,573,6.11,9.08,45,163,89,137,575,7.83,28.35,15.48,23.83
N20000838,Castle_R3,89,374,463,23.8,80.78,17,446,463,3.67,121,43,460,26.3,9.35,62,181,464,13.36,39.01,60,50,461,13.02,10.85,89,118,71,132,463,19.22,25.49,15.33,28.51
N20000839,Castle_R4,49,310,359,15.81,86.35,4,355,359,1.11,69,23,359,19.22,6.41,97,96,359,27.02,26.74,29,49,359,8.08,13.65,46,83,43,67,359,12.81,23.12,11.98,18.66
N20000840,Castle_R5,94,286,380,32.87,75.26,15,365,380,3.95,63,87,379,16.62,22.96,65,96,380,17.11,25.26,20,56,380,5.26,14.74,49,89,50,166,380,12.89,23.42,13.16,43.68
N20000841,Castle_S1,277,615,892,45.04,68.95,28,864,892,3.14,259,235,889,29.13,26.43,156,177,890,17.53,19.89,52,79,893,5.82,8.85,127,241,125,310,894,14.21,26.96,13.98,34.68
N20000842,Castle_T1,60,260,320,23.08,81.25,8,312,320,2.5,63,51,318,19.81,16.04,71,80,316,22.47,25.32,22,41,321,6.85,12.77,41,100,42,114,320,12.81,31.25,13.13,35.63
N20000843,Castle_S2,52,292,344,17.81,84.88,2,340,342,0.58,56,33,347,16.14,9.51,89,105,344,25.87,30.52,24,56,342,7.02,16.37,30,73,50,117,345,8.7,21.16,14.49,33.91
N20000844,Castle_T2,128,392,520,32.65,75.38,28,492,520,5.38,95,137,521,18.23,26.30,188,52,520,36.15,10,11,80,522,2.11,15.33,14,126,57,217,520,2.69,24.23,10.96,41.73
N20000845,Castle_S3,86,258,344,33.33,75,9,335,344,2.62,89,69,344,25.87,20.06,70,64,343,20.41,18.66,16,32,345,4.64,9.28,24,64,86,126,345,6.96,18.55,24.93,36.52
N20000846,Castle_U1,107,306,413,34.97,74.09,26,387,413,6.3,95,93,414,22.95,22.46,97,75,413,23.49,18.16,19,66,413,4.6,15.98,26,93,65,166,413,6.3,22.52,15.74,40.19
N20000847,Castle_T3,82,231,313,35.5,73.8,15,296,311,4.82,37,93,314,11.78,29.62,94,36,313,30.03,11.5,13,55,313,4.15,17.57,11,34,59,149,313,3.51,10.86,18.85,47.6
N20000848,Castle_U2,170,307,477,55.37,64.36,31,446,477,6.5,82,208,476,17.23,43.70,121,48,477,25.37,10.06,7,81,477,1.47,16.98,24,61,58,287,477,5.03,12.79,12.16,60.17
N20000849,Castle_U3,132,442,574,29.86,77,23,551,574,4.01,96,110,573,16.75,19.20,137,136,575,23.83,23.65,27,73,574,4.7,12.72,48,122,107,235,572,8.39,21.33,18.71,41.08
N20000850,Castle_T4,53,228,281,23.25,81.14,7,275,282,2.48,40,46,282,14.18,16.31,110,47,284,38.73,16.55,8,54,282,2.84,19.15,19,41,37,122,282,6.74,14.54,13.12,43.26
N20000851,Castle_U4,150,317,467,47.32,67.88,30,437,467,6.42,52,171,467,11.13,36.62,159,32,467,34.05,6.85,9,104,466,1.93,22.32,4,55,65,282,467,0.86,11.78,13.92,60.39
N20000852,Castle_U5,145,295,440,49.15,67.05,21,419,440,4.77,80,139,439,18.22,31.66,144,41,440,32.73,9.32,11,84,440,2.5,19.09,16,48,83,241,439,3.64,10.93,18.91,54.9
N20000853,Castle_T5,142,390,532,36.41,73.31,21,511,532,3.95,79,144,534,14.79,26.97,174,56,531,32.77,10.55,8,117,534,1.5,21.91,9,81,57,294,532,1.69,15.23,10.71,55.26
N20000854,Castle_Q2,26,303,329,8.58,92.1,3,326,329,0.91,56,5,330,16.97,1.52,11,227,329,3.34,69,95,19,331,28.7,5.74,151,112,19,29,329,45.9,34.04,5.78,8.81
N20000855,Castle_Q3,26,"1,471",1497,1.77,98.26,40,1457,1497,2.67,51,2,1497,3.41,0.13,74,529,1496,4.95,35.36,120,69,1499,8.01,4.6,158,105,31,55,1497,10.55,7.01,2.07,3.67
N20000856,Titanic_A1,93,350,443,26.57,79.01,12,431,443,2.71,88,68,444,19.82,15.32,141,67,442,31.9,15.16,24,68,444,5.41,15.32,44,66,45,172,443,9.93,14.9,10.16,38.83
N20000857,Titanic_B1,63,507,570,12.43,88.95,5,563,568,0.88,141,12,568,24.82,2.11,21,400,569,3.69,70.3,207,30,569,36.38,5.27,326,182,18,24,568,57.39,32.04,3.17,4.23
N20000858,Titanic_A2,68,363,431,18.73,84.22,7,422,429,1.63,81,46,431,18.79,10.67,129,95,428,30.14,22.2,31,65,428,7.24,15.19,44,118,42,117,431,10.21,27.38,9.74,27.15
N20000859,Titanic_A3,48,326,374,14.72,87.17,5,369,374,1.34,77,20,374,20.59,5.35,46,145,373,12.33,38.87,48,22,375,12.8,5.87,88,138,33,78,374,23.53,36.9,8.82,20.86
N20000860,Titanic_C1,76,416,492,18.27,84.55,8,481,489,1.64,117,45,490,23.88,9.18,130,82,491,26.48,16.7,21,34,491,4.28,6.92,53,113,98,79,491,10.79,23.01,19.96,16.09
N20000861,Titanic_C2,62,350,412,17.71,84.95,6,406,412,1.46,114,18,412,27.67,4.37,87,112,412,21.12,27.18,44,18,412,10.68,4.37,63,145,63,39,411,15.33,35.28,15.33,9.49
N20000862,Titanic_C3,101,370,471,27.3,78.56,13,458,471,2.76,107,78,473,22.62,16.49,95,116,471,20.17,24.63,28,33,470,5.96,7.02,55,157,71,136,471,11.68,33.33,15.07,28.87
N20000863,Titanic_C4,46,273,319,16.85,85.58,6,313,319,1.88,91,10,319,28.53,3.13,59,112,319,18.5,35.11,31,28,319,9.72,8.78,68,76,27,37,319,21.32,23.82,8.46,11.6
N20000864,Titanic_C5,38,154,192,24.68,80.21,5,187,192,2.6,32,37,192,16.67,19.27,43,44,193,22.28,22.8,10,15,193,5.18,7.77,16,56,12,82,192,8.33,29.17,6.25,42.71
N20000865,Titanic_D1,87,308,395,28.25,77.97,11,384,395,2.78,81,76,394,20.56,19.29,76,97,396,19.19,24.49,25,29,396,6.31,7.32,42,114,76,100,395,10.63,28.86,19.24,25.32
N20000866,Titanic_D2,86,314,400,27.39,78.5,16,384,400,4,91,58,399,22.81,14.54,62,112,399,15.54,28.07,31,26,396,7.83,6.57,60,132,67,103,400,15,33,16.75,25.75
N20000867,Titanic_E1,109,286,395,38.11,72.41,13,380,393,3.31,86,97,394,21.83,24.62,71,82,394,18.02,20.81,16,32,394,4.06,8.12,29,138,52,132,393,7.38,35.11,13.23,33.59
N20000868,Titanic_D3,95,280,375,33.93,74.67,18,357,375,4.8,66,83,375,17.6,22.13,68,91,375,18.13,24.27,21,33,377,5.57,8.75,31,155,49,88,376,8.24,41.22,13.03,23.4
N20000869,Titanic_D4,77,311,388,24.76,80.15,3,385,388,0.77,113,34,387,29.2,8.79,61,127,388,15.72,32.73,45,21,388,11.6,5.41,72,131,54,40,388,18.56,33.76,13.92,10.31
N20000870,Titanic_F1,108,299,407,36.12,73.46,20,387,407,4.91,72,117,406,17.73,28.82,148,37,407,36.36,9.09,11,65,406,2.71,16.01,6,68,36,219,407,1.47,16.71,8.85,53.81
N20000871,Titanic_E2,72,329,401,21.88,82.04,7,395,402,1.74,92,44,402,22.89,10.95,87,95,402,21.64,23.63,30,29,401,7.48,7.23,64,101,55,96,403,15.88,25.06,13.65,23.82
N20000872,Titanic_D5,91,370,461,24.59,80.26,8,453,461,1.74,99,75,461,21.48,16.27,57,172,461,12.36,37.31,44,27,460,9.57,5.87,90,158,81,106,461,19.52,34.27,17.57,22.99
N20000873,Titanic_F2,63,262,325,24.05,80.62,9,318,327,2.75,64,58,327,19.57,17.74,119,37,327,36.39,11.31,11,44,327,3.36,13.46,14,48,68,143,330,4.24,14.55,20.61,43.33
N20000874,Titanic_F3,105,207,312,50.72,66.35,25,287,312,8.01,55,129,312,17.63,41.35,111,19,312,35.58,6.09,5,62,313,1.6,19.81,7,37,20,195,313,2.24,11.82,6.39,62.3
N20000875,Titanic_E3,113,345,458,32.75,75.33,19,439,458,4.15,115,89,459,25.05,19.39,86,113,455,18.9,24.84,31,41,460,6.74,8.91,56,143,51,184,459,12.2,31.15,11.11,40.09
N20000876,Titanic_G1,28,228,256,12.28,89.06,4,252,256,1.56,37,14,257,14.4,5.45,47,103,257,18.29,40.08,35,14,255,13.73,5.49,64,91,33,38,257,24.9,35.41,12.84,14.79
N20000877,Titanic_F4,133,395,528,33.67,74.81,20,508,528,3.79,76,141,528,14.39,26.70,185,52,529,34.97,9.83,13,100,527,2.47,18.98,35,72,34,282,528,6.63,13.64,6.44,53.41
N20000878,Titanic_J1,106,245,351,43.27,69.8,13,338,351,3.7,158,57,350,45.14,16.29,38,119,351,10.83,33.9,29,14,352,8.24,3.98,55,157,53,78,350,15.71,44.86,15.14,22.29
N20000879,Titanic_E4,39,226,265,17.26,85.28,1,264,265,0.38,62,19,264,23.48,7.20,57,73,266,21.43,27.44,29,17,266,10.9,6.39,49,81,48,42,265,18.49,30.57,18.11,15.85
N20000880,Titanic_F5,98,319,417,30.72,76.5,19,400,419,4.53,70,96,416,16.83,23.08,134,57,419,31.98,13.6,19,68,421,4.51,16.15,22,54,62,193,419,5.25,12.89,14.8,46.06
N20000881,Titanic_G2,74,393,467,18.83,84.15,8,459,467,1.71,78,64,467,16.7,13.70,92,178,467,19.7,38.12,51,51,466,10.94,10.94,81,136,42,130,467,17.34,29.12,8.99,27.84
N20000882,Titanic_B2,87,411,498,21.17,82.53,8,491,499,1.6,186,16,499,37.27,3.21,45,286,499,9.02,57.31,138,38,499,27.66,7.62,263,125,30,53,499,52.71,25.05,6.01,10.62
N20000883,Titanic_G3,45,328,373,13.72,87.94,4,369,373,1.07,61,31,373,16.35,8.31,81,125,373,21.72,33.51,42,39,373,11.26,10.46,77,94,36,88,373,20.64,25.2,9.65,23.59
N20000884,Titanic_B3,68,236,304,28.81,77.63,11,293,304,3.62,38,71,304,12.5,23.36,92,52,304,30.26,17.11,12,56,305,3.93,18.36,15,49,41,155,304,4.93,16.12,13.49,50.99
N20000885,Titanic_B4,84,307,391,27.36,78.52,15,374,389,3.86,36,101,389,9.25,25.96,79,107,390,20.26,27.44,44,60,390,11.28,15.38,60,102,34,161,393,15.27,25.95,8.65,40.97
N20000886,Titanic_H1,132,323,455,40.87,70.99,19,436,455,4.18,39,162,454,8.59,35.68,143,49,455,31.43,10.77,6,99,454,1.32,21.81,26,66,56,238,451,5.76,14.63,12.42,52.77
N20000887,Titanic_H2,147,489,636,30.06,76.89,20,617,637,3.14,93,143,637,14.6,22.45,201,82,638,31.5,12.85,24,122,640,3.75,19.06,38,151,66,279,637,5.97,23.7,10.36,43.8
N20000888,Titanic_J2,110,413,523,26.63,78.97,12,511,523,2.29,136,81,523,26,15.49,56,211,525,10.67,40.19,69,41,525,13.14,7.81,132,175,60,109,523,25.24,33.46,11.47,20.84
N20000889,Titanic_K1,63,219,282,28.77,77.66,6,276,282,2.13,124,13,282,43.97,4.61,26,126,282,9.22,44.68,41,13,290,14.14,4.48,78,117,31,12,282,27.66,41.49,10.99,4.26
N20000890,Titanic_K2,113,366,479,30.87,76.41,10,469,479,2.09,196,38,479,40.92,7.93,40,208,475,8.42,43.79,92,20,480,19.17,4.17,186,146,44,52,479,38.83,30.48,9.19,10.86
N20000891,Titanic_J3,44,327,371,13.46,88.14,9,362,371,2.43,48,39,367,13.08,10.63,79,114,371,21.29,30.73,32,29,369,8.67,7.86,55,112,58,102,372,14.78,30.11,15.59,27.42
N20000892,Titanic_N1,116,407,523,28.5,77.82,24,499,523,4.59,76,126,522,14.56,24.14,172,72,524,32.82,13.74,20,91,522,3.83,17.43,25,67,92,238,523,4.78,12.81,17.59,45.51
N20000893,Titanic_L1,126,393,519,32.06,75.72,16,503,519,3.08,97,103,521,18.62,19.77,145,80,519,27.94,15.41,20,75,520,3.85,14.42,30,79,76,270,519,5.78,15.22,14.64,52.02
N20000894,Titanic_H3,169,379,548,44.59,69.16,21,527,548,3.83,91,190,547,16.64,34.73,139,65,551,25.23,11.8,8,62,549,1.46,11.29,23,107,95,255,548,4.2,19.53,17.34,46.53
N20000895,Titanic_K3,31,202,233,15.35,86.7,11,222,233,4.72,47,24,233,20.17,10.30,36,91,233,15.45,39.06,33,17,237,13.92,7.17,69,61,17,67,233,29.61,26.18,7.3,28.76
N20000896,Titanic_H4,232,498,730,46.59,68.22,26,704,730,3.56,149,214,728,20.47,29.40,193,82,731,26.4,11.22,13,96,734,1.77,13.08,25,121,115,346,731,3.42,16.55,15.73,47.33
N20000897,Titanic_K4,74,337,411,21.96,82,9,402,411,2.19,149,14,411,36.25,3.41,60,176,412,14.56,42.72,74,45,411,18,10.95,145,101,40,27,411,35.28,24.57,9.73,6.57
N20000898,Titanic_Q1,33,237,270,13.92,87.78,6,264,270,2.22,50,24,271,18.45,8.86,59,84,270,21.85,31.11,24,19,269,8.92,7.06,33,91,49,65,270,12.22,33.7,18.15,24.07
N20000899,Titanic_J4,89,355,444,25.07,79.95,13,431,444,2.93,61,78,444,13.74,17.57,95,101,443,21.44,22.8,21,43,443,4.74,9.71,44,137,55,171,444,9.91,30.86,12.39,38.51
N20000900,Titanic_N2,79,278,357,28.42,77.87,3,354,357,0.84,55,78,357,15.41,21.85,98,57,357,27.45,15.97,15,41,355,4.23,11.55,9,103,50,131,357,2.52,28.85,14.01,36.69
N20000901,Titanic_L2,77,280,357,27.5,78.43,12,345,357,3.36,98,61,357,27.45,17.09,53,114,357,14.85,31.93,32,17,356,8.99,4.78,46,133,53,120,357,12.89,37.25,14.85,33.61
N20000902,Titanic_R1,131,475,606,27.58,78.38,7,599,606,1.16,248,25,606,40.92,4.13,75,277,605,12.4,45.79,126,24,606,20.79,3.96,254,121,45,26,607,41.85,19.93,7.41,4.28
N20000903,Titanic_N3,113,316,429,35.76,73.66,21,408,429,4.9,57,118,429,13.29,27.51,158,40,429,36.83,9.32,5,81,429,1.17,18.88,13,30,72,256,427,3.04,7.03,16.86,59.95
N20000904,Titanic_P1,111,403,514,27.54,78.4,11,503,514,2.14,58,128,515,11.26,24.85,154,60,514,29.96,11.67,21,98,514,4.09,19.07,26,95,79,201,514,5.06,18.48,15.37,39.11
N20000905,Titanic_L3,69,338,407,20.41,83.05,8,401,409,1.96,64,64,410,15.61,15.61,73,124,408,17.89,30.39,35,35,409,8.56,8.56,45,131,51,138,407,11.06,32.19,12.53,33.91
N20000906,Titanic_J5,30,186,216,16.13,86.11,5,211,216,2.31,22,31,216,10.19,14.35,51,37,216,23.61,17.13,12,17,220,5.45,7.73,17,66,46,55,218,7.8,30.28,21.1,25.23
N20000907,Titanic_Q2,52,351,403,14.81,87.1,13,390,403,3.23,64,44,403,15.88,10.92,73,135,404,18.07,33.42,39,29,405,9.63,7.16,64,120,65,125,404,15.84,29.7,16.09,30.94
N20000908,Titanic_S1,79,351,430,22.51,81.63,13,418,431,3.02,61,73,430,14.19,16.98,95,104,430,22.09,24.19,25,53,430,5.81,12.33,33,99,60,178,430,7.67,23.02,13.95,41.4
N20000909,Titanic_R2,149,544,693,27.39,78.5,6,687,693,0.87,274,6,693,39.54,0.87,82,294,693,11.83,42.42,137,42,695,19.71,6.04,249,180,62,51,693,35.93,25.97,8.95,7.36
N20000910,Titanic_L4,100,285,385,35.09,74.03,12,373,385,3.12,54,109,385,14.03,28.31,117,56,386,30.31,14.51,11,67,390,2.82,17.18,21,52,81,179,385,5.45,13.51,21.04,46.49
N20000911,Titanic_N4,52,225,277,23.11,81.23,11,266,277,3.97,48,44,278,17.27,15.83,97,40,277,35.02,14.44,5,41,274,1.82,14.96,13,52,38,109,279,4.66,18.64,13.62,39.07
N20000912,Titanic_P2,67,282,349,23.76,80.8,10,339,349,2.87,73,49,351,20.8,13.96,74,114,347,21.33,32.85,40,44,347,11.53,12.68,52,71,57,136,349,14.9,20.34,16.33,38.97
N20000913,Titanic_S2,81,238,319,34.03,74.61,9,311,320,2.81,74,59,319,23.2,18.50,77,75,316,24.37,23.73,23,37,317,7.26,11.67,29,71,56,134,319,9.09,22.26,17.55,42.01
N20000914,Titanic_T1,51,291,342,17.53,85.09,8,334,342,2.34,42,52,342,12.28,15.20,91,59,341,26.69,17.3,12,50,339,3.54,14.75,20,90,47,163,342,5.85,26.32,13.74,47.66
N20000915,Titanic_T2,71,209,280,33.97,74.64,13,267,280,4.64,86,49,278,30.94,17.63,61,60,278,21.94,21.58,8,31,286,2.8,10.84,26,94,34,112,281,9.25,33.45,12.1,39.86
N20000916,Titanic_Q3,68,334,402,20.36,83.08,10,393,403,2.48,71,36,402,17.66,8.96,62,152,402,15.42,37.81,43,23,401,10.72,5.74,57,137,49,101,402,14.18,34.08,12.19,25.12
N20000917,Titanic_Q4,75,360,435,20.83,82.76,6,429,435,1.38,67,56,434,15.44,12.90,70,132,437,16.02,30.21,33,36,438,7.53,8.22,62,132,47,151,434,14.29,30.41,10.83,34.79
N20000918,Titanic_P3,75,260,335,28.85,77.61,15,320,335,4.48,47,82,335,14.03,24.48,118,47,334,35.33,14.07,5,63,334,1.5,18.86,15,61,38,149,335,4.48,18.21,11.34,44.48
N20000919,Titanic_T3,114,307,421,37.13,72.92,17,404,421,4.04,78,108,420,18.57,25.71,130,58,420,30.95,13.81,11,67,422,2.61,15.88,13,84,45,222,421,3.09,19.95,10.69,52.73
N20000920,Titanic_Q5,33,293,326,11.26,89.88,8,318,326,2.45,37,27,326,11.35,8.28,88,100,325,27.08,30.77,25,57,326,7.67,17.48,40,86,24,117,325,12.31,26.46,7.38,36
N20000921,Titanic_T4,69,240,309,28.75,77.67,12,297,309,3.88,49,62,309,15.86,20.06,105,29,308,34.09,9.42,10,70,309,3.24,22.65,13,63,29,155,309,4.21,20.39,9.39,50.16
N20000922,Titanic_S3,95,326,421,29.14,77.43,12,408,420,2.86,48,90,420,11.43,21.43,133,78,420,31.67,18.57,19,70,420,4.52,16.67,23,74,49,210,420,5.48,17.62,11.67,50
N20000923,Titanic_R3,56,316,372,17.72,84.95,11,361,372,2.96,94,20,368,25.54,5.43,60,135,372,16.13,36.29,41,24,372,11.02,6.45,88,98,45,78,370,23.78,26.49,12.16,21.08
N20000924,Titanic_P4,139,347,486,40.06,71.4,23,463,486,4.73,104,118,487,21.36,24.23,114,84,486,23.46,17.28,22,72,486,4.53,14.81,39,96,58,266,485,8.04,19.79,11.96,54.85
N20000925,Titanic_U1,49,190,239,25.79,79.5,7,231,238,2.94,68,24,238,28.57,10.08,42,79,237,17.72,33.33,20,16,238,8.4,6.72,45,55,68,53,238,18.91,23.11,28.57,22.27
N20000926,Titanic_X1,49,272,321,18.01,84.74,7,314,321,2.18,69,35,321,21.5,10.90,72,90,322,22.36,27.95,36,25,321,11.21,7.79,55,83,45,98,322,17.08,25.78,13.98,30.43
N20000927,Titanic_W1,191,394,585,48.48,67.35,29,558,587,4.94,120,198,586,20.48,33.79,122,92,586,20.82,15.7,25,76,585,4.27,12.99,39,111,72,324,587,6.64,18.91,12.27,55.2
N20000928,Titanic_S4,56,247,303,22.67,81.52,6,297,303,1.98,64,41,302,21.19,13.58,72,67,303,23.76,22.11,21,24,302,6.95,7.95,33,91,56,88,303,10.89,30.03,18.48,29.04
N20000929,Titanic_R4,48,272,320,17.65,85,6,314,320,1.88,56,40,319,17.55,12.54,45,101,320,14.06,31.56,31,15,318,9.75,4.72,56,86,67,85,320,17.5,26.88,20.94,26.56
N20000930,Titanic_U2,33,204,237,16.18,86.08,7,231,238,2.94,58,12,237,24.47,5.06,57,67,237,24.05,28.27,16,19,236,6.78,8.05,36,66,30,60,238,15.13,27.73,12.61,25.21
N20000931,Titanic_T5,120,388,508,30.93,76.38,20,488,508,3.94,116,87,508,22.83,17.13,123,114,508,24.21,22.44,29,71,506,5.73,14.03,43,125,72,210,508,8.46,24.61,14.17,41.34
N20000932,Titanic_W2,56,296,352,18.92,84.09,8,344,352,2.27,29,53,352,8.24,15.06,77,81,352,21.88,23.01,15,58,351,4.27,16.52,21,88,66,146,352,5.97,25,18.75,41.48
N20000933,Titanic_U3,76,322,398,23.6,80.9,9,389,398,2.26,57,69,398,14.32,17.34,98,97,398,24.62,24.37,23,35,399,5.76,8.77,38,99,44,186,400,9.5,24.75,11,46.5
N20000934,Titanic_Y1,73,416,489,17.55,85.07,7,480,487,1.44,57,52,486,11.73,10.70,78,180,487,16.02,36.96,55,41,490,11.22,8.37,92,142,54,141,488,18.85,29.1,11.07,28.89
N20000935,Titanic_X2,80,369,449,21.68,82.18,4,445,449,0.89,156,16,448,34.82,3.57,80,123,446,17.94,27.58,41,33,449,9.13,7.35,100,118,60,61,449,22.27,26.28,13.36,13.59
N20000936,Titanic_W3,117,402,519,29.1,77.46,18,501,519,3.47,69,131,519,13.29,25.24,191,70,518,36.87,13.51,20,97,517,3.87,18.76,18,64,37,256,518,3.47,12.36,7.14,49.42
N20000937,Titanic_X3,83,387,470,21.45,82.34,9,461,470,1.91,110,69,470,23.4,14.68,72,167,470,15.32,35.53,61,35,470,12.98,7.45,99,134,48,134,471,21.02,28.45,10.19,28.45
N20000938,Titanic_U4,55,251,306,21.91,82.03,5,301,306,1.63,66,35,307,21.5,11.40,67,93,305,21.97,30.49,20,26,307,6.51,8.47,35,96,56,98,306,11.44,31.37,18.3,32.03
N20000939,Titanic_Y2,75,273,348,27.47,78.45,6,341,347,1.73,76,52,348,21.84,14.94,51,119,348,14.66,34.2,33,30,347,9.51,8.65,61,85,52,126,350,17.43,24.29,14.86,36
N20000940,Titanic_Z1,68,256,324,26.56,79.01,8,316,324,2.47,47,75,324,14.51,23.15,70,93,325,21.54,28.62,19,24,324,5.86,7.41,33,89,55,132,324,10.19,27.47,16.98,40.74
N20000941,Titanic_Z2,125,504,629,24.8,80.13,26,603,629,4.13,107,112,628,17.04,17.83,136,151,630,21.59,23.97,29,45,629,4.61,7.15,68,165,100,211,629,10.81,26.23,15.9,33.55
N20000942,Titanic_Y3,122,306,428,39.87,71.5,19,409,428,4.44,92,97,426,21.6,22.77,67,120,428,15.65,28.04,37,37,426,8.69,8.69,81,98,39,175,428,18.93,22.9,9.11,40.89
N20000943,Titanic_Z3,55,314,369,17.52,85.09,3,364,367,0.82,76,21,367,20.71,5.72,73,141,367,19.89,38.42,46,33,368,12.5,8.97,77,114,49,99,367,20.98,31.06,13.35,26.98
N20000944,Titanic_Y4,50,317,367,15.77,86.38,6,360,366,1.64,19,67,366,5.19,18.31,24,239,368,6.52,64.95,97,17,370,26.22,4.59,148,119,8,88,366,40.44,32.51,2.19,24.04
N20000945,Ormiston_B1,65,320,385,20.31,83.12,5,380,385,1.3,133,17,385,34.55,4.42,45,158,386,11.66,40.93,64,14,385,16.62,3.64,130,124,38,45,386,33.68,32.12,9.84,11.66
N20000946,Ormiston_A1,51,271,322,18.82,84.16,1,321,322,0.31,89,13,322,27.64,4.04,36,110,327,11.01,33.64,38,9,320,11.88,2.81,60,133,30,36,321,18.69,41.43,9.35,11.21
N20000947,Ormiston_A2,84,290,374,28.97,77.54,6,368,374,1.6,82,68,373,21.98,18.23,106,66,372,28.49,17.74,11,32,376,2.93,8.51,18,74,76,108,374,4.81,19.79,20.32,28.88
N20000948,Ormiston_B2,115,266,381,43.23,69.82,16,365,381,4.2,98,112,382,25.65,29.32,69,57,383,18.02,14.88,13,44,381,3.41,11.55,19,82,60,159,382,4.97,21.47,15.71,41.62
N20000949,Ormiston_A3,138,441,579,31.29,76.17,18,558,576,3.13,133,120,577,23.05,20.80,154,84,579,26.6,14.51,17,62,576,2.95,10.76,45,108,113,210,579,7.77,18.65,19.52,36.27
N20000950,Ormiston_B3,78,407,485,19.16,83.92,9,476,485,1.86,124,28,487,25.46,5.75,75,160,485,15.46,32.99,47,25,485,9.69,5.15,97,186,62,50,485,20,38.35,12.78,10.31
N20000951,Ormiston_A4,55,232,287,23.71,80.84,10,277,287,3.48,69,49,288,23.96,17.01,62,63,288,21.53,21.88,27,12,288,9.38,4.17,47,63,23,78,287,16.38,21.95,8.01,27.18
N20000952,Ormiston_C1,91,348,439,26.15,79.27,4,435,439,0.91,168,13,440,38.18,2.95,28,227,439,6.38,51.71,99,14,436,22.71,3.21,196,85,14,7,439,44.65,19.36,3.19,1.59
N20000953,Ormiston_C2,96,477,573,20.13,83.25,6,568,574,1.05,183,16,570,32.11,2.81,52,288,572,9.09,50.35,151,14,572,26.4,2.45,203,121,12,33,572,35.49,21.15,2.1,5.77
N20000954,Ormiston_A5,74,262,336,28.24,77.98,4,332,336,1.19,145,11,336,43.15,3.27,31,154,337,9.2,45.7,78,7,334,23.35,2.1,134,71,25,15,337,39.76,21.07,7.42,4.45
N20000955,Ormiston_C3,107,287,394,37.28,72.84,8,387,395,2.03,204,4,394,51.78,1.02,15,216,391,3.84,55.24,116,5,392,29.59,1.28,225,72,13,0,393,57.25,18.32,3.31,0
N20000956,Ormiston_B4,132,696,828,18.97,84.06,8,820,828,0.97,278,25,826,33.66,3.03,139,308,826,16.83,37.29,155,49,828,18.72,5.92,276,162,73,32,830,33.25,19.52,8.8,3.86
N20000957,Ormiston_D1,94,349,443,26.93,78.78,16,427,443,3.61,126,62,444,28.38,13.96,89,99,443,20.09,22.35,31,41,444,6.98,9.23,53,92,96,125,442,11.99,20.81,21.72,28.28
N20000958,Ormiston_D2,95,571,666,16.64,85.74,12,655,667,1.8,197,23,666,29.58,3.45,95,252,666,14.26,37.84,86,22,666,12.91,3.3,174,212,46,53,666,26.13,31.83,6.91,7.96
N20000959,Ormiston_F1,97,401,498,24.19,80.52,7,490,497,1.41,212,11,497,42.66,2.21,35,244,499,7.01,48.9,111,16,503,22.07,3.18,205,121,11,14,500,41,24.2,2.2,2.8
N20000960,Ormiston_C4,116,422,538,27.49,78.44,5,533,538,0.93,232,0,540,42.96,0.00,35,276,539,6.49,51.21,124,20,538,23.05,3.72,238,81,31,20,538,44.24,15.06,5.76,3.72
N20000961,Ormiston_D3,126,329,455,38.3,72.31,10,444,454,2.2,241,11,454,53.08,2.42,17,226,455,3.74,49.67,107,9,454,23.57,1.98,225,74,54,10,454,49.56,16.3,11.89,2.2
N20000962,Ormiston_D4,144,512,656,28.13,78.05,12,644,656,1.83,277,37,656,42.23,5.64,52,278,656,7.93,42.38,132,20,657,20.09,3.04,218,187,42,42,656,33.23,28.51,6.4,6.4
N20000963,Ormiston_F2,82,250,332,32.8,75.3,3,330,333,0.9,127,21,332,38.25,6.33,10,173,332,3.01,52.11,79,14,333,23.72,4.2,181,79,13,16,332,54.52,23.8,3.92,4.82
N20000964,Ormiston_E1,48,341,389,14.08,87.66,5,384,389,1.29,88,11,388,22.68,2.84,65,164,389,16.71,42.16,73,28,389,18.77,7.2,101,90,25,27,389,25.96,23.14,6.43,6.94
N20000965,Ormiston_C5,135,394,529,34.26,74.48,9,520,529,1.7,253,21,529,47.83,3.97,18,276,531,3.39,51.98,143,13,529,27.03,2.46,215,134,17,7,529,40.64,25.33,3.21,1.32
N20000966,Ormiston_E2,82,340,422,24.12,80.57,13,408,421,3.09,125,33,421,29.69,7.84,64,162,422,15.17,38.39,56,34,422,13.27,8.06,98,149,34,80,423,23.17,35.22,8.04,18.91
N20000967,Ormiston_F3,178,317,495,56.15,64.04,6,489,495,1.21,139,11,495,28.08,2.22,67,170,497,13.48,34.21,69,19,496,13.91,3.83,144,66,24,17,496,29.03,13.31,4.84,3.43
N20000968,Ormiston_E3,99,433,532,22.86,81.39,13,519,532,2.44,165,31,530,31.13,5.85,85,211,531,16.01,39.74,89,64,532,16.73,12.03,169,146,30,56,532,31.77,27.44,5.64,10.53
N20000969,Ormiston_E4,136,460,596,29.57,77.18,12,583,595,2.02,234,24,593,39.46,4.05,66,263,594,11.11,44.28,112,29,595,18.82,4.87,239,157,33,26,595,40.17,26.39,5.55,4.37
N20000970,Ormiston_G1,97,422,519,22.99,81.31,3,516,519,0.58,144,62,520,27.69,11.92,64,207,521,12.28,39.73,74,25,519,14.26,4.82,140,152,46,67,519,26.97,29.29,8.86,12.91
N20000971,Ormiston_F4,127,409,536,31.05,76.31,7,529,536,1.31,264,3,536,49.25,0.56,35,278,536,6.53,51.87,143,9,535,26.73,1.68,252,109,17,7,538,46.84,20.26,3.16,1.3
N20000972,Ormiston_H1,32,172,204,18.6,84.31,5,199,204,2.45,48,7,203,23.65,3.45,17,102,204,8.33,50,40,8,205,19.51,3.9,64,88,14,16,203,31.53,43.35,6.9,7.88
N20000973,Ormiston_H2,78,251,329,31.08,76.29,7,322,329,2.13,157,10,329,47.72,3.04,23,170,328,7.01,51.83,81,16,330,24.55,4.85,157,97,7,11,329,47.72,29.48,2.13,3.34
N20000974,Ormiston_G2,109,328,437,33.23,75.06,0,437,437,0,211,14,437,48.28,3.20,15,240,437,3.43,54.92,121,4,438,27.63,0.91,218,86,16,16,436,50,19.72,3.67,3.67
N20000975,Ormiston_G3,121,476,597,25.42,79.73,5,592,597,0.84,234,13,596,39.26,2.18,47,281,597,7.87,47.07,136,23,599,22.7,3.84,228,142,58,28,597,38.19,23.79,9.72,4.69
N20000976,Ormiston_H3,57,442,499,12.9,88.58,12,487,499,2.4,84,37,499,16.83,7.41,69,218,499,13.83,43.69,66,35,497,13.28,7.04,123,165,47,86,499,24.65,33.07,9.42,17.23
N20000977,Ormiston_J1,65,361,426,18.01,84.74,10,416,426,2.35,85,45,426,19.95,10.56,64,170,425,15.06,40,65,20,425,15.29,4.71,102,129,49,41,428,23.83,30.14,11.45,9.58
N20000978,Ormiston_J2,44,329,373,13.37,88.2,5,368,373,1.34,95,10,372,25.54,2.69,22,204,373,5.9,54.69,82,11,373,21.98,2.95,131,131,21,22,373,35.12,35.12,5.63,5.9
N20000979,Ormiston_N1,113,423,536,26.71,78.92,8,528,536,1.49,231,19,539,42.86,3.53,29,247,537,5.4,46,103,13,536,19.22,2.43,242,117,74,18,535,45.23,21.87,13.83,3.36
N20000980,Ormiston_L1,124,399,523,31.08,76.29,21,502,523,4.02,102,117,523,19.5,22.37,127,77,523,24.28,14.72,18,61,525,3.43,11.62,20,111,92,215,520,3.85,21.35,17.69,41.35
N20000981,Ormiston_J3,81,395,476,20.51,82.98,9,467,476,1.89,153,35,476,32.14,7.35,58,211,474,12.24,44.51,80,22,476,16.81,4.62,146,144,50,56,475,30.74,30.32,10.53,11.79
N20000982,Ormiston_F5,146,474,620,30.8,76.45,3,618,621,0.48,288,19,618,46.6,3.07,30,326,621,4.83,52.5,153,15,622,24.6,2.41,291,139,37,12,620,46.94,22.42,5.97,1.94
N20000983,Ormiston_G4,93,504,597,18.45,84.42,8,589,597,1.34,179,17,596,30.03,2.85,63,295,598,10.54,49.33,137,21,599,22.87,3.51,211,94,25,27,594,35.52,15.82,4.21,4.55
N20000984,Ormiston_H4,141,416,557,33.89,74.69,19,538,557,3.41,254,23,557,45.6,4.13,35,261,554,6.32,47.11,113,14,555,20.36,2.52,260,149,38,22,558,46.59,26.7,6.81,3.94
N20000985,Ormiston_H5,67,216,283,31.02,76.33,6,277,283,2.12,120,12,281,42.7,4.27,22,144,285,7.72,50.53,66,10,284,23.24,3.52,148,39,11,25,283,52.3,13.78,3.89,8.83
N20000986,Ormiston_J4,56,273,329,20.51,82.98,2,328,330,0.61,85,25,332,25.6,7.53,53,115,329,16.11,34.95,41,17,330,12.42,5.15,94,103,21,28,329,28.57,31.31,6.38,8.51
N20000987,Ormiston_K1,95,398,493,23.87,80.73,10,483,493,2.03,182,16,492,36.99,3.25,70,126,493,14.2,25.56,44,21,495,8.89,4.24,71,161,90,59,492,14.43,32.72,18.29,11.99
N20000988,Ormiston_N2,97,603,700,16.09,86.14,6,694,700,0.86,165,22,700,23.57,3.14,146,288,699,20.89,41.2,133,83,700,19,11.86,217,122,40,34,700,31,17.43,5.71,4.86
N20000989,Ormiston_L2,94,345,439,27.25,78.59,17,421,438,3.88,81,96,439,18.45,21.87,112,59,438,25.57,13.47,12,60,437,2.75,13.73,15,100,86,156,439,3.42,22.78,19.59,35.54
N20000990,Ormiston_K2,82,299,381,27.42,78.48,13,368,381,3.41,144,14,380,37.89,3.68,60,108,380,15.79,28.42,38,9,381,9.97,2.36,75,103,68,66,381,19.69,27.03,17.85,17.32
N20000991,Ormiston_J5,79,276,355,28.62,77.75,5,350,355,1.41,144,13,352,40.91,3.69,31,124,354,8.76,35.03,47,17,356,13.2,4.78,108,92,39,40,355,30.42,25.92,10.99,11.27
N20000992,Ormiston_P1,86,309,395,27.83,78.23,4,391,395,1.01,164,10,394,41.62,2.54,39,156,396,9.85,39.39,70,12,395,17.72,3.04,128,94,30,19,395,32.41,23.8,7.59,4.81
N20000993,Ormiston_K3,100,446,546,22.42,81.68,3,542,545,0.55,194,15,547,35.47,2.74,71,208,545,13.03,38.17,78,29,546,14.29,5.31,177,142,56,38,546,32.42,26.01,10.26,6.96
N20000994,Ormiston_K4,91,479,570,19,84.04,7,563,570,1.23,152,20,569,26.71,3.51,109,151,570,19.12,26.49,54,30,570,9.47,5.26,96,131,94,78,572,16.78,22.9,16.43,13.64
N20000995,Ormiston_R1,205,577,782,35.53,73.79,15,768,783,1.92,406,20,781,51.98,2.56,41,365,782,5.24,46.68,158,14,783,20.18,1.79,334,230,53,45,781,42.77,29.45,6.79,5.76
N20000996,Ormiston_L3,79,353,432,22.38,81.71,18,413,431,4.18,87,53,434,20.05,12.21,129,56,430,30,13.02,13,62,429,3.03,14.45,21,67,88,183,433,4.85,15.47,20.32,42.26
N20000997,Ormiston_N3,138,523,661,26.39,79.12,10,651,661,1.51,255,28,661,38.58,4.24,76,271,661,11.5,41,116,21,661,17.55,3.18,238,160,65,39,661,36.01,24.21,9.83,5.9
N20000998,Ormiston_P2,79,291,370,27.15,78.65,3,367,370,0.81,166,11,371,44.74,2.96,15,170,370,4.05,45.95,73,11,368,19.84,2.99,134,91,36,9,371,36.12,24.53,9.7,2.43
N20000999,Ormiston_L4,81,192,273,42.19,70.33,8,265,273,2.93,58,89,273,21.25,32.60,75,27,273,27.47,9.89,3,29,273,1.1,10.62,3,59,39,137,273,1.1,21.61,14.29,50.18
N20001000,Ormiston_Q1,73,286,359,25.52,79.67,8,351,359,2.23,59,54,359,16.43,15.04,115,43,359,32.03,11.98,13,46,359,3.62,12.81,15,76,50,145,359,4.18,21.17,13.93,40.39
N20001001,Ormiston_N4,87,378,465,23.02,81.29,6,459,465,1.29,185,9,466,39.7,1.93,32,244,465,6.88,52.47,103,10,466,22.1,2.15,179,105,38,12,464,38.58,22.63,8.19,2.59
N20001002,Ormiston_P3,47,215,262,21.86,82.06,7,255,262,2.67,63,28,262,24.05,10.69,39,86,262,14.89,32.82,36,25,263,13.69,9.51,62,35,37,53,264,23.48,13.26,14.02,20.08
N20001003,Ormiston_Q2,65,272,337,23.9,80.71,10,327,337,2.97,65,45,337,19.29,13.35,73,71,337,21.66,21.07,25,22,338,7.4,6.51,49,82,72,79,339,14.45,24.19,21.24,23.3
N20001004,Ormiston_L5,142,318,460,44.65,69.13,19,441,460,4.13,122,134,461,26.46,29.07,135,33,460,29.35,7.17,9,43,460,1.96,9.35,13,98,98,177,460,2.83,21.3,21.3,38.48
N20001005,Ormiston_R2,115,422,537,27.25,78.58,7,530,537,1.3,241,7,536,44.96,1.31,38,265,536,7.09,49.44,138,9,538,25.65,1.67,248,94,19,5,537,46.18,17.5,3.54,0.93
N20001006,Ormiston_P4,164,489,653,33.54,74.89,18,635,653,2.76,306,34,650,47.08,5.23,79,223,653,12.1,34.15,72,28,653,11.03,4.29,177,231,83,64,653,27.11,35.38,12.71,9.8
N20001007,Ormiston_S1,195,574,769,33.97,74.64,24,748,772,3.11,240,117,771,31.13,15.18,116,193,770,15.06,25.06,64,63,770,8.31,8.18,120,204,150,180,769,15.6,26.53,19.51,23.41
N20001008,Ormiston_P5,124,437,561,28.38,77.9,9,552,561,1.6,230,14,563,40.85,2.49,32,244,564,5.67,43.26,96,12,563,17.05,2.13,235,144,41,22,562,41.81,25.62,7.3,3.91
N20001009,Ormiston_Q3,99,331,430,29.91,76.98,8,422,430,1.86,105,87,429,24.48,20.28,96,63,430,22.33,14.65,17,31,429,3.96,7.23,26,102,70,154,430,6.05,23.72,16.28,35.81
N20001010,Ormiston_R3,100,338,438,29.59,77.17,6,433,439,1.37,204,7,440,46.36,1.59,25,226,439,5.69,51.48,100,17,440,22.73,3.86,198,141,16,9,439,45.1,32.12,3.64,2.05
N20001011,Ormiston_S2,119,448,567,26.56,79.01,11,556,567,1.94,154,77,567,27.16,13.58,133,81,567,23.46,14.29,20,43,567,3.53,7.58,43,128,104,170,567,7.58,22.57,18.34,29.98
N20001012,Ormiston_T1,54,238,292,22.69,81.51,10,280,290,3.45,31,60,293,10.58,20.48,79,41,289,27.34,14.19,7,44,289,2.42,15.22,16,65,35,136,290,5.52,22.41,12.07,46.9
N20001013,Ormiston_S3,111,437,548,25.4,79.74,6,542,548,1.09,202,35,545,37.06,6.42,82,150,547,14.99,27.42,64,31,553,11.57,5.61,109,122,76,90,547,19.93,22.3,13.89,16.45
N20001014,Ormiston_T2,106,396,502,26.77,78.88,18,484,502,3.59,142,67,501,28.34,13.37,112,83,502,22.31,16.53,23,57,501,4.59,11.38,44,115,83,167,502,8.76,22.91,16.53,33.27
N20001015,Ormiston_T3,102,510,612,20,83.33,9,603,612,1.47,166,38,612,27.12,6.21,98,186,610,16.07,30.49,66,31,613,10.77,5.06,143,160,91,79,612,23.37,26.14,14.87,12.91
N20001016,Ormiston_T4,168,487,655,34.5,74.35,23,632,655,3.51,220,101,655,33.59,15.42,94,187,655,14.35,28.55,78,41,654,11.93,6.27,153,173,93,132,655,23.36,26.41,14.2,20.15
N20001017,Lisnasharragh_B1,44,276,320,15.94,86.25,11,309,320,3.44,67,19,319,21,5.96,64,98,320,20,30.63,31,14,320,9.69,4.38,43,98,55,52,322,13.35,30.43,17.08,16.15
N20001018,Lisnasharragh_A1,49,201,250,24.38,80.4,8,242,250,3.2,40,41,250,16,16.40,61,58,250,24.4,23.2,15,34,249,6.02,13.65,42,41,17,104,249,16.87,16.47,6.83,41.77
N20001019,Lisnasharragh_A2,81,428,509,18.93,84.09,15,494,509,2.95,161,18,509,31.63,3.54,73,175,507,14.4,34.52,69,26,509,13.56,5.11,122,144,68,98,512,23.83,28.13,13.28,19.14
N20001020,Lisnasharragh_B2,159,475,634,33.47,74.92,9,625,634,1.42,283,34,635,44.57,5.35,63,222,634,9.94,35.02,75,17,634,11.83,2.68,188,185,91,60,633,29.7,29.23,14.38,9.48
N20001021,Lisnasharragh_D1,65,390,455,16.67,85.71,5,450,455,1.1,71,42,456,15.57,9.21,45,200,455,9.89,43.96,53,19,455,11.65,4.18,79,187,64,83,455,17.36,41.1,14.07,18.24
N20001022,Lisnasharragh_B3,96,360,456,26.67,78.95,9,447,456,1.97,187,14,456,41.01,3.07,50,155,455,10.99,34.07,71,20,456,15.57,4.39,132,146,45,41,456,28.95,32.02,9.87,8.99
N20001023,Lisnasharragh_A3,74,373,447,19.84,83.45,6,442,448,1.34,140,25,446,31.39,5.61,68,156,448,15.18,34.82,68,12,448,15.18,2.68,115,131,90,53,449,25.61,29.18,20.04,11.8
N20001024,Lisnasharragh_C1,89,490,579,18.16,84.63,6,573,579,1.04,148,35,579,25.56,6.04,21,382,579,3.63,65.98,169,13,582,29.04,2.23,273,196,41,47,579,47.15,33.85,7.08,8.12
N20001025,Lisnasharragh_B4,46,220,266,20.91,82.71,3,263,266,1.13,88,9,265,33.21,3.40,34,101,265,12.83,38.11,40,9,267,14.98,3.37,64,84,26,42,267,23.97,31.46,9.74,15.73
N20001026,Lisnasharragh_D2,82,330,412,24.85,80.1,11,401,412,2.67,84,71,410,20.49,17.32,94,98,414,22.71,23.67,38,47,413,9.2,11.38,60,115,33,120,411,14.6,27.98,8.03,29.2
N20001027,Lisnasharragh_C2,57,306,363,18.63,84.3,13,350,363,3.58,79,29,365,21.64,7.95,64,147,364,17.58,40.38,54,23,363,14.88,6.34,93,117,31,71,364,25.55,32.14,8.52,19.51
N20001028,Lisnasharragh_A4,104,433,537,24.02,80.63,12,525,537,2.23,135,61,537,25.14,11.36,76,186,536,14.18,34.7,53,30,535,9.91,5.61,131,169,77,79,537,24.39,31.47,14.34,14.71
N20001029,Lisnasharragh_D3,41,296,337,13.85,87.83,6,331,337,1.78,52,23,337,15.43,6.82,59,153,336,17.56,45.54,61,19,335,18.21,5.67,74,101,55,65,338,21.89,29.88,16.27,19.23
N20001030,Lisnasharragh_C3,71,277,348,25.63,79.6,2,345,347,0.58,130,18,348,37.36,5.17,33,165,348,9.48,47.41,71,10,350,20.29,2.86,138,96,30,22,348,39.66,27.59,8.62,6.32
N20001031,Lisnasharragh_B5,59,267,326,22.1,81.9,5,321,326,1.53,109,5,326,33.44,1.53,53,128,326,16.26,39.26,49,22,326,15.03,6.75,89,87,65,20,326,27.3,26.69,19.94,6.13
N20001032,Lisnasharragh_D4,57,261,318,21.84,82.08,12,307,319,3.76,81,31,318,25.47,9.75,38,129,318,11.95,40.57,43,13,319,13.48,4.08,82,116,41,33,319,25.71,36.36,12.85,10.34
N20001033,Lisnasharragh_E1,111,433,544,25.64,79.6,13,530,543,2.39,219,19,545,40.18,3.49,80,189,544,14.71,34.74,85,22,543,15.65,4.05,165,134,60,51,544,30.33,24.63,11.03,9.38
N20001034,Lisnasharragh_B6,128,433,561,29.56,77.18,10,551,561,1.78,256,21,563,45.47,3.73,72,203,559,12.88,36.31,79,22,561,14.08,3.92,209,140,46,64,560,37.32,25,8.21,11.43
N20001035,Lisnasharragh_F1,142,425,567,33.41,74.96,10,557,567,1.76,267,27,566,47.17,4.77,15,330,566,2.65,58.3,177,5,564,31.38,0.89,312,106,15,11,567,55.03,18.69,2.65,1.94
N20001036,Lisnasharragh_F2,94,310,404,30.32,76.73,7,397,404,1.73,187,12,404,46.29,2.97,30,170,404,7.43,42.08,73,10,405,18.02,2.47,152,97,41,28,402,37.81,24.13,10.2,6.97
N20001037,Lisnasharragh_F3,101,365,466,27.67,78.33,2,463,465,0.43,202,13,466,43.35,2.79,30,234,466,6.44,50.21,99,12,464,21.34,2.59,225,127,34,12,466,48.28,27.25,7.3,2.58
N20001038,Lisnasharragh_E2,89,457,546,19.47,83.7,12,534,546,2.2,134,25,546,24.54,4.58,116,165,547,21.21,30.16,47,66,545,8.62,12.11,109,133,63,79,547,19.93,24.31,11.52,14.44
N20001039,Lisnasharragh_G1,87,474,561,18.35,84.49,6,555,561,1.07,154,19,560,27.5,3.39,92,196,561,16.4,34.94,75,29,560,13.39,5.18,118,171,87,39,560,21.07,30.54,15.54,6.96
N20001040,Lisnasharragh_N1,180,436,616,41.28,70.78,32,584,616,5.19,185,140,616,30.03,22.73,157,52,614,25.57,8.47,17,67,617,2.76,10.86,14,151,107,274,617,2.27,24.47,17.34,44.41
N20001041,Lisnasharragh_H1,150,412,562,36.41,73.31,25,537,562,4.45,153,110,561,27.27,19.61,140,72,562,24.91,12.81,17,58,564,3.01,10.28,38,114,87,222,562,6.76,20.28,15.48,39.5
N20001042,Lisnasharragh_F4,92,385,477,23.9,80.71,5,472,477,1.05,181,11,477,37.95,2.31,57,237,479,11.9,49.48,106,39,479,22.13,8.14,176,83,9,10,479,36.74,17.33,1.88,2.09
N20001043,Lisnasharragh_J1,67,198,265,33.84,74.72,4,257,261,1.53,102,16,265,38.49,6.04,43,61,266,16.17,22.93,18,18,265,6.79,6.79,43,80,49,42,265,16.23,30.19,18.49,15.85
N20001044,Lisnasharragh_H2,35,377,412,9.28,91.5,11,400,411,2.68,33,30,413,7.99,7.26,123,78,411,29.93,18.98,13,67,412,3.16,16.26,20,62,65,181,411,4.87,15.09,15.82,44.04
N20001045,Lisnasharragh_G2,68,318,386,21.38,82.38,9,377,386,2.33,74,56,386,19.17,14.51,73,101,386,18.91,26.17,44,27,386,11.4,6.99,76,124,35,74,384,19.79,32.29,9.11,19.27
N20001046,Lisnasharragh_E3,135,646,781,20.9,82.71,21,760,781,2.69,267,37,780,34.23,4.74,137,211,781,17.54,27.02,71,56,780,9.1,7.18,122,236,134,156,781,15.62,30.22,17.16,19.97
N20001047,Lisnasharragh_G3,84,470,554,17.87,84.84,6,548,554,1.08,151,26,555,27.21,4.68,72,171,554,13,30.87,71,18,554,12.82,3.25,115,171,73,51,554,20.76,30.87,13.18,9.21
N20001048,Lisnasharragh_J2,80,224,304,35.71,73.68,7,294,301,2.33,149,19,304,49.01,6.25,40,74,303,13.2,24.42,23,7,303,7.59,2.31,62,110,27,35,304,20.39,36.18,8.88,11.51
N20001049,Lisnasharragh_N2,85,276,361,30.8,76.45,14,348,362,3.87,109,53,357,30.53,14.85,85,86,361,23.55,23.82,31,27,363,8.54,7.44,39,119,30,81,361,10.8,32.96,8.31,22.44
N20001050,Lisnasharragh_N3,116,468,584,24.79,80.14,11,572,583,1.89,232,19,584,39.73,3.25,57,233,583,9.78,39.97,107,23,584,18.32,3.94,188,159,51,31,584,32.19,27.23,8.73,5.31
N20001051,Lisnasharragh_J3,80,359,439,22.28,81.78,5,434,439,1.14,142,21,439,32.35,4.78,72,101,436,16.51,23.17,32,19,438,7.31,4.34,65,147,72,62,439,14.81,33.49,16.4,14.12
N20001052,Lisnasharragh_N4,74,355,429,20.85,82.75,0,426,426,0,145,17,426,34.04,3.99,53,146,435,12.18,33.56,57,16,427,13.35,3.75,114,93,50,73,430,26.51,21.63,11.63,16.98
N20001053,Lisnasharragh_L1,166,584,750,28.42,77.87,15,736,751,2,231,95,752,30.72,12.63,166,180,749,22.16,24.03,61,78,749,8.14,10.41,115,205,81,156,749,15.35,27.37,10.81,20.83
N20001054,Lisnasharragh_J4,121,362,483,33.43,74.95,10,473,483,2.07,207,20,484,42.77,4.13,70,147,483,14.49,30.43,53,22,481,11.02,4.57,144,131,78,42,483,29.81,27.12,16.15,8.7
N20001055,Lisnasharragh_H3,83,222,305,37.39,72.79,9,296,305,2.95,88,64,305,28.85,20.98,60,48,305,19.67,15.74,19,24,305,6.23,7.87,33,89,56,87,303,10.89,29.37,18.48,28.71
N20001056,Lisnasharragh_P1,153,460,613,33.26,75.04,14,599,613,2.28,242,52,610,39.67,8.52,98,148,613,15.99,24.14,45,22,612,7.35,3.59,121,164,110,108,613,19.74,26.75,17.94,17.62
N20001057,Lisnasharragh_K1,54,279,333,19.35,83.78,7,326,333,2.1,83,12,333,24.92,3.60,35,175,334,10.48,52.4,71,23,334,21.26,6.89,116,53,19,23,330,35.15,16.06,5.76,6.97
N20001058,Lisnasharragh_L2,136,418,554,32.54,75.45,24,530,554,4.33,163,100,552,29.53,18.12,149,72,555,26.85,12.97,21,60,554,3.79,10.83,29,124,87,206,554,5.23,22.38,15.7,37.18
N20001059,Lisnasharragh_K2,64,386,450,16.58,85.78,9,441,450,2,94,40,450,20.89,8.89,70,210,450,15.56,46.67,88,38,451,19.51,8.43,142,96,46,91,449,31.63,21.38,10.24,20.27
N20001060,Lisnasharragh_J5,112,326,438,34.36,74.43,15,423,438,3.42,173,44,437,39.59,10.07,62,117,440,14.09,26.59,39,24,438,8.9,5.48,71,141,50,99,439,16.17,32.12,11.39,22.55
N20001061,Lisnasharragh_K3,112,465,577,24.09,80.59,5,572,577,0.87,89,29,577,15.42,5.03,94,263,578,16.26,45.5,113,84,578,19.55,14.53,182,109,29,68,578,31.49,18.86,5.02,11.76
N20001062,Lisnasharragh_K4,57,232,289,24.57,80.28,8,279,287,2.79,97,10,292,33.22,3.42,19,145,284,6.69,51.06,59,11,288,20.49,3.82,114,92,26,14,289,39.45,31.83,9,4.84
N20001063,Lisnasharragh_P2,147,486,633,30.25,76.78,12,621,633,1.9,226,72,634,35.65,11.36,58,290,634,9.15,45.74,137,23,633,21.64,3.63,236,161,62,71,633,37.28,25.43,9.79,11.22
N20001064,Lisnasharragh_K5,40,290,330,13.79,87.88,9,320,329,2.74,31,45,329,9.42,13.68,45,147,329,13.68,44.68,52,44,329,15.81,13.37,71,82,22,119,327,21.71,25.08,6.73,36.39
N20001065,Lisnasharragh_L3,126,419,545,30.07,76.88,24,522,546,4.4,141,76,549,25.68,13.84,143,73,546,26.19,13.37,25,61,547,4.57,11.15,42,109,115,172,546,7.69,19.96,21.06,31.5
N20001066,Lisnasharragh_Q1,112,511,623,21.92,82.02,5,617,622,0.8,228,18,623,36.6,2.89,22,398,623,3.53,63.88,223,11,623,35.79,1.77,366,156,50,8,623,58.75,25.04,8.03,1.28
N20001067,Lisnasharragh_N5,52,309,361,16.83,85.6,5,358,363,1.38,109,0,363,30.03,0.00,35,167,363,9.64,46.01,64,16,362,17.68,4.42,125,114,9,24,363,34.44,31.4,2.48,6.61
N20001068,Lisnasharragh_P3,125,339,464,36.87,73.06,0,464,464,0,238,9,464,51.29,1.94,30,220,464,6.47,47.41,114,13,463,24.62,2.81,261,81,14,24,464,56.25,17.46,3.02,5.17
N20001069,Lisnasharragh_P4,97,368,465,26.36,79.14,16,449,465,3.44,178,17,466,38.2,3.65,44,227,464,9.48,48.92,97,19,466,20.82,4.08,185,133,46,30,466,39.7,28.54,9.87,6.44
N20001070,Lisnasharragh_Q2,154,514,668,29.96,76.95,8,659,667,1.2,283,23,668,42.37,3.44,66,353,669,9.87,52.77,179,61,667,26.84,9.15,326,150,29,37,669,48.73,22.42,4.33,5.53
N20001071,Lisnasharragh_R1,83,311,394,26.69,78.93,5,389,394,1.27,169,21,394,42.89,5.33,35,171,392,8.93,43.62,71,15,393,18.07,3.82,130,109,36,41,393,33.08,27.74,9.16,10.43
N20001072,Lisnasharragh_Q3,107,422,529,25.36,79.77,14,516,530,2.64,187,23,529,35.35,4.35,53,266,530,10,50.19,119,33,529,22.5,6.24,233,100,19,29,529,44.05,18.9,3.59,5.48
N20001073,Lisnasharragh_R2,124,424,548,29.25,77.37,8,541,549,1.46,231,23,547,42.23,4.20,43,298,545,7.89,54.68,127,17,548,23.18,3.1,287,101,22,22,548,52.37,18.43,4.01,4.01
N20001074,Lisnasharragh_N6,99,346,445,28.61,77.75,2,443,445,0.45,175,19,443,39.5,4.29,49,202,445,11.01,45.39,100,18,442,22.62,4.07,181,119,14,32,445,40.67,26.74,3.15,7.19
N20001075,Lisnasharragh_P5,115,351,466,32.76,75.32,10,456,466,2.15,214,12,467,45.82,2.57,45,211,463,9.72,45.57,81,8,466,17.38,1.72,183,107,49,20,466,39.27,22.96,10.52,4.29
N20001076,Lisnasharragh_R3,113,498,611,22.69,81.51,8,603,611,1.31,217,12,611,35.52,1.96,50,308,611,8.18,50.41,129,25,613,21.04,4.08,246,133,34,42,611,40.26,21.77,5.56,6.87
N20001077,Lisnasharragh_R4,115,515,630,22.33,81.75,11,624,635,1.73,251,8,630,39.84,1.27,61,299,632,9.65,47.31,135,16,633,21.33,2.53,264,156,30,31,632,41.77,24.68,4.75,4.91
N20001078,Lisnasharragh_R5,47,240,287,19.58,83.62,1,286,287,0.35,96,3,288,33.33,1.04,26,135,286,9.09,47.2,52,18,286,18.18,6.29,94,51,22,14,287,32.75,17.77,7.67,4.88
N20001079,Botanic_A1,51,302,353,16.89,85.55,10,343,353,2.83,89,19,352,25.28,5.40,50,182,353,14.16,51.56,75,25,353,21.25,7.08,130,108,15,52,354,36.72,30.51,4.24,14.69
N20001080,Botanic_A2,40,"1,427",1467,2.8,97.27,17,1449,1466,1.16,89,3,1466,6.07,0.20,59,562,1466,4.02,38.34,84,25,1465,5.73,1.71,149,105,15,47,1466,10.16,7.16,1.02,3.21
N20001081,Botanic_B1,63,311,374,20.26,83.16,8,366,374,2.14,52,58,374,13.9,15.51,58,179,373,15.55,47.99,84,50,374,22.46,13.37,117,89,14,122,374,31.28,23.8,3.74,32.62
N20001082,Botanic_B2,109,294,403,37.07,72.95,18,386,404,4.46,60,108,404,14.85,26.73,142,54,402,35.32,13.43,13,93,404,3.22,23.02,18,50,54,221,404,4.46,12.38,13.37,54.7
N20001083,Botanic_B3,87,362,449,24.03,80.62,21,428,449,4.68,80,69,450,17.78,15.33,156,68,446,34.98,15.25,15,102,447,3.36,22.82,21,74,53,190,450,4.67,16.44,11.78,42.22
N20001084,Botanic_A3,79,695,774,11.37,89.79,23,751,774,2.97,20,109,774,2.58,14.08,171,216,774,22.09,27.91,8,80,775,1.03,10.32,2,42,45,173,770,0.26,5.45,5.84,22.47
N20001085,Botanic_A4,102,453,555,22.52,81.62,3,552,555,0.54,213,0,554,38.45,0.00,20,361,554,3.61,65.16,161,44,556,28.96,7.91,322,161,38,22,555,58.02,29.01,6.85,3.96
N20001086,Botanic_B4,73,326,399,22.39,81.7,19,380,399,4.76,29,69,399,7.27,17.29,193,50,398,48.49,12.56,12,125,397,3.02,31.49,12,30,41,198,400,3,7.5,10.25,49.5
N20001087,Botanic_C1,46,855,901,5.38,94.89,12,889,901,1.33,76,18,898,8.46,2.00,98,367,903,10.85,40.64,93,32,900,10.33,3.56,111,108,44,78,904,12.28,11.95,4.87,8.63
N20001088,Botanic_C2,62,409,471,15.16,86.84,1,470,471,0.21,101,28,472,21.4,5.93,49,273,472,10.38,57.84,132,46,471,28.03,9.77,214,144,17,62,470,45.53,30.64,3.62,13.19
N20001089,Botanic_A5,39,187,226,20.86,82.74,8,218,226,3.54,7,53,228,3.07,23.25,83,25,227,36.56,11.01,2,44,220,0.91,20,8,24,26,101,226,3.54,10.62,11.5,44.69
N20001090,Botanic_C3,59,567,626,10.41,90.58,9,617,626,1.44,50,46,626,7.99,7.35,126,203,626,20.13,32.43,29,79,626,4.63,12.62,44,97,64,174,626,7.03,15.5,10.22,27.8
N20001091,Botanic_D1,81,300,381,27,78.74,13,368,381,3.41,75,70,381,19.69,18.37,106,108,383,27.68,28.2,41,49,383,10.7,12.79,56,89,47,130,380,14.74,23.42,12.37,34.21
N20001092,Botanic_E1,153,322,475,47.52,67.79,28,447,475,5.89,66,177,480,13.75,36.88,142,53,473,30.02,11.21,4,70,475,0.84,14.74,17,78,46,271,475,3.58,16.42,9.68,57.05
N20001093,Botanic_F1,104,297,401,35.02,74.06,12,389,401,2.99,31,130,400,7.75,32.50,160,44,401,39.9,10.97,12,101,401,2.99,25.19,19,47,45,204,401,4.74,11.72,11.22,50.87
N20001094,Botanic_D2,66,312,378,21.15,82.54,15,363,378,3.97,24,74,378,6.35,19.58,111,77,378,29.37,20.37,28,76,377,7.43,20.16,41,79,19,160,378,10.85,20.9,5.03,42.33
N20001095,Botanic_F2,103,439,542,23.46,81,19,522,541,3.51,61,118,543,11.23,21.73,156,78,541,28.84,14.42,15,105,539,2.78,19.48,10,116,55,227,541,1.85,21.44,10.17,41.96
N20001096,Botanic_E2,107,347,454,30.84,76.43,18,435,453,3.97,73,106,453,16.11,23.40,92,105,449,20.49,23.39,25,46,453,5.52,10.15,37,96,84,208,453,8.17,21.19,18.54,45.92
N20001097,Botanic_C4,56,259,315,21.62,82.22,14,301,315,4.44,32,64,316,10.13,20.25,123,62,315,39.05,19.68,17,55,313,5.43,17.57,23,30,41,153,315,7.3,9.52,13.02,48.57
N20001098,Botanic_E3,48,324,372,14.81,87.1,7,364,371,1.89,70,27,371,18.87,7.28,74,109,372,19.89,29.3,31,32,372,8.33,8.6,51,112,76,92,372,13.71,30.11,20.43,24.73
N20001099,Botanic_H1,20,312,332,6.41,93.98,7,325,332,2.11,38,7,332,11.45,2.11,54,176,333,16.22,52.85,53,50,332,15.96,15.06,74,139,17,84,332,22.29,41.87,5.12,25.3
N20001100,Botanic_F3,61,337,398,18.1,84.67,16,383,399,4.01,35,67,397,8.82,16.88,101,111,397,25.44,27.96,15,56,398,3.77,14.07,22,119,51,159,398,5.53,29.9,12.81,39.95
N20001101,Botanic_D3,144,358,502,40.22,71.31,25,477,502,4.98,96,154,502,19.12,30.68,149,79,501,29.74,15.77,24,72,504,4.76,14.29,38,70,89,249,502,7.57,13.94,17.73,49.6
N20001102,Botanic_F4,45,254,299,17.72,84.95,8,292,300,2.67,47,24,299,15.72,8.03,58,96,302,19.21,31.79,15,29,299,5.02,9.7,21,96,53,95,299,7.02,32.11,17.73,31.77
N20001103,Botanic_H2,18,486,504,3.7,96.43,6,498,504,1.19,29,10,502,5.78,1.99,22,243,504,4.37,48.21,33,30,508,6.5,5.91,60,222,21,81,506,11.86,43.87,4.15,16.01
N20001104,Botanic_G1,117,364,481,32.14,75.68,18,463,481,3.74,68,117,482,14.11,24.27,123,93,478,25.73,19.46,26,59,479,5.43,12.32,31,87,99,215,482,6.43,18.05,20.54,44.61
N20001105,Botanic_H3,9,323,332,2.79,97.29,4,329,333,1.2,10,5,331,3.02,1.51,29,129,332,8.73,38.86,40,20,332,12.05,6.02,65,199,25,39,332,19.58,59.94,7.53,11.75
N20001106,Botanic_E4,60,447,507,13.42,88.17,10,497,507,1.97,92,25,507,18.15,4.93,89,191,507,17.55,37.67,46,41,508,9.06,8.07,65,182,88,143,508,12.8,35.83,17.32,28.15
N20001107,Botanic_H4,22,402,424,5.47,94.81,7,417,424,1.65,19,20,424,4.48,4.72,27,143,424,6.37,33.73,20,30,422,4.74,7.11,43,285,18,76,424,10.14,67.22,4.25,17.92
N20001108,Botanic_F5,14,204,218,6.86,93.58,7,211,218,3.21,14,12,217,6.45,5.53,32,106,216,14.81,49.07,27,19,216,12.5,8.8,35,103,14,35,218,16.06,47.25,6.42,16.06
N20001109,Botanic_D4,215,339,554,63.42,61.19,29,525,554,5.23,108,236,556,19.42,42.45,127,75,554,22.92,13.54,10,110,553,1.81,19.89,15,96,54,330,554,2.71,17.33,9.75,59.57
N20001110,Botanic_H5,17,268,285,6.34,94.04,7,278,285,2.46,17,14,285,5.96,4.91,56,83,285,19.65,29.12,29,48,286,10.14,16.78,33,92,31,110,285,11.58,32.28,10.88,38.6
N20001111,Botanic_G2,79,303,382,26.07,79.32,11,371,382,2.88,55,82,383,14.36,21.41,97,81,384,25.26,21.09,16,51,382,4.19,13.35,19,78,79,164,382,4.97,20.42,20.68,42.93
N20001112,Botanic_H6,11,502,513,2.19,97.86,5,508,513,0.97,18,3,513,3.51,0.58,30,207,513,5.85,40.35,48,23,513,9.36,4.48,78,306,22,46,513,15.2,59.65,4.29,8.97
N20001113,Botanic_J1,11,467,478,2.36,97.7,5,473,478,1.05,3,12,478,0.63,2.51,51,132,478,10.67,27.62,17,42,478,3.56,8.79,29,293,42,82,478,6.07,61.3,8.79,17.15
N20001114,Botanic_J2,34,393,427,8.65,92.04,11,416,427,2.58,12,44,427,2.81,10.30,48,137,428,11.21,32.01,33,42,425,7.76,9.88,52,211,19,134,427,12.18,49.41,4.45,31.38
N20001115,Botanic_K1,40,581,621,6.88,93.56,11,610,621,1.77,41,19,622,6.59,3.05,63,244,620,10.16,39.35,58,28,623,9.31,4.49,100,331,40,123,621,16.1,53.3,6.44,19.81
N20001116,Botanic_G3,58,280,338,20.71,82.84,11,327,338,3.25,47,71,341,13.78,20.82,110,72,338,32.54,21.3,20,48,337,5.93,14.24,25,58,33,161,338,7.4,17.16,9.76,47.63
N20001117,Botanic_G4,79,242,321,32.64,75.39,6,315,321,1.87,64,76,321,19.94,23.68,86,67,321,26.79,20.87,12,38,322,3.73,11.8,20,66,46,147,321,6.23,20.56,14.33,45.79
N20001118,Botanic_N1,79,406,485,19.46,83.71,12,472,484,2.48,73,72,483,15.11,14.91,81,160,484,16.74,33.06,31,49,485,6.39,10.1,66,167,59,143,481,13.72,34.72,12.27,29.73
N20001119,Botanic_J3,14,397,411,3.53,96.59,4,407,411,0.97,29,0,413,7.02,0.00,54,124,412,13.11,30.1,25,35,412,6.07,8.5,35,239,25,66,411,8.52,58.15,6.08,16.06
N20001120,Botanic_J4,17,576,593,2.95,97.13,6,586,592,1.01,0,0,592,0,0.00,42,126,594,7.07,21.21,16,42,593,2.7,7.08,29,430,23,103,593,4.89,72.51,3.88,17.37
N20001121,Botanic_P1,117,514,631,22.76,81.46,13,618,631,2.06,243,16,631,38.51,2.54,55,370,630,8.73,58.73,171,37,634,26.97,5.84,302,118,27,33,633,47.71,18.64,4.27,5.21
N20001122,Botanic_L1,7,243,250,2.88,97.2,4,247,251,1.59,18,3,252,7.14,1.19,21,137,250,8.4,54.8,34,13,251,13.55,5.18,62,149,12,24,249,24.9,59.84,4.82,9.64
N20001123,Botanic_H7,20,423,443,4.73,95.49,6,439,445,1.35,17,13,442,3.85,2.94,22,193,443,4.97,43.57,46,17,446,10.31,3.81,71,248,33,42,443,16.03,55.98,7.45,9.48
N20001124,Botanic_L2,34,583,617,5.83,94.49,10,607,617,1.62,46,14,617,7.46,2.27,40,310,617,6.48,50.24,81,25,616,13.15,4.06,129,330,65,65,619,20.84,53.31,10.5,10.5
N20001125,Botanic_K2,21,311,332,6.75,93.67,2,331,333,0.6,36,6,333,10.81,1.80,23,211,333,6.91,63.36,72,14,333,21.62,4.2,118,135,26,39,333,35.44,40.54,7.81,11.71
N20001126,Botanic_K3,95,558,653,17.03,85.45,8,645,653,1.23,99,66,653,15.16,10.11,71,297,653,10.87,45.48,89,47,653,13.63,7.2,153,225,81,173,653,23.43,34.46,12.4,26.49
N20001127,Botanic_N2,56,476,532,11.76,89.47,6,526,532,1.13,44,55,532,8.27,10.34,73,148,531,13.75,27.87,26,45,532,4.89,8.46,57,293,49,112,532,10.71,55.08,9.21,21.05
N20001128,Botanic_U1,40,214,254,18.69,84.25,4,250,254,1.57,62,13,254,24.41,5.12,54,85,255,21.18,33.33,15,28,255,5.88,10.98,23,71,46,77,254,9.06,27.95,18.11,30.31
N20001129,Botanic_K4,55,369,424,14.91,87.03,8,415,423,1.89,55,27,420,13.1,6.43,112,106,423,26.48,25.06,22,49,423,5.2,11.58,36,138,58,136,422,8.53,32.7,13.74,32.23
N20001130,Botanic_N3,39,499,538,7.82,92.75,5,533,538,0.93,50,17,538,9.29,3.16,41,92,538,7.62,17.1,10,23,536,1.87,4.29,32,418,29,56,538,5.95,77.7,5.39,10.41
N20001131,Botanic_N4,58,540,598,10.74,90.3,7,591,598,1.17,55,25,598,9.2,4.18,56,130,601,9.32,21.63,14,35,600,2.33,5.83,46,383,41,102,599,7.68,63.94,6.84,17.03
N20001132,Botanic_L3,19,488,507,3.89,96.25,17,490,507,3.35,28,3,507,5.52,0.59,72,176,508,14.17,34.65,35,55,507,6.9,10.85,63,244,37,94,507,12.43,48.13,7.3,18.54
N20001133,Botanic_L4,44,738,782,5.96,94.37,15,768,783,1.92,51,10,781,6.53,1.28,32,364,782,4.09,46.55,100,26,782,12.79,3.32,205,446,81,37,783,26.18,56.96,10.34,4.73
N20001134,Botanic_N5,72,509,581,14.15,87.61,9,571,580,1.55,90,23,580,15.52,3.97,40,233,580,6.9,40.17,87,26,580,15,4.48,131,281,47,74,580,22.59,48.45,8.1,12.76
N20001135,Botanic_R1,56,560,616,10,90.91,8,608,616,1.3,95,23,616,15.42,3.73,37,310,615,6.02,50.41,101,35,615,16.42,5.69,164,280,21,106,615,26.67,45.53,3.41,17.24
N20001136,Botanic_Q1,14,474,488,2.95,97.13,11,476,487,2.26,16,10,489,3.27,2.04,19,177,487,3.9,36.34,38,17,488,7.79,3.48,63,359,15,40,488,12.91,73.57,3.07,8.2
N20001137,Botanic_R2,15,460,475,3.26,96.84,4,471,475,0.84,11,6,475,2.32,1.26,25,282,475,5.26,59.37,82,18,475,17.26,3.79,126,272,18,32,475,26.53,57.26,3.79,6.74
N20001138,Botanic_T1,90,375,465,24,80.65,11,454,465,2.37,107,48,465,23.01,10.32,70,194,465,15.05,41.72,60,35,463,12.96,7.56,103,130,59,135,465,22.15,27.96,12.69,29.03
N20001139,Botanic_R3,27,618,645,4.37,95.81,1,644,645,0.16,60,0,645,9.3,0.00,31,329,645,4.81,51.01,114,24,645,17.67,3.72,178,346,31,57,645,27.6,53.64,4.81,8.84
N20001140,Botanic_S1,49,507,556,9.66,91.19,9,547,556,1.62,67,26,556,12.05,4.68,49,263,556,8.81,47.3,95,35,555,17.12,6.31,137,225,44,102,555,24.68,40.54,7.93,18.38
N20001141,Botanic_T2,47,268,315,17.54,85.08,4,310,314,1.27,29,31,315,9.21,9.84,64,132,314,20.38,42.04,34,42,315,10.79,13.33,70,70,28,103,315,22.22,22.22,8.89,32.7
N20001142,Botanic_Q2,26,592,618,4.39,95.79,10,608,618,1.62,25,7,620,4.03,1.13,34,231,617,5.51,37.44,51,21,617,8.27,3.4,100,429,24,48,620,16.13,69.19,3.87,7.74
N20001143,Botanic_R4,32,515,547,6.21,94.15,7,540,547,1.28,49,10,544,9.01,1.84,30,244,544,5.51,44.85,55,29,547,10.05,5.3,123,292,47,67,547,22.49,53.38,8.59,12.25
N20001144,Botanic_S2,50,474,524,10.55,90.46,10,514,524,1.91,74,24,524,14.12,4.58,40,280,524,7.63,53.44,88,29,523,16.83,5.54,144,232,58,79,524,27.48,44.27,11.07,15.08
N20001145,Botanic_P2,7,214,221,3.27,96.83,1,220,221,0.45,9,8,221,4.07,3.62,9,177,223,4.04,79.37,104,6,223,46.64,2.69,132,58,9,7,221,59.73,26.24,4.07,3.17
N20001146,Botanic_T3,40,233,273,17.17,85.35,6,270,276,2.17,64,14,271,23.62,5.17,20,148,274,7.3,54.01,46,11,271,16.97,4.06,79,108,32,26,270,29.26,40,11.85,9.63
N20001147,Botanic_T4,93,323,416,28.79,77.64,12,404,416,2.88,90,82,416,21.63,19.71,125,89,418,29.9,21.29,23,62,414,5.56,14.98,22,93,68,173,416,5.29,22.36,16.35,41.59
N20001148,Botanic_R5,64,363,427,17.63,85.01,4,423,427,0.94,113,9,430,26.28,2.09,33,206,429,7.69,48.02,96,30,428,22.43,7.01,162,87,4,33,427,37.94,20.37,0.94,7.73
N20001149,Botanic_U2,65,577,642,11.27,89.88,10,632,642,1.56,79,37,640,12.34,5.78,74,293,642,11.53,45.64,92,47,642,14.33,7.32,149,254,65,117,642,23.21,39.56,10.12,18.22
N20001150,Botanic_W1,76,316,392,24.05,80.61,15,377,392,3.83,78,59,387,20.16,15.25,57,169,392,14.54,43.11,50,28,393,12.72,7.12,78,130,34,123,392,19.9,33.16,8.67,31.38
N20001151,Botanic_Q3,25,518,543,4.83,95.4,3,540,543,0.55,35,7,543,6.45,1.29,8,200,541,1.48,36.97,53,12,543,9.76,2.21,110,352,24,38,543,20.26,64.83,4.42,7
N20001152,Botanic_S3,21,323,344,6.5,93.9,4,341,345,1.16,37,11,344,10.76,3.20,19,199,344,5.52,57.85,73,12,345,21.16,3.48,126,144,18,47,343,36.73,41.98,5.25,13.7
N20001153,Botanic_Q4,9,629,638,1.43,98.59,3,635,638,0.47,28,2,637,4.4,0.31,11,236,637,1.73,37.05,52,10,638,8.15,1.57,98,440,22,51,638,15.36,68.97,3.45,7.99
N20001154,Botanic_W2,84,222,306,37.84,72.55,12,294,306,3.92,67,55,306,21.9,17.97,66,84,306,21.57,27.45,28,37,306,9.15,12.09,50,58,45,127,305,16.39,19.02,14.75,41.64
N20001155,Botanic_W3,57,379,436,15.04,86.93,14,425,439,3.19,78,34,434,17.97,7.83,57,232,436,13.07,53.21,84,36,436,19.27,8.26,135,133,44,69,436,30.96,30.5,10.09,15.83
N20001156,Botanic_S4,107,570,677,18.77,84.19,5,671,676,0.74,223,9,676,32.99,1.33,88,383,677,13,56.57,170,49,677,25.11,7.24,247,208,18,31,675,36.59,30.81,2.67,4.59
N20001157,Botanic_Q5,5,404,409,1.24,98.78,2,406,408,0.49,7,0,408,1.72,0.00,17,141,408,4.17,34.56,41,15,408,10.05,3.68,65,257,14,63,408,15.93,62.99,3.43,15.44
N20001158,Botanic_P3,55,379,434,14.51,87.33,5,429,434,1.15,72,35,433,16.63,8.08,65,181,436,14.91,41.51,65,44,434,14.98,10.14,98,118,34,95,433,22.63,27.25,7.85,21.94
N20001159,Botanic_W4,67,370,437,18.11,84.67,7,430,437,1.6,107,30,437,24.49,6.86,40,243,438,9.13,55.48,76,33,440,17.27,7.5,157,146,40,74,438,35.84,33.33,9.13,16.89
N20001160,Botanic_W5,37,284,321,13.03,88.47,9,312,321,2.8,45,38,321,14.02,11.84,41,150,321,12.77,46.73,55,31,322,17.08,9.63,76,135,21,58,321,23.68,42.06,6.54,18.07
N20001161,Botanic_U3,13,398,411,3.27,96.84,5,405,410,1.22,20,11,411,4.87,2.68,49,252,411,11.92,61.31,97,27,411,23.6,6.57,139,143,25,65,410,33.9,34.88,6.1,15.85
N20001162,Botanic_X1,78,"2,071",2149,3.77,96.37,37,2112,2149,1.72,100,12,2141,4.67,0.56,77,411,2149,3.58,19.13,109,26,2149,5.07,1.21,158,54,4,19,2149,7.35,2.51,0.19,0.88
N20001163,Botanic_T5,83,245,328,33.88,74.7,5,323,328,1.52,106,41,329,32.22,12.46,23,157,326,7.06,48.16,51,17,327,15.6,5.2,94,114,32,60,329,28.57,34.65,9.73,18.24
N20001164,Botanic_W6,76,448,524,16.96,85.5,4,520,524,0.76,134,33,523,25.62,6.31,56,244,524,10.69,46.56,90,23,523,17.21,4.4,159,181,52,54,524,30.34,34.54,9.92,10.31
N20001165,Botanic_P4,105,372,477,28.23,77.99,15,463,478,3.14,106,81,477,22.22,16.98,69,207,478,14.44,43.31,68,28,480,14.17,5.83,110,161,56,74,478,23.01,33.68,11.72,15.48
N20001166,Botanic_P5,92,459,551,20.04,83.3,1,550,551,0.18,176,8,551,31.94,1.45,30,331,551,5.44,60.07,149,20,551,27.04,3.63,258,158,16,38,551,46.82,28.68,2.9,6.9
N20001167,Botanic_X2,125,545,670,22.94,81.34,9,661,670,1.34,261,5,670,38.96,0.75,25,405,670,3.73,60.45,213,20,670,31.79,2.99,374,108,27,24,670,55.82,16.12,4.03,3.58
N20001168,Botanic_Y1,69,431,500,16.01,86.2,9,490,499,1.8,126,19,498,25.3,3.82,22,312,500,4.4,62.4,140,19,498,28.11,3.82,219,153,29,40,499,43.89,30.66,5.81,8.02
N20001169,Botanic_X3,127,400,527,31.75,75.9,6,521,527,1.14,244,11,527,46.3,2.09,35,290,527,6.64,55.03,146,10,527,27.7,1.9,252,94,18,23,527,47.82,17.84,3.42,4.36
N20001170,Botanic_Y2,90,374,464,24.06,80.6,1,463,464,0.22,182,10,465,39.14,2.15,23,283,465,4.95,60.86,152,18,464,32.76,3.88,240,85,23,22,464,51.72,18.32,4.96,4.74
N20001171,Botanic_X4,31,262,293,11.83,89.42,4,289,293,1.37,49,14,291,16.84,4.81,36,174,293,12.29,59.39,82,14,295,27.8,4.75,112,69,3,16,293,38.23,23.55,1.02,5.46
N20001172,Botanic_Y3,244,771,1015,31.65,75.96,10,1004,1014,0.99,451,26,1015,44.43,2.56,34,446,1015,3.35,43.94,237,18,1013,23.4,1.78,514,118,16,7,1015,50.64,11.63,1.58,0.69
N20001173,Botanic_Y4,92,326,418,28.22,77.99,3,415,418,0.72,185,10,419,44.15,2.39,27,246,418,6.46,58.85,132,13,419,31.5,3.1,229,80,19,10,417,54.92,19.18,4.56,2.4
N20001174,Botanic_Y5,155,418,573,37.08,72.95,2,569,571,0.35,281,22,570,49.3,3.86,30,305,570,5.26,53.51,152,14,572,26.57,2.45,306,119,19,33,572,53.5,20.8,3.32,5.77
N20001175,Botanic_Z1,62,282,344,21.99,81.98,5,339,344,1.45,126,17,344,36.63,4.94,31,201,345,8.99,58.26,99,12,344,28.78,3.49,169,76,12,7,344,49.13,22.09,3.49,2.03
N20001176,Botanic_Z2,87,350,437,24.86,80.09,7,430,437,1.6,167,7,437,38.22,1.60,25,251,438,5.71,57.31,140,18,437,32.04,4.12,236,62,0,15,437,54,14.19,0,3.43
N20001177,Botanic_Z3,105,381,486,27.56,78.4,2,482,484,0.41,174,15,485,35.88,3.09,27,285,484,5.58,58.88,158,15,484,32.64,3.1,252,63,20,21,484,52.07,13.02,4.13,4.34
N20001178,Botanic_Z4,111,430,541,25.81,79.48,7,534,541,1.29,220,6,541,40.67,1.11,28,324,541,5.18,59.89,170,17,544,31.25,3.13,260,99,17,10,541,48.06,18.3,3.14,1.85
N20001179,Balmoral_A1,19,249,268,7.63,92.91,2,266,268,0.75,25,13,265,9.43,4.91,25,158,268,9.33,58.96,41,23,264,15.53,8.71,70,93,30,59,268,26.12,34.7,11.19,22.01
N20001180,Balmoral_A2,57,231,288,24.68,80.21,3,285,288,1.04,87,13,289,30.1,4.50,12,181,288,4.17,62.85,103,8,288,35.76,2.78,143,48,10,8,287,49.83,16.72,3.48,2.79
N20001181,Balmoral_A3,37,243,280,15.23,86.79,4,276,280,1.43,74,4,279,26.52,1.43,13,169,278,4.68,60.79,68,5,280,24.29,1.79,132,73,18,7,280,47.14,26.07,6.43,2.5
N20001182,Balmoral_A4,107,362,469,29.56,77.19,1,468,469,0.21,195,24,470,41.49,5.11,13,270,469,2.77,57.57,139,5,468,29.7,1.07,266,58,28,5,469,56.72,12.37,5.97,1.07
N20001183,Balmoral_A5,98,355,453,27.61,78.37,8,445,453,1.77,156,27,452,34.51,5.97,20,277,453,4.42,61.15,136,10,450,30.22,2.22,234,72,17,24,452,51.77,15.93,3.76,5.31
N20001184,Balmoral_B1,109,634,743,17.19,85.33,8,735,743,1.08,187,47,741,25.24,6.34,79,364,743,10.63,48.99,145,35,743,19.52,4.71,262,193,74,84,743,35.26,25.98,9.96,11.31
N20001185,Balmoral_A6,98,409,507,23.96,80.67,0,508,508,0,198,10,507,39.05,1.97,31,315,506,6.13,62.25,172,13,507,33.93,2.56,252,82,20,26,507,49.7,16.17,3.94,5.13
N20001186,Balmoral_B2,72,463,535,15.55,86.54,6,529,535,1.12,121,26,536,22.57,4.85,32,335,533,6,62.85,154,20,535,28.79,3.74,204,139,26,45,535,38.13,25.98,4.86,8.41
N20001187,Balmoral_F1,34,221,255,15.38,86.67,1,253,254,0.39,57,2,254,22.44,0.79,26,154,254,10.24,60.63,69,12,253,27.27,4.74,91,38,4,7,254,35.83,14.96,1.57,2.76
N20001188,Balmoral_F2,54,294,348,18.37,84.48,3,345,348,0.86,107,5,350,30.57,1.43,47,184,349,13.47,52.72,86,23,348,24.71,6.61,134,81,13,11,348,38.51,23.28,3.74,3.16
N20001189,Balmoral_E1,75,360,435,20.83,82.76,6,429,435,1.38,160,13,435,36.78,2.99,27,270,435,6.21,62.07,143,16,436,32.8,3.67,213,42,16,10,438,48.63,9.59,3.65,2.28
N20001190,Balmoral_D1,56,442,498,12.67,88.76,12,486,498,2.41,133,12,498,26.71,2.41,74,214,499,14.83,42.89,69,43,499,13.83,8.62,137,114,36,30,497,27.57,22.94,7.24,6.04
N20001191,Balmoral_C1,101,330,431,30.61,76.57,5,426,431,1.16,218,6,431,50.58,1.39,24,259,431,5.57,60.09,154,8,431,35.73,1.86,259,80,5,4,431,60.09,18.56,1.16,0.93
N20001192,Balmoral_D2,89,431,520,20.65,82.88,7,512,519,1.35,164,24,520,31.54,4.62,78,173,519,15.03,33.33,59,33,521,11.32,6.33,110,141,59,54,520,21.15,27.12,11.35,10.38
N20001193,Balmoral_E2,74,278,352,26.62,78.98,6,345,351,1.71,142,9,352,40.34,2.56,23,196,352,6.53,55.68,94,11,353,26.63,3.12,169,76,14,14,352,48.01,21.59,3.98,3.98
N20001194,Balmoral_C2,89,254,343,35.04,74.05,7,336,343,2.04,91,74,343,26.53,21.57,66,129,343,19.24,37.61,55,25,346,15.9,7.23,92,65,31,86,343,26.82,18.95,9.04,25.07
N20001195,Balmoral_D3,136,546,682,24.91,80.06,8,671,679,1.18,249,32,679,36.67,4.71,56,312,680,8.24,45.88,144,32,679,21.21,4.71,270,193,28,33,678,39.82,28.47,4.13,4.87
N20001196,Balmoral_E3,96,308,404,31.17,76.24,4,400,404,0.99,190,0,404,47.03,0.00,17,241,404,4.21,59.65,121,6,404,29.95,1.49,222,53,13,6,404,54.95,13.12,3.22,1.49
N20001197,Balmoral_D4,76,360,436,21.11,82.57,8,427,435,1.84,144,16,436,33.03,3.67,53,197,436,12.16,45.18,84,29,437,19.22,6.64,160,82,40,38,435,36.78,18.85,9.2,8.74
N20001198,Balmoral_E4,116,379,495,30.61,76.57,0,496,496,0,227,14,496,45.77,2.82,22,285,497,4.43,57.34,166,12,496,33.47,2.42,258,66,9,7,499,51.7,13.23,1.8,1.4
N20001199,Balmoral_E5,120,422,542,28.44,77.86,6,536,542,1.11,205,33,542,37.82,6.09,34,314,542,6.27,57.93,178,31,540,32.96,5.74,283,60,7,26,542,52.21,11.07,1.29,4.8
N20001200,Balmoral_F3,78,379,457,20.58,82.93,13,446,459,2.83,168,9,459,36.6,1.96,35,234,459,7.63,50.98,117,21,457,25.6,4.6,203,60,16,11,459,44.23,13.07,3.49,2.4
N20001201,Balmoral_C3,113,358,471,31.56,76.01,8,463,471,1.7,191,45,469,40.72,9.59,39,218,471,8.28,46.28,89,18,470,18.94,3.83,156,154,36,50,471,33.12,32.7,7.64,10.62
N20001202,Balmoral_H1,82,311,393,26.37,79.13,4,389,393,1.02,137,34,393,34.86,8.65,37,190,393,9.41,48.35,57,18,390,14.62,4.62,138,105,36,41,393,35.11,26.72,9.16,10.43
N20001203,Balmoral_G1,126,341,467,36.95,73.02,7,459,466,1.5,191,39,466,40.99,8.37,101,109,467,21.63,23.34,33,41,467,7.07,8.78,55,119,88,127,468,11.75,25.43,18.8,27.14
N20001204,Balmoral_H2,97,382,479,25.39,79.75,11,468,479,2.3,219,7,478,45.82,1.46,33,226,481,6.86,46.99,82,15,480,17.08,3.13,185,103,36,32,479,38.62,21.5,7.52,6.68
N20001205,Balmoral_G2,70,296,366,23.65,80.87,6,360,366,1.64,129,30,366,35.25,8.20,71,113,366,19.4,30.87,31,46,365,8.49,12.6,84,94,34,62,367,22.89,25.61,9.26,16.89
N20001206,Balmoral_G3,20,134,154,14.93,87.01,2,152,154,1.3,7,31,154,4.55,20.13,49,22,153,32.03,14.38,2,16,153,1.31,10.46,3,37,18,61,155,1.94,23.87,11.61,39.35
N20001207,Balmoral_C4,76,246,322,30.89,76.4,27,297,324,8.33,57,64,324,17.59,19.75,115,44,324,35.49,13.58,11,61,324,3.4,18.83,19,64,27,137,324,5.86,19.75,8.33,42.28
N20001208,Balmoral_J1,158,402,560,39.3,71.79,28,532,560,5,113,153,563,20.07,27.18,161,40,560,28.75,7.14,7,74,563,1.24,13.14,9,112,84,258,558,1.61,20.07,15.05,46.24
N20001209,Balmoral_H3,70,326,396,21.47,82.32,9,387,396,2.27,122,25,394,30.96,6.35,75,139,396,18.94,35.1,43,24,396,10.86,6.06,81,81,37,52,396,20.45,20.45,9.34,13.13
N20001210,Balmoral_G4,116,377,493,30.77,76.47,14,479,493,2.84,174,67,493,35.29,13.59,91,112,496,18.35,22.58,15,42,491,3.05,8.55,41,147,106,113,493,8.32,29.82,21.5,22.92
N20001211,Balmoral_J2,84,380,464,22.11,81.9,12,452,464,2.59,112,56,464,24.14,12.07,82,124,463,17.71,26.78,37,45,461,8.03,9.76,61,101,57,147,463,13.17,21.81,12.31,31.75
N20001212,Balmoral_H4,45,235,280,19.15,83.93,5,275,280,1.79,114,0,281,40.57,0.00,21,135,280,7.5,48.21,47,13,279,16.85,4.66,95,76,21,3,280,33.93,27.14,7.5,1.07
N20001213,Balmoral_G5,83,261,344,31.8,75.87,16,328,344,4.65,124,38,344,36.05,11.05,69,94,343,20.12,27.41,33,30,342,9.65,8.77,56,93,63,74,345,16.23,26.96,18.26,21.45
N20001214,Balmoral_J3,89,338,427,26.33,79.16,19,412,431,4.41,73,83,427,17.1,19.44,76,163,427,17.8,38.17,59,32,428,13.79,7.48,99,112,44,111,427,23.19,26.23,10.3,26
N20001215,Balmoral_N1,143,513,656,27.88,78.2,20,636,656,3.05,215,56,656,32.77,8.54,115,185,656,17.53,28.2,62,36,658,9.42,5.47,117,207,77,99,656,17.84,31.55,11.74,15.09
N20001216,Balmoral_J4,67,224,291,29.91,76.98,6,285,291,2.06,118,21,291,40.55,7.22,40,105,290,13.79,36.21,36,13,292,12.33,4.45,81,74,31,50,288,28.13,25.69,10.76,17.36
N20001217,Balmoral_F4,104,459,563,22.66,81.53,21,541,562,3.74,161,33,562,28.65,5.87,73,233,563,12.97,41.39,104,34,560,18.57,6.07,167,115,60,97,562,29.72,20.46,10.68,17.26
N20001218,Balmoral_L1,93,278,371,33.45,74.93,1,370,371,0.27,193,2,371,52.02,0.54,14,207,370,3.78,55.95,99,12,371,26.68,3.23,219,52,10,9,370,59.19,14.05,2.7,2.43
N20001219,Balmoral_J5,94,328,422,28.66,77.73,6,418,424,1.42,179,41,424,42.22,9.67,42,175,427,9.84,40.98,79,16,425,18.59,3.76,142,122,38,34,424,33.49,28.77,8.96,8.02
N20001220,Balmoral_N2,112,422,534,26.54,79.03,8,526,534,1.5,207,14,535,38.69,2.62,111,163,532,20.86,30.64,47,25,533,8.82,4.69,84,155,54,85,534,15.73,29.03,10.11,15.92
N20001221,Balmoral_N3,94,349,443,26.93,78.78,8,435,443,1.81,150,30,443,33.86,6.77,48,200,441,10.88,45.35,79,24,443,17.83,5.42,148,110,55,37,441,33.56,24.94,12.47,8.39
N20001222,Balmoral_K1,97,285,382,34.04,74.61,20,362,382,5.24,99,86,383,25.85,22.45,89,65,383,23.24,16.97,19,35,382,4.97,9.16,44,110,52,118,382,11.52,28.8,13.61,30.89
N20001223,Balmoral_K2,135,488,623,27.66,78.33,23,600,623,3.69,159,104,624,25.48,16.67,128,127,626,20.45,20.29,35,46,623,5.62,7.38,60,166,103,168,623,9.63,26.65,16.53,26.97
N20001224,Balmoral_F5,69,323,392,21.36,82.4,14,378,392,3.57,75,66,395,18.99,16.71,103,69,392,26.28,17.6,18,21,391,4.6,5.37,17,93,70,135,391,4.35,23.79,17.9,34.53
N20001225,Balmoral_K3,55,184,239,29.89,76.99,5,233,238,2.1,78,31,238,32.77,13.03,43,52,237,18.14,21.94,6,15,236,2.54,6.36,13,47,64,55,240,5.42,19.58,26.67,22.92
N20001226,Balmoral_L2,67,355,422,18.87,84.12,5,417,422,1.18,141,10,422,33.41,2.37,23,246,422,5.45,58.29,125,15,422,29.62,3.55,183,39,4,9,423,43.26,9.22,0.95,2.13
N20001227,Balmoral_K4,30,241,271,12.45,88.93,8,263,271,2.95,25,27,271,9.23,9.96,61,52,271,22.51,19.19,14,30,271,5.17,11.07,15,55,41,116,270,5.56,20.37,15.19,42.96
N20001228,Balmoral_P1,47,314,361,14.97,86.98,10,351,361,2.77,50,36,360,13.89,10.00,119,57,361,32.96,15.79,23,35,362,6.35,9.67,17,84,54,90,361,4.71,23.27,14.96,24.93
N20001229,Balmoral_P2,78,340,418,22.94,81.34,12,406,418,2.87,120,36,417,28.78,8.63,131,67,418,31.34,16.03,15,54,420,3.57,12.86,22,96,64,133,418,5.26,22.97,15.31,31.82
N20001230,Balmoral_L3,144,481,625,29.94,76.96,8,617,625,1.28,281,4,620,45.32,0.65,44,330,626,7.03,52.72,169,22,626,27,3.51,308,92,16,14,626,49.2,14.7,2.56,2.24
N20001231,Balmoral_L4,112,441,553,25.4,79.75,10,543,553,1.81,190,22,556,34.17,3.96,54,261,553,9.76,47.2,106,21,552,19.2,3.8,217,155,25,20,553,39.24,28.03,4.52,3.62
N20001232,Balmoral_P3,166,442,608,37.56,72.7,18,590,608,2.96,237,81,610,38.85,13.28,103,188,608,16.94,30.92,96,49,608,15.79,8.06,209,114,53,155,608,34.38,18.75,8.72,25.49
N20001233,Balmoral_N4,92,397,489,23.17,81.19,5,485,490,1.02,162,15,492,32.93,3.05,49,207,487,10.06,42.51,89,24,492,18.09,4.88,136,132,49,34,491,27.7,26.88,9.98,6.92
N20001234,Balmoral_P4,122,346,468,35.26,73.93,4,464,468,0.85,220,26,467,47.11,5.57,25,228,469,5.33,48.61,104,13,469,22.17,2.77,161,190,33,25,468,34.4,40.6,7.05,5.34
N20001235,Collin_A1,49,271,320,18.08,84.69,12,308,320,3.75,31,39,320,9.69,12.19,127,45,320,39.69,14.06,10,76,320,3.13,23.75,20,49,26,120,320,6.25,15.31,8.13,37.5
N20001236,Collin_A2,165,539,704,30.61,76.56,14,690,704,1.99,211,84,704,29.97,11.93,101,189,705,14.33,26.81,54,43,703,7.68,6.12,133,211,118,146,704,18.89,29.97,16.76,20.74
N20001237,Collin_D1,60,373,433,16.09,86.14,11,422,433,2.54,85,37,433,19.63,8.55,105,108,433,24.25,24.94,28,43,433,6.47,9.93,59,99,69,56,435,13.56,22.76,15.86,12.87
N20001238,Collin_A3,24,244,268,9.84,91.04,4,264,268,1.49,35,9,268,13.06,3.36,65,76,268,24.25,28.36,27,34,267,10.11,12.73,26,43,47,26,268,9.7,16.04,17.54,9.7
N20001239,Collin_B1,320,350,670,91.43,52.24,45,625,670,6.72,90,370,668,13.47,55.39,85,73,670,12.69,10.9,16,71,670,2.39,10.6,50,98,86,399,668,7.49,14.67,12.87,59.73
N20001240,Collin_C1,151,381,532,39.63,71.62,18,513,531,3.39,96,147,530,18.11,27.74,144,61,532,27.07,11.47,17,80,532,3.2,15.04,24,139,55,243,532,4.51,26.13,10.34,45.68
N20001241,Collin_E1,159,456,615,34.87,74.15,14,601,615,2.28,159,146,615,25.85,23.74,116,95,615,18.86,15.45,26,68,614,4.23,11.07,42,151,94,247,616,6.82,24.51,15.26,40.1
N20001242,Collin_C2,191,538,729,35.5,73.8,26,703,729,3.57,85,222,729,11.66,30.45,198,92,729,27.16,12.62,19,148,729,2.61,20.3,38,174,81,358,729,5.21,23.87,11.11,49.11
N20001243,Collin_E2,231,487,718,47.43,67.83,29,689,718,4.04,140,231,718,19.5,32.17,173,75,718,24.09,10.45,8,137,718,1.11,19.08,13,133,113,353,716,1.82,18.58,15.78,49.3
N20001244,Collin_D2,120,674,794,17.8,84.89,11,783,794,1.39,180,27,792,22.73,3.41,169,216,793,21.31,27.24,61,59,793,7.69,7.44,129,179,127,96,794,16.25,22.54,15.99,12.09
N20001245,Collin_A4,70,370,440,18.92,84.09,13,427,440,2.95,91,28,441,20.63,6.35,97,148,442,21.95,33.48,36,41,440,8.18,9.32,94,84,68,74,440,21.36,19.09,15.45,16.82
N20001246,Collin_F1,127,596,723,21.31,82.43,7,716,723,0.97,207,41,723,28.63,5.67,128,215,723,17.7,29.74,62,53,727,8.53,7.29,133,173,80,56,724,18.37,23.9,11.05,7.73
N20001247,Collin_D3,71,408,479,17.4,85.18,13,466,479,2.71,108,41,479,22.55,8.56,113,118,479,23.59,24.63,26,60,479,5.43,12.53,70,135,61,69,479,14.61,28.18,12.73,14.41
N20001248,Collin_E3,188,279,467,67.38,59.74,20,445,465,4.3,43,229,464,9.27,49.35,105,45,462,22.73,9.74,6,84,466,1.29,18.03,19,56,55,278,465,4.09,12.04,11.83,59.78
N20001249,Collin_C3,160,489,649,32.72,75.35,24,624,648,3.7,182,91,648,28.09,14.04,178,85,648,27.47,13.12,19,85,649,2.93,13.1,33,144,108,253,648,5.09,22.22,16.67,39.04
N20001250,Collin_F2,85,322,407,26.4,79.12,11,396,407,2.7,97,64,407,23.83,15.72,62,84,408,15.2,20.59,21,29,407,5.16,7.13,62,133,73,86,407,15.23,32.68,17.94,21.13
N20001251,Collin_D4,120,575,695,20.87,82.73,8,687,695,1.15,191,52,695,27.48,7.48,113,220,693,16.31,31.75,47,58,695,6.76,8.35,125,240,88,88,695,17.99,34.53,12.66,12.66
N20001252,Collin_E4,152,394,546,38.58,72.16,14,533,547,2.56,91,155,549,16.58,28.23,130,65,544,23.9,11.95,15,86,546,2.75,15.75,14,122,91,208,546,2.56,22.34,16.67,38.1
N20001253,Collin_J1,176,561,737,31.37,76.12,12,725,737,1.63,270,94,736,36.68,12.77,103,194,737,13.98,26.32,70,41,736,9.51,5.57,188,223,105,148,737,25.51,30.26,14.25,20.08
N20001254,Collin_F3,139,518,657,26.83,78.84,18,639,657,2.74,205,80,657,31.2,12.18,188,111,657,28.61,16.89,29,117,658,4.41,17.78,68,145,96,171,657,10.35,22.07,14.61,26.03
N20001255,Collin_B2,269,484,753,55.58,64.28,32,721,753,4.25,133,269,752,17.69,35.77,194,59,753,25.76,7.84,11,140,753,1.46,18.59,31,122,92,437,751,4.13,16.25,12.25,58.19
N20001256,Collin_G1,127,355,482,35.77,73.65,14,468,482,2.9,70,124,480,14.58,25.83,153,53,484,31.61,10.95,11,108,479,2.3,22.55,22,112,73,163,482,4.56,23.24,15.15,33.82
N20001257,Collin_G2,211,386,597,54.66,64.66,21,575,596,3.52,123,195,597,20.6,32.66,164,45,596,27.52,7.55,7,108,597,1.17,18.09,17,130,77,318,599,2.84,21.7,12.85,53.09
N20001258,Collin_H1,138,842,980,16.39,85.92,18,962,980,1.84,265,35,981,27.01,3.57,93,375,980,9.49,38.27,135,37,980,13.78,3.78,299,300,133,102,979,30.54,30.64,13.59,10.42
N20001259,Collin_K1,186,535,721,34.77,74.2,24,697,721,3.33,193,126,719,26.84,17.52,137,191,721,19,26.49,54,96,721,7.49,13.31,108,156,77,226,721,14.98,21.64,10.68,31.35
N20001260,Collin_J2,150,355,505,42.25,70.3,13,493,506,2.57,246,33,504,48.81,6.55,42,197,505,8.32,39.01,75,22,505,14.85,4.36,177,152,55,47,505,35.05,30.1,10.89,9.31
N20001261,Collin_B3,250,606,856,41.25,70.79,39,817,856,4.56,139,271,859,16.18,31.55,206,98,855,24.09,11.46,21,148,857,2.45,17.27,37,158,128,455,856,4.32,18.46,14.95,53.15
N20001262,Collin_G3,123,324,447,37.96,72.48,12,436,448,2.68,54,142,447,12.08,31.77,127,42,448,28.35,9.38,13,88,448,2.9,19.64,19,90,41,224,445,4.27,20.22,9.21,50.34
N20001263,Collin_G4,237,361,598,65.65,60.37,28,570,598,4.68,81,258,597,13.57,43.22,152,43,598,25.42,7.19,7,116,596,1.17,19.46,26,81,46,388,594,4.38,13.64,7.74,65.32
N20001264,Collin_H2,141,682,823,20.67,82.87,10,813,823,1.22,301,20,823,36.57,2.43,80,363,823,9.72,44.11,143,55,823,17.38,6.68,318,209,66,50,823,38.64,25.39,8.02,6.08
N20001265,Collin_H3,80,434,514,18.43,84.44,3,511,514,0.58,150,23,514,29.18,4.47,65,206,514,12.65,40.08,64,33,513,12.48,6.43,141,130,42,49,513,27.49,25.34,8.19,9.55
N20001266,Collin_G5,223,381,604,58.53,63.08,21,583,604,3.48,94,222,604,15.56,36.75,153,55,606,25.25,9.08,17,122,607,2.8,20.1,22,72,101,351,601,3.66,11.98,16.81,58.4
N20001267,Collin_L1,209,366,575,57.1,63.65,10,565,575,1.74,306,90,575,53.22,15.65,58,126,575,10.09,21.91,45,25,573,7.85,4.36,138,203,116,92,576,23.96,35.24,20.14,15.97
N20001268,Collin_B4,281,342,623,82.16,54.9,28,595,623,4.49,79,367,620,12.74,59.19,122,72,624,19.55,11.54,11,97,622,1.77,15.59,28,112,69,383,623,4.49,17.98,11.08,61.48
N20001269,Collin_K2,142,374,516,37.97,72.48,19,496,515,3.69,53,114,516,10.27,22.09,175,49,517,33.85,9.48,14,115,518,2.7,22.2,28,68,62,215,516,5.43,13.18,12.02,41.67
N20001270,Collin_K3,79,267,346,29.59,77.17,12,334,346,3.47,34,103,346,9.83,29.77,103,44,346,29.77,12.72,14,78,346,4.05,22.54,21,54,27,193,346,6.07,15.61,7.8,55.78
N20001271,Collin_H4,96,352,448,27.27,78.57,7,442,449,1.56,196,20,451,43.46,4.43,32,210,449,7.13,46.77,70,17,448,15.63,3.79,196,106,27,21,448,43.75,23.66,6.03,4.69
N20001272,Collin_N1,191,457,648,41.79,70.52,28,620,648,4.32,105,192,649,16.18,29.58,156,69,648,24.07,10.65,8,109,648,1.23,16.82,15,120,87,355,648,2.31,18.52,13.43,54.78
N20001273,Collin_L2,154,234,388,65.81,60.31,5,383,388,1.29,225,58,388,57.99,14.95,33,95,388,8.51,24.48,39,7,388,10.05,1.8,86,149,74,61,389,22.11,38.3,19.02,15.68
N20001274,Collin_P1,100,290,390,34.48,74.36,5,386,391,1.28,62,107,393,15.78,27.23,85,69,391,21.74,17.65,17,59,391,4.35,15.09,17,111,34,174,391,4.35,28.39,8.7,44.5
N20001275,Collin_J3,72,322,394,22.36,81.73,0,392,392,0,121,30,395,30.63,7.59,29,198,394,7.36,50.25,84,16,393,21.37,4.07,155,85,52,29,394,39.34,21.57,13.2,7.36
N20001276,Collin_K4,150,344,494,43.6,69.64,25,469,494,5.06,79,162,494,15.99,32.79,152,53,494,30.77,10.73,12,102,492,2.44,20.73,20,98,54,223,494,4.05,19.84,10.93,45.14
N20001277,Collin_N2,225,513,738,43.86,69.51,25,713,738,3.39,203,207,739,27.47,28.01,140,112,738,18.97,15.18,29,92,738,3.93,12.47,41,205,114,321,739,5.55,27.74,15.43,43.44
N20001278,Collin_L3,187,367,554,50.95,66.25,19,535,554,3.43,269,111,553,48.64,20.07,37,134,550,6.73,24.36,43,23,553,7.78,4.16,96,208,112,125,554,17.33,37.55,20.22,22.56
N20001279,Collin_L4,219,389,608,56.3,63.98,14,594,608,2.3,339,86,608,55.76,14.14,44,167,610,7.21,27.38,68,16,608,11.18,2.63,178,213,113,80,607,29.32,35.09,18.62,13.18
N20001280,Collin_J4,49,262,311,18.7,84.24,5,306,311,1.61,58,32,311,18.65,10.29,30,122,311,9.65,39.23,24,21,311,7.72,6.75,51,100,46,75,310,16.45,32.26,14.84,24.19
N20001281,Collin_R1,67,247,314,27.13,78.66,10,303,313,3.19,98,35,313,31.31,11.18,24,122,313,7.67,38.98,49,22,311,15.76,7.07,74,103,55,64,315,23.49,32.7,17.46,20.32
N20001282,Collin_Q1,135,380,515,35.53,73.79,14,501,515,2.72,168,90,513,32.75,17.54,50,113,515,9.71,21.94,26,27,515,5.05,5.24,73,192,117,100,515,14.17,37.28,22.72,19.42
N20001283,Collin_P2,77,282,359,27.3,78.55,11,348,359,3.06,38,97,357,10.64,27.17,113,38,360,31.39,10.56,7,72,359,1.95,20.06,13,68,55,137,359,3.62,18.94,15.32,38.16
N20001284,Collin_N3,236,410,646,57.56,63.47,22,625,647,3.4,338,125,645,52.4,19.38,46,152,644,7.14,23.6,54,15,644,8.39,2.33,144,247,125,122,645,22.33,38.29,19.38,18.91
N20001285,Collin_P3,73,262,335,27.86,78.21,2,331,333,0.6,88,58,335,26.27,17.31,64,88,336,19.05,26.19,27,27,335,8.06,8.06,45,52,80,91,335,13.43,15.52,23.88,27.16
N20001286,Collin_P4,132,176,308,75,57.14,12,295,307,3.91,57,170,308,18.51,55.19,49,24,308,15.91,7.79,3,39,308,0.97,12.66,10,56,63,158,306,3.27,18.3,20.59,51.63
N20001287,Collin_Q2,107,301,408,35.55,73.77,7,401,408,1.72,81,85,407,19.9,20.88,103,55,409,25.18,13.45,15,62,408,3.68,15.2,25,116,49,138,410,6.1,28.29,11.95,33.66
N20001288,Collin_P5,144,373,517,38.61,72.15,14,503,517,2.71,72,157,515,13.98,30.49,134,64,517,25.92,12.38,6,78,517,1.16,15.09,12,113,92,223,517,2.32,21.86,17.79,43.13
N20001289,Collin_R2,96,302,398,31.79,75.88,3,395,398,0.75,112,64,398,28.14,16.08,61,122,399,15.29,30.58,41,39,398,10.3,9.8,93,110,35,87,398,23.37,27.64,8.79,21.86
N20001290,Collin_Q3,273,858,1131,31.82,75.86,28,1105,1133,2.47,440,124,1131,38.9,10.96,150,295,1132,13.25,26.06,82,55,1132,7.24,4.86,211,368,264,181,1131,18.66,32.54,23.34,16
N20001291,Collin_N4,216,360,576,60,62.5,21,555,576,3.65,290,155,578,50.17,26.82,65,113,579,11.23,19.52,29,36,576,5.03,6.25,80,174,139,175,576,13.89,30.21,24.13,30.38
N20001292,Collin_R3,146,423,569,34.52,74.34,17,551,568,2.99,192,81,570,33.68,14.21,85,186,569,14.94,32.69,48,41,569,8.44,7.21,93,169,124,112,569,16.34,29.7,21.79,19.68
N20001293,Collin_P6,92,276,368,33.33,75,9,359,368,2.45,54,102,368,14.67,27.72,104,41,368,28.26,11.14,11,63,368,2.99,17.12,24,69,61,133,368,6.52,18.75,16.58,36.14
N20001294,Collin_R4,43,186,229,23.12,81.22,2,229,231,0.87,87,5,234,37.18,2.14,46,78,234,19.66,33.33,25,17,230,10.87,7.39,56,67,20,17,231,24.24,29,8.66,7.36
N20001295,Collin_Q4,86,256,342,33.59,74.85,9,331,340,2.65,72,81,340,21.18,23.82,101,30,341,29.62,8.8,10,62,339,2.95,18.29,12,65,54,140,340,3.53,19.12,15.88,41.18
N20001296,Collin_R5,62,339,401,18.29,84.54,3,398,401,0.75,114,13,401,28.43,3.24,69,139,401,17.21,34.66,49,22,400,12.25,5.5,78,121,34,43,401,19.45,30.17,8.48,10.72
N20001297,Black_Mountain_A1,116,365,481,31.78,75.88,20,461,481,4.16,85,120,484,17.56,24.79,145,64,481,30.15,13.31,11,108,481,2.29,22.45,20,96,60,164,481,4.16,19.96,12.47,34.1
N20001298,Black_Mountain_A2,194,455,649,42.64,70.11,18,631,649,2.77,103,192,649,15.87,29.58,200,70,649,30.82,10.79,12,135,649,1.85,20.8,18,115,74,314,649,2.77,17.72,11.4,48.38
N20001299,Black_Mountain_A3,164,331,495,49.55,66.87,24,470,494,4.86,62,202,498,12.45,40.56,163,51,495,32.93,10.3,5,114,495,1.01,23.03,12,78,61,281,495,2.42,15.76,12.32,56.77
N20001300,Black_Mountain_B1,214,423,637,50.59,66.41,30,604,634,4.73,72,255,632,11.39,40.35,183,57,633,28.91,9,10,151,631,1.58,23.93,14,113,44,400,634,2.21,17.82,6.94,63.09
N20001301,Black_Mountain_A4,196,540,736,36.3,73.37,35,701,736,4.76,105,208,736,14.27,28.26,263,70,736,35.73,9.51,10,184,734,1.36,25.07,19,101,99,388,736,2.58,13.72,13.45,52.72
N20001302,Black_Mountain_A5,104,392,496,26.53,79.03,19,478,497,3.82,31,102,497,6.24,20.52,202,41,497,40.64,8.25,6,120,497,1.21,24.14,9,88,63,231,497,1.81,17.71,12.68,46.48
N20001303,Black_Mountain_B2,100,387,487,25.84,79.47,4,484,488,0.82,69,97,488,14.14,19.88,122,72,487,25.05,14.78,25,61,488,5.12,12.5,24,116,88,163,488,4.92,23.77,18.03,33.4
N20001304,Black_Mountain_B3,165,377,542,43.77,69.56,33,509,542,6.09,29,246,541,5.36,45.47,165,62,541,30.5,11.46,10,113,542,1.85,20.85,24,90,39,336,542,4.43,16.61,7.2,61.99
N20001305,Black_Mountain_B4,163,377,540,43.24,69.81,19,522,541,3.51,52,203,538,9.67,37.73,183,52,542,33.76,9.59,9,131,538,1.67,24.35,15,81,36,312,541,2.77,14.97,6.65,57.67
N20001306,Black_Mountain_A6,63,228,291,27.63,78.35,3,288,291,1.03,34,66,293,11.6,22.53,114,34,291,39.18,11.68,3,77,294,1.02,26.19,5,63,25,143,293,1.71,21.5,8.53,48.81
N20001307,Black_Mountain_C1,184,402,586,45.77,68.6,14,572,586,2.39,114,182,589,19.35,30.90,111,89,586,18.94,15.19,18,84,583,3.09,14.41,45,142,80,267,585,7.69,24.27,13.68,45.64
N20001308,Black_Mountain_D1,171,677,848,25.26,79.83,19,829,848,2.24,175,146,849,20.61,17.20,207,157,843,24.56,18.62,30,107,844,3.55,12.68,94,212,151,215,848,11.08,25,17.81,25.35
N20001309,Black_Mountain_D2,210,686,896,30.61,76.56,24,872,896,2.68,291,93,895,32.51,10.39,162,217,896,18.08,24.22,54,82,896,6.03,9.15,159,237,172,158,896,17.75,26.45,19.2,17.63
N20001310,Black_Mountain_E1,166,448,614,37.05,72.96,24,590,614,3.91,71,173,614,11.56,28.18,203,62,614,33.06,10.1,8,136,614,1.3,22.15,15,97,75,317,614,2.44,15.8,12.21,51.63
N20001311,Black_Mountain_C2,90,305,395,29.51,77.22,10,385,395,2.53,44,108,397,11.08,27.20,96,82,394,24.37,20.81,15,58,395,3.8,14.68,25,82,52,177,395,6.33,20.76,13.16,44.81
N20001312,Black_Mountain_C3,101,313,414,32.27,75.6,5,409,414,1.21,97,82,417,23.26,19.66,93,78,414,22.46,18.84,14,58,413,3.39,14.04,17,102,52,166,414,4.11,24.64,12.56,40.1
N20001313,Black_Mountain_E2,135,400,535,33.75,74.77,20,515,535,3.74,49,143,535,9.16,26.73,181,58,536,33.77,10.82,8,133,535,1.5,24.86,20,103,49,275,535,3.74,19.25,9.16,51.4
N20001314,Black_Mountain_E3,177,475,652,37.26,72.85,29,624,653,4.44,81,164,651,12.44,25.19,216,83,653,33.08,12.71,14,128,651,2.15,19.66,19,144,64,308,652,2.91,22.09,9.82,47.24
N20001315,Black_Mountain_C4,119,349,468,34.1,74.57,5,464,469,1.07,100,98,468,21.37,20.94,87,97,467,18.63,20.77,14,63,469,2.99,13.43,18,157,51,190,468,3.85,33.55,10.9,40.6
N20001316,Black_Mountain_E4,153,374,527,40.91,70.97,17,510,527,3.23,50,201,526,9.51,38.21,146,54,527,27.7,10.25,8,114,527,1.52,21.63,19,90,62,225,527,3.61,17.08,11.76,42.69
N20001317,Black_Mountain_F1,121,398,519,30.4,76.69,18,497,515,3.5,57,106,516,11.05,20.54,205,50,516,39.73,9.69,7,127,516,1.36,24.61,22,71,52,260,515,4.27,13.79,10.1,50.49
N20001318,Black_Mountain_J1,92,383,475,24.02,80.63,5,470,475,1.05,82,63,479,17.12,13.15,82,109,472,17.37,23.09,23,56,475,4.84,11.79,43,123,93,95,473,9.09,26,19.66,20.08
N20001319,Black_Mountain_J2,78,262,340,29.77,77.06,3,337,340,0.88,33,85,339,9.73,25.07,76,51,341,22.29,14.96,10,60,340,2.94,17.65,26,86,39,146,342,7.6,25.15,11.4,42.69
N20001320,Black_Mountain_F2,103,366,469,28.14,78.04,15,453,468,3.21,50,105,469,10.66,22.39,197,42,468,42.09,8.97,7,119,468,1.5,25.43,5,31,39,281,468,1.07,6.62,8.33,60.04
N20001321,Black_Mountain_J3,143,448,591,31.92,75.8,21,569,590,3.56,116,116,591,19.63,19.63,125,117,590,21.19,19.83,18,93,591,3.05,15.74,44,150,64,213,590,7.46,25.42,10.85,36.1
N20001322,Black_Mountain_J4,116,337,453,34.42,74.39,20,433,453,4.42,83,112,453,18.32,24.72,116,71,453,25.61,15.67,12,64,451,2.66,14.19,26,88,66,198,453,5.74,19.43,14.57,43.71
N20001323,Black_Mountain_H1,68,279,347,24.37,80.4,10,337,347,2.88,16,81,347,4.61,23.34,120,38,347,34.58,10.95,5,71,347,1.44,20.46,11,39,65,163,347,3.17,11.24,18.73,46.97
N20001324,Black_Mountain_J5,174,342,516,50.88,66.28,21,495,516,4.07,93,209,516,18.02,40.50,137,64,513,26.71,12.48,14,106,516,2.71,20.54,35,80,23,314,516,6.78,15.5,4.46,60.85
N20001325,Black_Mountain_F3,204,554,758,36.82,73.09,30,728,758,3.96,83,202,760,10.92,26.58,282,77,758,37.2,10.16,16,172,757,2.11,22.72,21,138,68,377,758,2.77,18.21,8.97,49.74
N20001326,Black_Mountain_F4,189,480,669,39.38,71.75,23,646,669,3.44,123,162,666,18.47,24.32,180,99,670,26.87,14.78,20,117,669,2.99,17.49,55,136,89,271,668,8.23,20.36,13.32,40.57
N20001327,Black_Mountain_G1,84,350,434,24,80.65,7,425,432,1.62,116,21,434,26.73,4.84,81,130,435,18.62,29.89,30,50,431,6.96,11.6,86,112,64,51,435,19.77,25.75,14.71,11.72
N20001328,Black_Mountain_H2,177,432,609,40.97,70.94,19,593,612,3.1,87,190,610,14.26,31.15,210,72,608,34.54,11.84,15,141,614,2.44,22.96,35,81,42,316,609,5.75,13.3,6.9,51.89
N20001329,Black_Mountain_G2,76,226,302,33.63,74.83,3,299,302,0.99,74,63,302,24.5,20.86,68,64,303,22.44,21.12,15,32,303,4.95,10.56,43,85,31,74,302,14.24,28.15,10.26,24.5
N20001330,Black_Mountain_G3,88,323,411,27.24,78.59,11,399,410,2.68,101,44,410,24.63,10.73,65,112,411,15.82,27.25,25,40,412,6.07,9.71,65,129,60,64,404,16.09,31.93,14.85,15.84
N20001331,Black_Mountain_G4,100,404,504,24.75,80.16,11,492,503,2.19,157,36,504,31.15,7.14,75,141,503,14.91,28.03,39,37,502,7.77,7.37,64,168,92,64,503,12.72,33.4,18.29,12.72
N20001332,Black_Mountain_K1,222,263,485,84.41,54.23,43,442,485,8.87,85,266,485,17.53,54.85,83,49,485,17.11,10.1,7,65,485,1.44,13.4,8,105,39,327,485,1.65,21.65,8.04,67.42
N20001333,Black_Mountain_G5,80,368,448,21.74,82.14,7,442,449,1.56,126,28,446,28.25,6.28,83,111,447,18.57,24.83,47,36,450,10.44,8,85,105,45,126,448,18.97,23.44,10.04,28.13
N20001334,Black_Mountain_G6,116,588,704,19.73,83.52,9,694,703,1.28,169,77,701,24.11,10.98,119,185,703,16.93,26.32,34,53,703,4.84,7.54,87,192,103,149,703,12.38,27.31,14.65,21.19
N20001335,Black_Mountain_K2,61,255,316,23.92,80.7,2,314,316,0.63,101,23,315,32.06,7.30,48,103,316,15.19,32.59,30,20,315,9.52,6.35,56,119,35,53,316,17.72,37.66,11.08,16.77
N20001336,Black_Mountain_J6,45,206,251,21.84,82.07,5,246,251,1.99,19,56,250,7.6,22.40,85,46,253,33.6,18.18,6,55,252,2.38,21.83,5,55,29,78,252,1.98,21.83,11.51,30.95
N20001337,Black_Mountain_H3,72,349,421,20.63,82.9,4,417,421,0.95,114,25,421,27.08,5.94,99,98,419,23.63,23.39,22,51,421,5.23,12.11,48,123,53,56,422,11.37,29.15,12.56,13.27
N20001338,Black_Mountain_K3,125,248,373,50.4,66.49,18,355,373,4.83,60,133,374,16.04,35.56,89,54,373,23.86,14.48,13,61,373,3.49,16.35,25,46,38,206,373,6.7,12.33,10.19,55.23
N20001339,Black_Mountain_K4,93,590,683,15.76,86.38,12,671,683,1.76,112,60,683,16.4,8.78,126,194,682,18.48,28.45,59,61,683,8.64,8.93,67,196,94,147,682,9.82,28.74,13.78,21.55
N20001340,Black_Mountain_H4,102,335,437,30.45,76.66,11,427,438,2.51,123,63,435,28.28,14.48,92,115,437,21.05,26.32,32,39,437,7.32,8.92,85,120,53,77,442,19.23,27.15,11.99,17.42
N20001341,Black_Mountain_D3,93,228,321,40.79,71.03,9,312,321,2.8,90,85,324,27.78,26.23,44,60,321,13.71,18.69,20,28,322,6.21,8.7,49,127,35,83,321,15.26,39.56,10.9,25.86
N20001342,Black_Mountain_L1,135,444,579,30.41,76.68,20,559,579,3.45,145,79,579,25.04,13.64,136,104,580,23.45,17.93,29,70,578,5.02,12.11,82,145,88,159,579,14.16,25.04,15.2,27.46
N20001343,Black_Mountain_N1,95,337,432,28.19,78.01,10,422,432,2.31,79,88,432,18.29,20.37,96,68,432,22.22,15.74,21,57,432,4.86,13.19,44,109,82,105,432,10.19,25.23,18.98,24.31
N20001344,Black_Mountain_N2,70,252,322,27.78,78.26,3,318,321,0.93,37,71,320,11.56,22.19,83,43,322,25.78,13.35,14,46,323,4.33,14.24,24,63,33,139,323,7.43,19.5,10.22,43.03
N20001345,Black_Mountain_L2,112,371,483,30.19,76.81,11,472,483,2.28,140,55,482,29.05,11.41,101,102,481,21,21.21,19,49,480,3.96,10.21,68,101,69,157,484,14.05,20.87,14.26,32.44
N20001346,Black_Mountain_P1,107,403,510,26.55,79.02,10,500,510,1.96,94,80,511,18.4,15.66,133,72,509,26.13,14.15,20,85,512,3.91,16.6,38,111,74,166,510,7.45,21.76,14.51,32.55
N20001347,Black_Mountain_H5,19,295,314,6.44,93.95,2,311,313,0.64,17,9,313,5.43,2.88,158,44,314,50.32,14.01,15,86,314,4.78,27.39,7,29,17,44,315,2.22,9.21,5.4,13.97
N20001348,Black_Mountain_N3,108,353,461,30.59,76.57,17,444,461,3.69,87,103,461,18.87,22.34,143,51,461,31.02,11.06,12,107,461,2.6,23.21,23,76,65,194,461,4.99,16.49,14.1,42.08
N20001349,Black_Mountain_N4,94,315,409,29.84,77.02,9,400,409,2.2,94,52,409,22.98,12.71,90,74,408,22.06,18.14,17,44,408,4.17,10.78,31,125,61,116,409,7.58,30.56,14.91,28.36
N20001350,Black_Mountain_R1,70,367,437,19.07,83.98,7,430,437,1.6,99,34,434,22.81,7.83,74,138,436,16.97,31.65,47,42,438,10.73,9.59,77,127,44,85,435,17.7,29.2,10.11,19.54
N20001351,Black_Mountain_D4,206,425,631,48.47,67.35,29,603,632,4.59,131,207,631,20.76,32.81,101,129,630,16.03,20.48,24,64,631,3.8,10.14,57,169,127,240,631,9.03,26.78,20.13,38.03
N20001352,Black_Mountain_L3,126,408,534,30.88,76.4,18,517,535,3.36,80,114,535,14.95,21.31,111,112,535,20.75,20.93,24,75,536,4.48,13.99,53,138,38,183,535,9.91,25.79,7.1,34.21
N20001353,Black_Mountain_N5,59,230,289,25.65,79.58,11,278,289,3.81,61,47,288,21.18,16.32,72,55,290,24.83,18.97,15,37,289,5.19,12.8,17,61,38,114,287,5.92,21.25,13.24,39.72
N20001354,Black_Mountain_L4,54,376,430,14.36,87.44,4,428,432,0.93,53,42,430,12.33,9.77,104,105,426,24.41,24.65,27,68,430,6.28,15.81,43,98,54,116,428,10.05,22.9,12.62,27.1
N20001355,Black_Mountain_N6,83,393,476,21.12,82.56,10,466,476,2.1,91,46,474,19.2,9.70,117,104,476,24.58,21.85,31,72,477,6.5,15.09,60,122,66,107,475,12.63,25.68,13.89,22.53
N20001356,Black_Mountain_Q1,178,489,667,36.4,73.31,27,640,667,4.05,124,173,665,18.65,26.02,153,106,669,22.87,15.84,24,92,665,3.61,13.83,36,182,86,243,667,5.4,27.29,12.89,36.43
N20001357,Black_Mountain_L5,79,332,411,23.8,80.78,9,402,411,2.19,80,57,412,19.42,13.83,92,78,411,22.38,18.98,24,54,410,5.85,13.17,36,102,50,120,411,8.76,24.82,12.17,29.2
N20001358,Black_Mountain_P2,140,445,585,31.46,76.07,15,570,585,2.56,87,109,585,14.87,18.63,165,93,585,28.21,15.9,10,93,586,1.71,15.87,24,120,92,237,585,4.1,20.51,15.73,40.51
N20001359,Black_Mountain_P3,147,409,556,35.94,73.56,17,539,556,3.06,91,146,555,16.4,26.31,166,67,555,29.91,12.07,19,93,555,3.42,16.76,33,121,84,213,556,5.94,21.76,15.11,38.31
N20001360,Black_Mountain_P4,121,306,427,39.54,71.66,11,416,427,2.58,134,73,427,31.38,17.10,71,81,427,16.63,18.97,14,42,429,3.26,9.79,42,145,90,132,427,9.84,33.96,21.08,30.91
N20001361,Black_Mountain_R2,111,430,541,25.81,79.48,12,529,541,2.22,164,46,542,30.26,8.49,91,148,542,16.79,27.31,46,57,541,8.5,10.54,87,140,92,72,542,16.05,25.83,16.97,13.28
N20001362,Black_Mountain_Q2,90,409,499,22,81.96,12,487,499,2.4,137,44,499,27.45,8.82,105,104,500,21,20.8,33,54,497,6.64,10.87,62,120,75,85,499,12.42,24.05,15.03,17.03
N20001363,Black_Mountain_Q3,133,492,625,27.03,78.72,9,616,625,1.44,79,126,625,12.64,20.16,199,77,625,31.84,12.32,24,87,622,3.86,13.99,28,139,75,204,624,4.49,22.28,12.02,32.69
N20001364,Black_Mountain_R3,105,488,593,21.52,82.29,16,577,593,2.7,135,41,598,22.58,6.86,144,135,595,24.2,22.69,29,81,593,4.89,13.66,52,136,118,109,593,8.77,22.93,19.9,18.38
N20001365,Black_Mountain_P5,139,346,485,40.17,71.34,21,466,487,4.31,84,150,484,17.36,30.99,101,92,483,20.91,19.05,18,72,485,3.71,14.85,31,121,73,226,484,6.4,25,15.08,46.69
N20001366,Black_Mountain_R4,71,340,411,20.88,82.73,9,402,411,2.19,100,43,412,24.27,10.44,117,84,411,28.47,20.44,17,53,409,4.16,12.96,40,88,54,89,411,9.73,21.41,13.14,21.65
N20001367,Black_Mountain_R5,82,321,403,25.55,79.65,6,396,402,1.49,119,34,403,29.53,8.44,75,94,403,18.61,23.33,29,24,403,7.2,5.96,47,114,36,62,403,11.66,28.29,8.93,15.38
N20001368,Black_Mountain_R6,34,217,251,15.67,86.45,3,249,252,1.19,54,28,252,21.43,11.11,49,66,251,19.52,26.29,18,27,252,7.14,10.71,23,72,48,50,252,9.13,28.57,19.05,19.84
N20001369,Court_C1,149,326,475,45.71,68.63,19,456,475,4,73,185,474,15.4,39.03,147,40,475,30.95,8.42,14,72,475,2.95,15.16,20,80,42,262,475,4.21,16.84,8.84,55.16
N20001370,Court_A1,148,376,524,39.36,71.76,17,507,524,3.24,71,164,526,13.5,31.18,173,54,524,33.02,10.31,11,93,524,2.1,17.75,20,87,66,262,526,3.8,16.54,12.55,49.81
N20001371,Court_A2,94,368,462,25.54,79.65,9,453,462,1.95,153,24,462,33.12,5.19,85,129,465,18.28,27.74,45,31,465,9.68,6.67,91,118,76,70,463,19.65,25.49,16.41,15.12
N20001372,Court_C2,84,252,336,33.33,75,8,328,336,2.38,51,98,335,15.22,29.25,114,23,335,34.03,6.87,7,65,336,2.08,19.35,11,63,46,149,335,3.28,18.81,13.73,44.48
N20001373,Court_A3,117,471,588,24.84,80.1,12,576,588,2.04,94,106,587,16.01,18.06,143,96,588,24.32,16.33,34,66,589,5.77,11.21,57,141,92,157,588,9.69,23.98,15.65,26.7
N20001374,Court_B1,102,375,477,27.2,78.62,6,471,477,1.26,149,50,475,31.37,10.53,114,75,477,23.9,15.72,29,33,476,6.09,6.93,81,122,98,72,479,16.91,25.47,20.46,15.03
N20001375,Court_B2,138,445,583,31.01,76.33,19,564,583,3.26,86,152,583,14.75,26.07,164,68,583,28.13,11.66,15,67,581,2.58,11.53,34,126,90,211,582,5.84,21.65,15.46,36.25
N20001376,Court_C3,65,144,209,45.14,68.9,16,193,209,7.66,27,71,209,12.92,33.97,61,24,209,29.19,11.48,6,43,209,2.87,20.57,0,30,37,91,209,0,14.35,17.7,43.54
N20001377,Court_B3,62,324,386,19.14,83.94,4,382,386,1.04,3,94,385,0.78,24.42,187,48,386,48.45,12.44,13,87,382,3.4,22.77,9,41,39,144,387,2.33,10.59,10.08,37.21
N20001378,Court_C4,157,400,557,39.25,71.81,15,542,557,2.69,113,140,557,20.29,25.13,133,85,556,23.92,15.29,16,81,557,2.87,14.54,21,105,84,234,557,3.77,18.85,15.08,42.01
N20001379,Court_J1,86,404,490,21.29,82.45,26,464,490,5.31,53,85,489,10.84,17.38,146,80,490,29.8,16.33,17,59,490,3.47,12.04,22,93,102,195,492,4.47,18.9,20.73,39.63
N20001380,Court_E1,125,522,647,23.95,80.68,6,642,648,0.93,213,42,648,32.87,6.48,111,162,648,17.13,25,58,35,648,8.95,5.4,90,206,132,81,647,13.91,31.84,20.4,12.52
N20001381,Court_D1,194,548,742,35.4,73.85,18,725,743,2.42,121,220,744,16.26,29.57,233,65,745,31.28,8.72,15,133,742,2.02,17.92,25,151,93,357,745,3.36,20.27,12.48,47.92
N20001382,Court_B4,53,371,424,14.29,87.5,6,417,423,1.42,52,51,424,12.26,12.03,128,80,424,30.19,18.87,24,52,426,5.63,12.21,29,95,51,136,427,6.79,22.25,11.94,31.85
N20001383,Court_D2,193,393,586,49.11,67.06,29,557,586,4.95,98,215,586,16.72,36.69,153,68,587,26.06,11.58,12,101,587,2.04,17.21,28,99,69,325,584,4.79,16.95,11.82,55.65
N20001384,Court_F1,137,459,596,29.85,77.01,22,574,596,3.69,31,175,594,5.22,29.46,190,72,596,31.88,12.08,18,85,596,3.02,14.26,19,102,76,313,596,3.19,17.11,12.75,52.52
N20001385,Court_D3,66,300,366,22,81.97,15,351,366,4.1,42,72,366,11.48,19.67,124,63,366,33.88,17.21,24,77,365,6.58,21.1,35,62,36,142,366,9.56,16.94,9.84,38.8
N20001386,Court_E2,74,320,394,23.13,81.22,6,388,394,1.52,117,15,394,29.7,3.81,88,69,394,22.34,17.51,21,33,393,5.34,8.4,55,104,87,61,395,13.92,26.33,22.03,15.44
N20001387,Court_G1,105,315,420,33.33,75,13,407,420,3.1,34,139,421,8.08,33.02,147,41,423,34.75,9.69,7,91,421,1.66,21.62,4,69,39,225,418,0.96,16.51,9.33,53.83
N20001388,Court_E3,138,363,501,38.02,72.46,16,486,502,3.19,225,33,501,44.91,6.59,74,104,504,14.68,20.63,21,29,501,4.19,5.79,67,170,137,85,499,13.43,34.07,27.45,17.03
N20001389,Court_G2,203,358,561,56.7,63.81,29,533,562,5.16,92,219,562,16.37,38.97,174,45,562,30.96,8.01,5,125,562,0.89,22.24,11,75,59,360,562,1.96,13.35,10.5,64.06
N20001390,Court_H1,178,424,602,41.98,70.43,15,587,602,2.49,115,170,602,19.1,28.24,143,62,602,23.75,10.3,19,60,599,3.17,10.02,13,167,84,272,602,2.16,27.74,13.95,45.18
N20001391,Court_E4,99,350,449,28.29,77.95,5,438,443,1.13,156,30,446,34.98,6.73,79,95,446,17.71,21.3,33,22,448,7.37,4.91,55,144,77,73,446,12.33,32.29,17.26,16.37
N20001392,Court_E5,70,338,408,20.71,82.84,10,398,408,2.45,134,30,408,32.84,7.35,82,85,408,20.1,20.83,24,26,408,5.88,6.37,49,129,76,55,408,12.01,31.62,18.63,13.48
N20001393,Court_H2,36,174,210,20.69,82.86,5,205,210,2.38,13,42,209,6.22,20.10,94,18,210,44.76,8.57,0,46,209,0,22.01,0,33,15,95,208,0,15.87,7.21,45.67
N20001394,Court_F2,58,286,344,20.28,83.14,15,329,344,4.36,32,67,341,9.38,19.65,102,50,347,29.39,14.41,21,64,345,6.09,18.55,31,60,51,161,343,9.04,17.49,14.87,46.94
N20001395,Court_G3,56,237,293,23.63,80.89,4,289,293,1.37,29,74,292,9.93,25.34,129,21,293,44.03,7.17,7,51,292,2.4,17.47,9,44,32,129,293,3.07,15.02,10.92,44.03
N20001396,Court_K1,107,324,431,33.02,75.17,17,414,431,3.94,62,127,431,14.39,29.47,190,35,430,44.19,8.14,4,81,432,0.93,18.75,11,42,41,216,431,2.55,9.74,9.51,50.12
N20001397,Court_H3,84,373,457,22.52,81.62,15,442,457,3.28,51,84,457,11.16,18.38,173,51,458,37.77,11.14,9,105,457,1.97,22.98,20,63,35,212,457,4.38,13.79,7.66,46.39
N20001398,Court_K2,78,284,362,27.46,78.45,10,353,363,2.75,41,96,362,11.33,26.52,127,45,363,34.99,12.4,6,69,364,1.65,18.96,17,47,50,162,363,4.68,12.95,13.77,44.63
N20001399,Court_H4,134,429,563,31.24,76.2,22,540,562,3.91,50,171,564,8.87,30.32,217,44,562,38.61,7.83,9,98,564,1.6,17.38,10,73,53,286,562,1.78,12.99,9.43,50.89
N20001400,Court_F3,53,203,256,26.11,79.3,6,250,256,2.34,24,71,257,9.34,27.63,88,33,256,34.38,12.89,7,42,258,2.71,16.28,14,40,34,123,256,5.47,15.63,13.28,48.05
N20001401,Court_J2,100,585,685,17.09,85.4,18,667,685,2.63,96,96,684,14.04,14.04,179,123,690,25.94,17.83,33,74,685,4.82,10.8,64,118,114,227,685,9.34,17.23,16.64,33.14
N20001402,Court_L1,140,425,565,32.94,75.22,18,547,565,3.19,202,81,565,35.75,14.34,82,133,565,14.51,23.54,31,32,565,5.49,5.66,65,212,125,131,565,11.5,37.52,22.12,23.19
N20001403,Court_L2,63,217,280,29.03,77.5,5,274,279,1.79,46,69,280,16.43,24.64,87,28,281,30.96,9.96,3,41,279,1.08,14.7,8,38,37,151,280,2.86,13.57,13.21,53.93
N20001404,Court_J3,67,340,407,19.71,83.54,6,401,407,1.47,67,60,407,16.46,14.74,117,67,408,28.68,16.42,15,59,407,3.69,14.5,20,84,43,171,407,4.91,20.64,10.57,42.01
N20001405,Court_L3,150,373,523,40.21,71.32,28,495,523,5.35,81,156,522,15.52,29.89,158,50,521,30.33,9.6,9,75,523,1.72,14.34,13,72,87,256,523,2.49,13.77,16.63,48.95
N20001406,Court_K3,74,252,326,29.37,77.3,10,316,326,3.07,37,74,327,11.31,22.63,135,35,326,41.41,10.74,10,81,329,3.04,24.62,11,34,23,175,326,3.37,10.43,7.06,53.68
N20001407,Court_N1,119,228,347,52.19,65.71,16,331,347,4.61,24,153,350,6.86,43.71,89,19,347,25.65,5.48,8,57,348,2.3,16.38,6,55,41,208,347,1.73,15.85,11.82,59.94
N20001408,Court_P1,100,232,332,43.1,69.88,11,320,331,3.32,42,133,333,12.61,39.94,93,24,329,28.27,7.29,10,48,334,2.99,14.37,4,52,63,172,331,1.21,15.71,19.03,51.96
N20001409,Court_K4,42,186,228,22.58,81.58,9,219,228,3.95,41,45,228,17.98,19.74,82,25,227,36.12,11.01,7,42,228,3.07,18.42,5,36,26,110,228,2.19,15.79,11.4,48.25
N20001410,Court_S1,58,239,297,24.27,80.47,19,278,297,6.4,30,70,297,10.1,23.57,131,23,299,43.81,7.69,9,53,297,3.03,17.85,12,35,27,141,297,4.04,11.78,9.09,47.47
N20001411,Court_P2,127,315,442,40.32,71.27,19,425,444,4.28,95,118,442,21.49,26.70,124,44,444,27.93,9.91,12,55,444,2.7,12.39,28,80,76,196,444,6.31,18.02,17.12,44.14
N20001412,Court_K5,63,210,273,30,76.92,7,266,273,2.56,39,64,271,14.39,23.62,88,29,273,32.23,10.62,10,48,271,3.69,17.71,13,39,28,125,273,4.76,14.29,10.26,45.79
N20001413,Court_N2,159,410,569,38.78,72.06,18,551,569,3.16,73,196,568,12.85,34.51,162,64,569,28.47,11.25,13,64,570,2.28,11.23,27,124,76,247,569,4.75,21.79,13.36,43.41
N20001414,Court_Q1,76,263,339,28.9,77.58,7,331,338,2.07,46,87,339,13.57,25.66,108,48,338,31.95,14.2,9,65,337,2.67,19.29,21,47,67,139,339,6.19,13.86,19.76,41
N20001415,Court_P3,101,228,329,44.3,69.3,20,309,329,6.08,41,119,329,12.46,36.17,129,22,327,39.45,6.73,6,73,328,1.83,22.26,10,45,35,196,329,3.04,13.68,10.64,59.57
N20001416,Court_R1,112,385,497,29.09,77.46,22,475,497,4.43,59,128,495,11.92,25.86,182,38,497,36.62,7.65,13,75,497,2.62,15.09,9,46,93,211,497,1.81,9.26,18.71,42.45
N20001417,Court_R2,110,278,388,39.57,71.65,19,369,388,4.9,85,106,390,21.79,27.18,127,44,387,32.82,11.37,5,55,388,1.29,14.18,5,76,60,194,387,1.29,19.64,15.5,50.13
N20001418,Court_Q2,43,371,414,11.59,89.61,9,404,413,2.18,58,32,414,14.01,7.73,108,132,413,26.15,31.96,33,63,413,7.99,15.25,56,110,54,122,413,13.56,26.63,13.08,29.54
N20001419,Court_N3,92,334,426,27.54,78.4,10,416,426,2.35,40,95,422,9.48,22.51,132,62,423,31.21,14.66,8,86,425,1.88,20.24,24,73,37,200,428,5.61,17.06,8.64,46.73
N20001420,Court_N4,97,239,336,40.59,71.13,16,320,336,4.76,40,119,337,11.87,35.31,80,48,335,23.88,14.33,12,60,336,3.57,17.86,18,58,42,182,335,5.37,17.31,12.54,54.33
N20001421,Court_S2,155,295,450,52.54,65.56,39,409,448,8.71,62,144,452,13.72,31.86,125,45,450,27.78,10,7,91,448,1.56,20.31,13,48,40,238,450,2.89,10.67,8.89,52.89
N20001422,Court_J4,105,250,355,42,70.42,6,346,352,1.7,114,70,356,32.02,19.66,52,83,355,14.65,23.38,25,26,353,7.08,7.37,57,121,41,93,355,16.06,34.08,11.55,26.2
N20001423,Court_Q3,49,193,242,25.39,79.75,5,237,242,2.07,17,64,241,7.05,26.56,97,33,243,39.92,13.58,6,59,243,2.47,24.28,7,27,21,145,242,2.89,11.16,8.68,59.92
N20001424,Court_R3,193,442,635,43.67,69.61,33,602,635,5.2,129,208,637,20.25,32.65,162,67,634,25.55,10.57,14,69,636,2.2,10.85,18,136,127,257,636,2.83,21.38,19.97,40.41
N20001425,Court_U1,40,249,289,16.06,86.16,1,288,289,0.35,56,24,290,19.31,8.28,32,135,289,11.07,46.71,19,34,286,6.64,11.89,37,136,41,47,289,12.8,47.06,14.19,16.26
N20001426,Court_P4,136,262,398,51.91,65.83,24,374,398,6.03,36,181,399,9.02,45.36,114,33,398,28.64,8.29,7,90,398,1.76,22.61,8,53,32,244,396,2.02,13.38,8.08,61.62
N20001427,Court_U2,159,465,624,34.19,74.52,19,604,623,3.05,125,168,625,20,26.88,166,111,624,26.6,17.79,17,103,622,2.73,16.56,45,142,50,277,624,7.21,22.76,8.01,44.39
N20001428,Court_T1,117,457,574,25.6,79.62,11,563,574,1.92,48,141,573,8.38,24.61,181,89,574,31.53,15.51,29,122,577,5.03,21.14,28,89,63,276,574,4.88,15.51,10.98,48.08
N20001429,Court_W1,191,374,565,51.07,66.19,25,540,565,4.42,39,235,565,6.9,41.59,189,57,564,33.51,10.11,6,128,562,1.07,22.78,18,83,46,364,565,3.19,14.69,8.14,64.42
N20001430,Court_Q4,54,240,294,22.5,81.63,6,288,294,2.04,42,51,294,14.29,17.35,77,64,294,26.19,21.77,10,62,293,3.41,21.16,28,95,26,88,293,9.56,32.42,8.87,30.03
N20001431,Court_S3,105,214,319,49.07,67.08,13,305,318,4.09,21,132,317,6.62,41.64,108,22,320,33.75,6.88,7,67,323,2.17,20.74,1,33,22,206,318,0.31,10.38,6.92,64.78
N20001432,Court_S4,82,226,308,36.28,73.38,10,298,308,3.25,9,113,309,2.91,36.57,105,25,308,34.09,8.12,5,71,309,1.62,22.98,0,43,43,164,308,0,13.96,13.96,53.25
N20001433,Court_W2,123,298,421,41.28,70.78,20,403,423,4.73,14,186,423,3.31,43.97,161,39,422,38.15,9.24,10,91,423,2.36,21.51,11,64,27,238,423,2.6,15.13,6.38,56.26
N20001434,Court_U3,58,296,354,19.59,83.62,10,344,354,2.82,34,54,355,9.58,15.21,122,54,354,34.46,15.25,13,86,355,3.66,24.23,13,62,44,182,353,3.68,17.56,12.46,51.56
N20001435,Court_X1,145,202,347,71.78,58.21,4,343,347,1.15,58,189,347,16.71,54.47,89,29,342,26.02,8.48,6,68,347,1.73,19.6,16,44,19,253,347,4.61,12.68,5.48,72.91
N20001436,Court_T2,76,298,374,25.5,79.68,8,366,374,2.14,57,65,373,15.28,17.43,105,50,378,27.78,13.23,10,60,374,2.67,16.04,12,92,44,161,375,3.2,24.53,11.73,42.93
N20001437,Court_S5,105,314,419,33.44,74.94,12,407,419,2.86,33,132,419,7.88,31.50,131,55,417,31.41,13.19,8,87,420,1.9,20.71,6,49,30,260,418,1.44,11.72,7.18,62.2
N20001438,Court_W3,139,278,417,50,66.67,21,396,417,5.04,29,142,418,6.94,33.97,143,30,418,34.21,7.18,6,98,418,1.44,23.44,8,46,24,227,417,1.92,11.03,5.76,54.44
N20001439,Court_X2,147,430,577,34.19,74.52,21,556,577,3.64,111,138,577,19.24,23.92,139,105,577,24.09,18.2,18,92,577,3.12,15.94,30,139,94,227,577,5.2,24.09,16.29,39.34
N20001440,Court_S6,95,302,397,31.46,76.07,14,383,397,3.53,43,107,398,10.8,26.88,136,36,397,34.26,9.07,9,89,397,2.27,22.42,17,66,46,171,398,4.27,16.58,11.56,42.96
N20001441,Court_X3,134,392,526,34.18,74.52,8,518,526,1.52,94,125,526,17.87,23.76,120,107,526,22.81,20.34,21,74,528,3.98,14.02,20,138,86,236,526,3.8,26.24,16.35,44.87
N20001442,Court_T3,87,400,487,21.75,82.14,8,479,487,1.64,87,62,487,17.86,12.73,157,78,487,32.24,16.02,17,88,484,3.51,18.18,35,120,51,181,487,7.19,24.64,10.47,37.17
N20001443,Court_X4,74,292,366,25.34,79.78,10,356,366,2.73,76,69,366,20.77,18.85,93,73,366,25.41,19.95,20,71,366,5.46,19.4,22,98,30,156,366,6.01,26.78,8.2,42.62
N20001444,Court_W4,185,455,640,40.66,71.09,29,611,640,4.53,39,220,640,6.09,34.38,236,61,640,36.88,9.53,6,158,637,0.94,24.8,14,109,35,367,640,2.19,17.03,5.47,57.34
N20001445,Court_X5,104,290,394,35.86,73.6,8,385,393,2.04,44,93,394,11.17,23.60,99,75,391,25.32,19.18,12,53,391,3.07,13.55,19,97,52,168,393,4.83,24.68,13.23,42.75
N20001446,Benbradagh_B1,112,389,501,28.79,77.64,3,498,501,0.6,213,19,501,42.51,3.79,122,111,498,24.5,22.29,29,47,499,5.81,9.42,49,141,94,63,501,9.78,28.14,18.76,12.57
N20001447,Benbradagh_A1,112,258,370,43.41,69.73,3,366,369,0.81,129,76,369,34.96,20.60,37,92,374,9.89,24.6,16,28,370,4.32,7.57,31,126,91,105,370,8.38,34.05,24.59,28.38
N20001448,Benbradagh_A2,70,188,258,37.23,72.87,2,255,257,0.78,61,59,255,23.92,23.14,39,59,259,15.06,22.78,9,30,258,3.49,11.63,10,84,66,87,258,3.88,32.56,25.58,33.72
N20001449,Benbradagh_A3,104,363,467,28.65,77.73,14,453,467,3,108,72,468,23.08,15.38,132,73,464,28.45,15.73,12,86,467,2.57,18.42,27,75,68,164,467,5.78,16.06,14.56,35.12
N20001450,Benbradagh_A4,119,440,559,27.05,78.71,3,557,560,0.54,171,76,560,30.54,13.57,113,111,560,20.18,19.82,20,58,562,3.56,10.32,36,131,170,111,560,6.43,23.39,30.36,19.82
N20001451,Benbradagh_A5,68,238,306,28.57,77.78,6,300,306,1.96,59,64,307,19.22,20.85,115,33,306,37.58,10.78,9,59,306,2.94,19.28,0,41,60,119,305,0,13.44,19.67,39.02
N20001452,Benbradagh_A6,185,387,572,47.8,67.66,14,559,573,2.44,257,88,572,44.93,15.38,55,132,572,9.62,23.08,29,34,573,5.06,5.93,61,166,155,149,572,10.66,29.02,27.1,26.05
N20001453,Benbradagh_A7,132,340,472,38.82,72.03,7,464,471,1.49,175,71,472,37.08,15.04,80,102,472,16.95,21.61,22,46,474,4.64,9.7,57,116,150,109,472,12.08,24.58,31.78,23.09
N20001454,Benbradagh_C1,111,415,526,26.75,78.9,8,521,529,1.51,144,48,528,27.27,9.09,161,82,527,30.55,15.56,18,99,527,3.42,18.79,38,82,117,180,527,7.21,15.56,22.2,34.16
N20001455,Benbradagh_C2,66,268,334,24.63,80.24,2,332,334,0.6,81,35,335,24.18,10.45,71,91,334,21.26,27.25,22,40,334,6.59,11.98,61,91,49,50,334,18.26,27.25,14.67,14.97
N20001456,Benbradagh_C3,188,417,605,45.08,68.93,14,592,606,2.31,247,102,605,40.83,16.86,107,128,605,17.69,21.16,22,48,603,3.65,7.96,77,192,129,140,604,12.75,31.79,21.36,23.18
N20001457,Benbradagh_B2,107,372,479,28.76,77.66,3,476,479,0.63,199,16,476,41.81,3.36,90,128,480,18.75,26.67,45,33,479,9.39,6.89,59,125,132,59,479,12.32,26.1,27.56,12.32
N20001458,Benbradagh_D1,89,425,514,20.94,82.68,3,511,514,0.58,176,19,512,34.38,3.71,76,140,515,14.76,27.18,35,36,514,6.81,7,72,119,147,65,513,14.04,23.2,28.65,12.67
N20001459,Benbradagh_B3,179,693,872,25.83,79.47,16,856,872,1.83,322,65,870,37.01,7.47,184,167,871,21.13,19.17,34,58,872,3.9,6.65,87,255,184,151,872,9.98,29.24,21.1,17.32
N20001460,Benbradagh_D2,88,302,390,29.14,77.44,6,384,390,1.54,160,9,390,41.03,2.31,71,113,390,18.21,28.97,36,29,388,9.28,7.47,104,78,63,54,390,26.67,20,16.15,13.85
N20001461,Benbradagh_D3,121,412,533,29.37,77.3,7,527,534,1.31,212,14,534,39.7,2.62,98,132,534,18.35,24.72,34,38,532,6.39,7.14,72,140,136,74,536,13.43,26.12,25.37,13.81
N20001462,Benbradagh_D4,145,495,640,29.29,77.34,5,635,640,0.78,215,63,639,33.65,9.86,150,152,640,23.44,23.75,42,66,640,6.56,10.31,89,124,182,100,641,13.88,19.34,28.39,15.6
N20001463,Benbradagh_D5,86,237,323,36.29,73.37,2,318,320,0.63,135,32,322,41.93,9.94,70,58,322,21.74,18.01,13,38,322,4.04,11.8,37,73,108,52,322,11.49,22.67,33.54,16.15
N20001464,Benbradagh_E1,136,360,496,37.78,72.58,4,493,497,0.8,262,22,496,52.82,4.44,99,112,496,19.96,22.58,25,34,495,5.05,6.87,65,123,161,55,496,13.1,24.8,32.46,11.09
N20001465,Benbradagh_D6,138,437,575,31.58,76,1,574,575,0.17,239,37,575,41.57,6.43,133,133,575,23.13,23.13,37,35,572,6.47,6.12,104,149,173,60,575,18.09,25.91,30.09,10.43
N20001466,Benbradagh_G1,188,613,801,30.67,76.53,8,792,800,1,350,34,801,43.7,4.24,168,181,801,20.97,22.6,48,59,801,5.99,7.37,121,142,275,99,801,15.11,17.73,34.33,12.36
N20001467,Benbradagh_E2,82,233,315,35.19,73.97,4,311,315,1.27,155,14,314,49.36,4.46,113,40,315,35.87,12.7,8,64,314,2.55,20.38,21,46,89,101,312,6.73,14.74,28.53,32.37
N20001468,Benbradagh_E3,200,488,688,40.98,70.93,8,679,687,1.16,289,72,687,42.07,10.48,146,131,688,21.22,19.04,33,78,688,4.8,11.34,68,130,242,130,688,9.88,18.9,35.17,18.9
N20001469,Benbradagh_F1,181,492,673,36.79,73.11,13,660,673,1.93,295,59,672,43.9,8.78,117,167,674,17.36,24.78,45,47,671,6.71,7,115,148,179,121,671,17.14,22.06,26.68,18.03
N20001470,Benbradagh_F2,97,236,333,41.1,70.87,7,326,333,2.1,114,67,333,34.23,20.12,98,38,330,29.7,11.52,8,57,330,2.42,17.27,8,51,93,135,332,2.41,15.36,28.01,40.66
N20001471,Benbradagh_F3,62,296,358,20.95,82.68,1,357,358,0.28,66,50,358,18.44,13.97,94,78,355,26.48,21.97,18,58,358,5.03,16.2,26,50,93,107,358,7.26,13.97,25.98,29.89
N20001472,Benbradagh_E4,126,329,455,38.3,72.31,8,447,455,1.76,192,41,457,42.01,8.97,112,78,455,24.62,17.14,8,58,455,1.76,12.75,18,82,207,66,455,3.96,18.02,45.49,14.51
N20001473,Benbradagh_F4,184,460,644,40,71.43,5,639,644,0.78,255,67,645,39.53,10.39,138,123,642,21.5,19.16,35,78,643,5.44,12.13,85,133,211,111,644,13.2,20.65,32.76,17.24
N20001474,Benbradagh_F5,68,257,325,26.46,79.08,3,322,325,0.92,39,71,325,12,21.85,87,60,325,26.77,18.46,15,60,324,4.63,18.52,29,36,37,144,325,8.92,11.08,11.38,44.31
N20001475,Benbradagh_F6,158,365,523,43.29,69.79,11,510,521,2.11,274,59,521,52.59,11.32,83,122,520,15.96,23.46,34,40,522,6.51,7.66,96,81,134,131,521,18.43,15.55,25.72,25.14
N20001476,Benbradagh_F7,160,332,492,48.19,67.48,8,484,492,1.63,254,59,492,51.63,11.99,67,133,492,13.62,27.03,28,43,491,5.7,8.76,74,148,126,109,492,15.04,30.08,25.61,22.15
N20001477,Benbradagh_E5,195,456,651,42.76,70.05,9,642,651,1.38,312,47,650,48,7.23,115,158,650,17.69,24.31,48,46,649,7.4,7.09,114,151,216,74,651,17.51,23.2,33.18,11.37
N20001478,Benbradagh_G2,155,471,626,32.91,75.24,3,623,626,0.48,253,21,626,40.42,3.35,149,136,626,23.8,21.73,55,51,626,8.79,8.15,108,108,221,52,626,17.25,17.25,35.3,8.31
N20001479,Benbradagh_E6,215,487,702,44.15,69.37,4,698,702,0.57,329,81,702,46.87,11.54,163,120,702,23.22,17.09,23,63,707,3.25,8.91,78,149,211,161,702,11.11,21.23,30.06,22.93
N20001480,Benbradagh_G3,91,349,440,26.07,79.32,1,439,440,0.23,162,12,442,36.65,2.71,96,108,439,21.87,24.6,28,37,440,6.36,8.41,60,88,148,43,443,13.54,19.86,33.41,9.71
N20001481,Limavady_A1,141,879,1020,16.04,86.18,17,1003,1020,1.67,218,56,1017,21.44,5.51,339,176,1021,33.2,17.24,35,242,1017,3.44,23.8,68,93,136,163,1020,6.67,9.12,13.33,15.98
N20001482,Limavady_A2,138,576,714,23.96,80.67,7,707,714,0.98,249,29,715,34.83,4.06,164,170,714,22.97,23.81,50,52,714,7,7.28,96,156,191,63,714,13.45,21.85,26.75,8.82
N20001483,Limavady_A3,71,322,393,22.05,81.93,1,392,393,0.25,124,27,392,31.63,6.89,130,63,393,33.08,16.03,13,55,391,3.32,14.07,55,51,86,94,397,13.85,12.85,21.66,23.68
N20001484,Limavady_A4,114,620,734,18.39,84.47,5,728,733,0.68,203,23,735,27.62,3.13,220,169,733,30.01,23.06,56,96,733,7.64,13.1,69,151,99,87,736,9.38,20.52,13.45,11.82
N20001485,Limavady_F1,85,375,460,22.67,81.52,3,456,459,0.65,163,15,460,35.43,3.26,78,137,459,16.99,29.85,54,39,459,11.76,8.5,95,134,82,30,460,20.65,29.13,17.83,6.52
N20001486,Limavady_B1,70,347,417,20.17,83.21,8,409,417,1.92,74,58,419,17.66,13.84,156,67,416,37.5,16.11,17,96,418,4.07,22.97,29,73,64,131,417,6.95,17.51,15.35,31.41
N20001487,Limavady_C1,49,346,395,14.16,87.59,4,391,395,1.01,101,4,395,25.57,1.01,72,139,395,18.23,35.19,49,22,395,12.41,5.57,61,66,53,54,394,15.48,16.75,13.45,13.71
N20001488,Limavady_B2,21,169,190,12.43,88.95,6,184,190,3.16,15,33,190,7.89,17.37,56,28,193,29.02,14.51,6,43,191,3.14,22.51,5,32,24,82,190,2.63,16.84,12.63,43.16
N20001489,Limavady_C2,108,563,671,19.18,83.9,7,664,671,1.04,160,55,671,23.85,8.20,126,169,672,18.75,25.15,46,45,671,6.86,6.71,77,128,120,105,671,11.48,19.08,17.88,15.65
N20001490,Limavady_B3,58,296,354,19.59,83.62,8,346,354,2.26,60,42,355,16.9,11.83,123,69,354,34.75,19.49,5,63,354,1.41,17.8,13,77,50,113,354,3.67,21.75,14.12,31.92
N20001491,Limavady_D1,209,464,673,45.04,68.95,9,664,673,1.34,357,52,673,53.05,7.73,47,184,673,6.98,27.34,62,28,673,9.21,4.16,185,264,103,63,673,27.49,39.23,15.3,9.36
N20001492,Limavady_D2,139,279,418,49.82,66.75,2,416,418,0.48,200,89,418,47.85,21.29,31,126,418,7.42,30.14,32,18,418,7.66,4.31,105,141,69,83,418,25.12,33.73,16.51,19.86
N20001493,Limavady_B4,58,210,268,27.62,78.36,5,263,268,1.87,68,40,265,25.66,15.09,83,44,267,31.09,16.48,11,38,270,4.07,14.07,27,33,49,85,267,10.11,12.36,18.35,31.84
N20001494,Limavady_C3,97,354,451,27.4,78.49,1,450,451,0.22,152,41,453,33.55,9.05,67,135,451,14.86,29.93,37,36,451,8.2,7.98,45,111,75,52,451,9.98,24.61,16.63,11.53
N20001495,Limavady_E1,46,227,273,20.26,83.15,1,272,273,0.37,37,54,274,13.5,19.71,104,25,273,38.1,9.16,4,76,273,1.47,27.84,0,32,30,162,272,0,11.76,11.03,59.56
N20001496,Limavady_E2,55,205,260,26.83,78.85,6,254,260,2.31,42,55,261,16.09,21.07,95,26,260,36.54,10,2,62,258,0.78,24.03,4,26,53,118,260,1.54,10,20.38,45.38
N20001497,Limavady_D3,134,422,556,31.75,75.9,9,547,556,1.62,248,37,559,44.36,6.62,69,162,557,12.39,29.08,48,20,556,8.63,3.6,155,163,104,74,556,27.88,29.32,18.71,13.31
N20001498,Limavady_E3,115,358,473,32.12,75.69,13,460,473,2.75,81,101,472,17.16,21.40,156,49,473,32.98,10.36,6,99,475,1.26,20.84,20,70,88,168,473,4.23,14.8,18.6,35.52
N20001499,Limavady_C4,66,241,307,27.39,78.5,9,298,307,2.93,52,82,307,16.94,26.71,99,34,307,32.25,11.07,3,56,307,0.98,18.24,11,54,39,154,308,3.57,17.53,12.66,50
N20001500,Limavady_E4,45,176,221,25.57,79.64,3,218,221,1.36,49,39,222,22.07,17.57,73,27,218,33.49,12.39,6,47,222,2.7,21.17,5,44,28,116,220,2.27,20,12.73,52.73
N20001501,Limavady_D4,222,475,697,46.74,68.15,14,683,697,2.01,293,135,696,42.1,19.40,92,143,696,13.22,20.55,38,56,697,5.45,8.03,106,235,126,165,695,15.25,33.81,18.13,23.74
N20001502,Limavady_C5,107,337,444,31.75,75.9,6,437,443,1.35,110,87,443,24.83,19.64,168,36,444,37.84,8.11,4,100,445,0.9,22.47,15,54,77,208,444,3.38,12.16,17.34,46.85
N20001503,Limavady_D5,79,344,423,22.97,81.32,2,422,424,0.47,165,18,426,38.73,4.23,87,88,423,20.57,20.8,20,35,424,4.72,8.25,50,97,104,91,424,11.79,22.88,24.53,21.46
N20001504,Limavady_E5,156,401,557,38.9,71.99,10,547,557,1.8,99,167,556,17.81,30.04,184,53,557,33.03,9.52,10,109,557,1.8,19.57,10,91,91,268,556,1.8,16.37,16.37,48.2
N20001505,Limavady_G1,115,443,558,25.96,79.39,7,551,558,1.25,185,52,561,32.98,9.27,131,117,559,23.43,20.93,24,57,557,4.31,10.23,52,142,124,83,558,9.32,25.45,22.22,14.87
N20001506,Limavady_D6,98,366,464,26.78,78.88,7,457,464,1.51,126,70,464,27.16,15.09,97,91,465,20.86,19.57,16,54,466,3.43,11.59,34,119,71,169,461,7.38,25.81,15.4,36.66
N20001507,Limavady_E6,114,399,513,28.57,77.78,5,508,513,0.97,83,130,513,16.18,25.34,185,65,513,36.06,12.67,7,122,513,1.36,23.78,3,66,64,250,511,0.59,12.92,12.52,48.92
N20001508,Limavady_G2,161,569,730,28.3,77.95,5,725,730,0.68,263,65,729,36.08,8.92,129,160,730,17.67,21.92,36,47,728,4.95,6.46,81,245,173,110,728,11.13,33.65,23.76,15.11
N20001509,Limavady_E7,108,334,442,32.34,75.57,3,439,442,0.68,106,90,442,23.98,20.36,134,60,442,30.32,13.57,12,86,442,2.71,19.46,14,64,98,168,442,3.17,14.48,22.17,38.01
N20001510,Limavady_G3,86,434,520,19.82,83.46,9,511,520,1.73,112,53,518,21.62,10.23,122,126,519,23.51,24.28,26,63,520,5,12.12,35,110,118,100,520,6.73,21.15,22.69,19.23
N20001511,Limavady_F2,117,509,626,22.99,81.31,1,625,626,0.16,235,10,625,37.6,1.60,135,176,626,21.57,28.12,41,44,624,6.57,7.05,108,122,185,47,626,17.25,19.49,29.55,7.51
N20001512,Limavady_F3,118,338,456,34.91,74.12,3,453,456,0.66,208,33,456,45.61,7.24,108,76,456,23.68,16.67,17,46,457,3.72,10.07,39,94,137,118,456,8.55,20.61,30.04,25.88
N20001513,Limavady_F4,144,409,553,35.21,73.96,3,550,553,0.54,233,39,555,41.98,7.03,92,142,552,16.67,25.72,38,33,554,6.86,5.96,72,155,190,66,553,13.02,28.03,34.36,11.93
N20001514,Bann_A1,88,632,720,13.92,87.78,12,707,719,1.67,154,31,722,21.33,4.29,94,261,720,13.06,36.25,94,52,720,13.06,7.22,93,177,84,82,719,12.93,24.62,11.68,11.4
N20001515,Bann_A2,80,356,436,22.47,81.65,3,433,436,0.69,98,49,436,22.48,11.24,94,123,436,21.56,28.21,37,51,436,8.49,11.7,49,100,52,98,434,11.29,23.04,11.98,22.58
N20001516,Bann_B1,150,485,635,30.93,76.38,7,628,635,1.1,234,63,635,36.85,9.92,131,130,635,20.63,20.47,34,41,635,5.35,6.46,55,161,156,136,635,8.66,25.35,24.57,21.42
N20001517,Bann_B2,46,290,336,15.86,86.31,7,330,337,2.08,87,7,340,25.59,2.06,80,93,334,23.95,27.84,31,36,339,9.14,10.62,40,88,75,57,337,11.87,26.11,22.26,16.91
N20001518,Bann_B3,197,661,858,29.8,77.04,19,839,858,2.21,287,79,859,33.41,9.20,83,295,857,9.68,34.42,110,34,859,12.81,3.96,205,290,97,75,859,23.86,33.76,11.29,8.73
N20001519,Bann_B4,83,220,303,37.73,72.61,8,295,303,2.64,88,60,303,29.04,19.80,94,30,303,31.02,9.9,8,55,304,2.63,18.09,8,33,65,126,301,2.66,10.96,21.59,41.86
N20001520,Bann_B5,124,526,650,23.57,80.92,4,646,650,0.62,212,35,649,32.67,5.39,119,167,651,18.28,25.65,63,38,653,9.65,5.82,84,174,134,76,650,12.92,26.77,20.62,11.69
N20001521,Bann_C1,99,442,541,22.4,81.7,11,530,541,2.03,172,40,541,31.79,7.39,102,143,543,18.78,26.34,43,28,538,7.99,5.2,80,132,90,76,542,14.76,24.35,16.61,14.02
N20001522,Bann_C2,72,278,350,25.9,79.43,9,340,349,2.58,105,25,349,30.09,7.16,83,89,349,23.78,25.5,27,19,350,7.71,5.43,45,77,74,63,349,12.89,22.06,21.2,18.05
N20001523,Bann_C3,100,324,424,30.86,76.42,10,414,424,2.36,119,66,424,28.07,15.57,145,48,424,34.2,11.32,8,60,423,1.89,14.18,7,61,90,169,422,1.66,14.45,21.33,40.05
N20001524,Bann_C4,145,372,517,38.98,71.95,6,511,517,1.16,195,88,515,37.86,17.09,86,155,517,16.63,29.98,34,33,519,6.55,6.36,74,199,77,123,517,14.31,38.49,14.89,23.79
N20001525,Bann_C5,151,420,571,35.95,73.56,9,562,571,1.58,250,22,571,43.78,3.85,91,162,571,15.94,28.37,64,31,571,11.21,5.43,141,186,113,29,574,24.56,32.4,19.69,5.05
N20001526,Bann_D1,81,390,471,20.77,82.8,5,466,471,1.06,160,10,471,33.97,2.12,104,129,471,22.08,27.39,37,32,474,7.81,6.75,47,143,110,56,471,9.98,30.36,23.35,11.89
N20001527,Bann_D2,134,527,661,25.43,79.73,9,652,661,1.36,251,19,660,38.03,2.88,120,164,659,18.21,24.89,57,28,660,8.64,4.24,78,146,186,70,662,11.78,22.05,28.1,10.57
N20001528,Bann_D3,157,507,664,30.97,76.36,11,653,664,1.66,280,30,663,42.23,4.52,119,148,664,17.92,22.29,49,44,665,7.37,6.62,116,126,170,109,664,17.47,18.98,25.6,16.42
N20001529,Bann_D4,81,326,407,24.85,80.1,6,401,407,1.47,137,13,403,34,3.23,74,115,408,18.14,28.19,40,24,407,9.83,5.9,68,91,103,62,407,16.71,22.36,25.31,15.23
N20001530,Bann_E1,172,578,750,29.76,77.07,13,735,748,1.74,330,20,749,44.06,2.67,133,198,749,17.76,26.44,73,53,748,9.76,7.09,138,158,207,47,748,18.45,21.12,27.67,6.28
N20001531,Bann_D5,71,242,313,29.34,77.32,4,309,313,1.28,96,32,310,30.97,10.32,84,69,313,26.84,22.04,17,32,312,5.45,10.26,60,48,51,84,313,19.17,15.34,16.29,26.84
N20001532,Bann_D6,157,436,593,36.01,73.52,9,583,592,1.52,264,37,593,44.52,6.24,123,127,592,20.78,21.45,29,45,592,4.9,7.6,83,116,191,81,593,14,19.56,32.21,13.66
N20001533,Bann_E2,57,324,381,17.59,85.04,2,379,381,0.52,111,5,384,28.91,1.30,81,107,381,21.26,28.08,31,30,382,8.12,7.85,62,61,120,32,382,16.23,15.97,31.41,8.38
N20001534,Bann_D7,102,319,421,31.97,75.77,7,415,422,1.66,168,25,421,39.9,5.94,83,83,421,19.71,19.71,18,32,424,4.25,7.55,56,78,133,44,420,13.33,18.57,31.67,10.48
N20001535,Bann_F1,73,216,289,33.8,74.74,10,279,289,3.46,86,42,289,29.76,14.53,87,37,291,29.9,12.71,5,47,291,1.72,16.15,12,29,77,121,289,4.15,10.03,26.64,41.87
N20001536,Bann_F2,73,306,379,23.86,80.74,11,370,381,2.89,115,29,379,30.34,7.65,109,53,379,28.76,13.98,12,40,381,3.15,10.5,21,52,98,102,379,5.54,13.72,25.86,26.91
N20001537,Bann_F3,123,461,584,26.68,78.94,7,577,584,1.2,169,70,584,28.94,11.99,178,104,584,30.48,17.81,25,100,584,4.28,17.12,70,85,111,159,584,11.99,14.55,19.01,27.23
N20001538,Bann_G1,194,359,553,54.04,64.92,10,543,553,1.81,329,24,555,59.28,4.32,66,133,553,11.93,24.05,33,40,554,5.96,7.22,103,125,192,63,550,18.73,22.73,34.91,11.45
N20001539,Bann_E3,146,588,734,24.83,80.11,3,731,734,0.41,303,9,735,41.22,1.22,113,221,733,15.42,30.15,74,38,737,10.04,5.16,156,172,183,60,734,21.25,23.43,24.93,8.17
N20001540,Bann_H1,178,360,538,49.44,66.91,10,528,538,1.86,239,83,535,44.67,15.51,84,90,537,15.64,16.76,20,36,537,3.72,6.7,66,102,168,161,537,12.29,18.99,31.28,29.98
N20001541,Bann_H2,109,338,447,32.25,75.62,7,440,447,1.57,162,48,448,36.16,10.71,103,85,448,22.99,18.97,30,53,446,6.73,11.88,44,97,128,96,447,9.84,21.7,28.64,21.48
N20001542,Bann_G2,242,640,882,37.81,72.56,21,864,885,2.37,418,22,883,47.34,2.49,157,200,882,17.8,22.68,67,52,880,7.61,5.91,140,197,255,94,882,15.87,22.34,28.91,10.66
N20001543,Bann_H3,161,549,710,29.33,77.32,11,699,710,1.55,223,82,712,31.32,11.52,162,131,711,22.78,18.42,34,84,711,4.78,11.81,45,112,187,193,710,6.34,15.77,26.34,27.18
N20001544,Bann_G3,173,419,592,41.29,70.78,12,580,592,2.03,279,44,589,47.37,7.47,110,128,594,18.52,21.55,28,36,592,4.73,6.08,89,145,204,60,592,15.03,24.49,34.46,10.14
N20001545,Bann_G4,136,357,493,38.1,72.41,3,491,494,0.61,230,23,493,46.65,4.67,67,134,492,13.62,27.24,41,23,493,8.32,4.67,111,113,128,41,493,22.52,22.92,25.96,8.32
N20001546,Bann_G5,106,231,337,45.89,68.55,6,332,338,1.78,159,12,338,47.04,3.55,55,73,337,16.32,21.66,25,21,337,7.42,6.23,60,75,102,28,337,17.8,22.26,30.27,8.31
N20001547,Coleraine_A1,199,575,774,34.61,74.29,30,744,774,3.88,179,171,776,23.07,22.04,198,98,774,25.58,12.66,21,119,774,2.71,15.37,14,133,135,355,773,1.81,17.21,17.46,45.92
N20001548,Coleraine_B1,81,643,724,12.6,88.81,19,705,724,2.62,110,48,725,15.17,6.62,81,195,724,11.19,26.93,47,44,724,6.49,6.08,87,123,65,70,724,12.02,16.99,8.98,9.67
N20001549,Coleraine_B2,91,370,461,24.59,80.26,9,452,461,1.95,115,60,461,24.95,13.02,103,98,461,22.34,21.26,25,27,461,5.42,5.86,50,122,65,139,461,10.85,26.46,14.1,30.15
N20001550,Coleraine_A2,157,316,473,49.68,66.81,22,450,472,4.66,121,127,472,25.64,26.91,145,45,476,30.46,9.45,6,95,477,1.26,19.92,11,26,52,305,472,2.33,5.51,11.02,64.62
N20001551,Coleraine_A3,80,256,336,31.25,76.19,9,328,337,2.67,87,64,336,25.89,19.05,75,68,338,22.19,20.12,9,36,333,2.7,10.81,32,49,66,111,334,9.58,14.67,19.76,33.23
N20001552,Coleraine_C1,101,346,447,29.19,77.4,10,437,447,2.24,137,62,447,30.65,13.87,96,83,447,21.48,18.57,12,38,447,2.68,8.5,30,153,97,124,447,6.71,34.23,21.7,27.74
N20001553,Coleraine_A4,260,501,761,51.9,65.83,27,734,761,3.55,174,246,763,22.8,32.24,221,59,761,29.04,7.75,11,134,761,1.45,17.61,22,79,92,470,761,2.89,10.38,12.09,61.76
N20001554,Coleraine_A5,98,385,483,25.45,79.71,18,465,483,3.73,73,101,483,15.11,20.91,170,52,484,35.12,10.74,7,82,482,1.45,17.01,11,79,70,198,483,2.28,16.36,14.49,40.99
N20001555,Coleraine_B3,78,418,496,18.66,84.27,6,490,496,1.21,105,41,497,21.13,8.25,98,152,494,19.84,30.77,46,33,496,9.27,6.65,63,109,72,93,497,12.68,21.93,14.49,18.71
N20001556,Coleraine_C2,72,225,297,32,75.76,3,294,297,1.01,138,24,297,46.46,8.08,37,89,293,12.63,30.38,23,12,294,7.82,4.08,50,103,84,51,297,16.84,34.68,28.28,17.17
N20001557,Coleraine_C3,171,447,618,38.26,72.33,20,598,618,3.24,288,65,618,46.6,10.52,79,134,618,12.78,21.68,36,27,618,5.83,4.37,53,217,147,145,618,8.58,35.11,23.79,23.46
N20001558,Coleraine_B4,110,431,541,25.52,79.67,5,535,540,0.93,193,34,540,35.74,6.30,67,206,543,12.34,37.94,62,20,540,11.48,3.7,131,109,76,44,540,24.26,20.19,14.07,8.15
N20001559,Coleraine_C4,139,292,431,47.6,67.75,21,410,431,4.87,109,121,429,25.41,28.21,120,40,431,27.84,9.28,5,69,434,1.15,15.9,6,55,43,263,431,1.39,12.76,9.98,61.02
N20001560,Coleraine_B5,84,424,508,19.81,83.46,1,507,508,0.2,147,32,503,29.22,6.36,74,184,508,14.57,36.22,49,19,511,9.59,3.72,91,135,54,53,508,17.91,26.57,10.63,10.43
N20001561,Coleraine_E1,92,386,478,23.83,80.75,18,460,478,3.77,113,62,478,23.64,12.97,151,57,479,31.52,11.9,16,71,480,3.33,14.79,30,85,78,187,479,6.26,17.75,16.28,39.04
N20001562,Coleraine_D1,69,289,358,23.88,80.73,7,351,358,1.96,97,27,358,27.09,7.54,93,77,359,25.91,21.45,16,35,358,4.47,9.78,44,69,67,90,358,12.29,19.27,18.72,25.14
N20001563,Coleraine_C5,136,384,520,35.42,73.85,17,502,519,3.28,129,144,519,24.86,27.75,169,43,518,32.63,8.3,5,89,519,0.96,17.15,14,69,97,243,519,2.7,13.29,18.69,46.82
N20001564,Coleraine_E2,104,307,411,33.88,74.7,16,395,411,3.89,82,103,411,19.95,25.06,108,46,412,26.21,11.17,3,53,411,0.73,12.9,2,70,54,194,411,0.49,17.03,13.14,47.2
N20001565,Coleraine_E3,78,361,439,21.61,82.23,10,429,439,2.28,96,58,439,21.87,13.21,109,70,437,24.94,16.02,12,51,439,2.73,11.62,11,62,99,160,439,2.51,14.12,22.55,36.45
N20001566,Coleraine_C6,46,266,312,17.29,85.26,9,307,316,2.85,54,42,313,17.25,13.42,143,30,313,45.69,9.58,4,54,312,1.28,17.31,11,27,41,141,311,3.54,8.68,13.18,45.34
N20001567,Coleraine_D2,56,408,464,13.73,87.93,4,463,467,0.86,64,40,464,13.79,8.62,174,82,463,37.58,17.71,22,78,464,4.74,16.81,30,74,68,139,464,6.47,15.95,14.66,29.96
N20001568,Coleraine_F1,78,378,456,20.63,82.89,11,448,459,2.4,97,54,461,21.04,11.71,103,102,459,22.44,22.22,22,41,459,4.79,8.93,42,97,91,122,459,9.15,21.13,19.83,26.58
N20001569,Coleraine_F2,91,284,375,32.04,75.73,3,372,375,0.8,169,22,375,45.07,5.87,33,146,376,8.78,38.83,57,7,375,15.2,1.87,119,102,79,15,375,31.73,27.2,21.07,4
N20001570,Coleraine_D3,65,402,467,16.17,86.08,11,455,466,2.36,107,37,469,22.81,7.89,118,103,466,25.32,22.1,27,72,466,5.79,15.45,51,68,69,161,463,11.02,14.69,14.9,34.77
N20001571,Coleraine_G1,11,175,186,6.29,94.09,1,184,185,0.54,12,9,186,6.45,4.84,102,23,185,55.14,12.43,3,49,186,1.61,26.34,0,14,19,58,182,0,7.69,10.44,31.87
N20001572,Coleraine_E4,90,460,550,19.57,83.64,10,539,549,1.82,125,54,548,22.81,9.85,190,122,549,34.61,22.22,46,95,549,8.38,17.3,53,78,79,133,553,9.58,14.1,14.29,24.05
N20001573,Coleraine_F3,108,407,515,26.54,79.03,6,509,515,1.17,140,63,515,27.18,12.23,121,70,515,23.5,13.59,12,47,515,2.33,9.13,22,126,126,127,515,4.27,24.47,24.47,24.66
N20001574,Coleraine_G2,166,441,607,37.64,72.65,21,586,607,3.46,144,135,607,23.72,22.24,178,51,608,29.28,8.39,4,105,609,0.66,17.24,5,73,124,319,607,0.82,12.03,20.43,52.55
N20001575,Coleraine_G3,108,327,435,33.03,75.17,19,416,435,4.37,157,45,435,36.09,10.34,144,34,432,33.33,7.87,3,58,436,0.69,13.3,8,75,78,199,435,1.84,17.24,17.93,45.75
N20001576,Coleraine_G4,89,311,400,28.62,77.75,11,390,401,2.74,60,58,399,15.04,14.54,77,100,401,19.2,24.94,20,48,402,4.98,11.94,34,78,58,152,401,8.48,19.45,14.46,37.91
N20001577,Coleraine_H1,38,238,276,15.97,86.23,3,273,276,1.09,65,7,277,23.47,2.53,30,121,276,10.87,43.84,37,14,277,13.36,5.05,44,57,31,25,276,15.94,20.65,11.23,9.06
N20001578,Coleraine_G5,71,228,299,31.14,76.25,9,290,299,3.01,45,78,300,15,26.00,69,51,299,23.08,17.06,11,45,302,3.64,14.9,14,65,28,148,299,4.68,21.74,9.36,49.5
N20001579,Coleraine_G6,56,205,261,27.32,78.54,7,254,261,2.68,65,51,261,24.9,19.54,75,36,261,28.74,13.79,10,38,266,3.76,14.29,5,38,48,126,262,1.91,14.5,18.32,48.09
N20001580,Coleraine_F4,163,382,545,42.67,70.09,16,529,545,2.94,197,86,545,36.15,15.78,75,114,545,13.76,20.92,19,21,544,3.49,3.86,38,162,126,165,545,6.97,29.72,23.12,30.28
N20001581,Coleraine_F5,88,369,457,23.85,80.74,9,448,457,1.97,98,59,458,21.4,12.88,148,73,457,32.39,15.97,13,71,457,2.84,15.54,28,81,75,144,457,6.13,17.72,16.41,31.51
N20001582,Coleraine_H2,101,369,470,27.37,78.51,11,459,470,2.34,174,27,470,37.02,5.74,122,144,470,25.96,30.64,43,55,471,9.13,11.68,85,96,40,66,470,18.09,20.43,8.51,14.04
N20001583,Coleraine_J1,69,384,453,17.97,84.77,7,447,454,1.54,131,17,454,28.85,3.74,78,118,452,17.26,26.11,33,19,450,7.33,4.22,57,145,99,56,452,12.61,32.08,21.9,12.39
N20001584,Coleraine_J2,41,326,367,12.58,88.83,5,362,367,1.36,90,9,367,24.52,2.45,75,116,368,20.38,31.52,47,21,367,12.81,5.72,42,84,48,34,367,11.44,22.89,13.08,9.26
N20001585,Coleraine_K1,134,394,528,34.01,74.62,5,523,528,0.95,241,43,529,45.56,8.13,76,119,528,14.39,22.54,38,34,531,7.16,6.4,88,198,105,73,529,16.64,37.43,19.85,13.8
N20001586,Coleraine_H3,77,358,435,21.51,82.3,6,429,435,1.38,120,41,435,27.59,9.43,94,106,435,21.61,24.37,29,45,435,6.67,10.34,33,95,91,113,435,7.59,21.84,20.92,25.98
N20001587,Coleraine_K2,232,477,709,48.64,67.28,14,695,709,1.97,326,143,711,45.85,20.11,73,198,709,10.3,27.93,44,31,707,6.22,4.38,135,247,138,158,710,19.01,34.79,19.44,22.25
N20001588,Coleraine_J3,83,294,377,28.23,77.98,11,366,377,2.92,110,47,377,29.18,12.47,67,95,377,17.77,25.2,29,30,378,7.67,7.94,52,104,55,91,377,13.79,27.59,14.59,24.14
N20001589,Coleraine_J4,95,534,629,17.79,84.9,16,613,629,2.54,134,66,629,21.3,10.49,144,134,628,22.93,21.34,33,49,631,5.23,7.77,40,160,112,142,631,6.34,25.36,17.75,22.5
N20001590,Coleraine_H4,62,412,474,15.05,86.92,11,461,472,2.33,119,16,471,25.27,3.40,93,142,472,19.7,30.08,45,24,472,9.53,5.08,68,132,43,57,472,14.41,27.97,9.11,12.08
N20001591,Coleraine_H5,110,486,596,22.63,81.54,5,591,596,0.84,172,45,595,28.91,7.56,107,173,595,17.98,29.08,45,43,596,7.55,7.21,81,165,99,92,595,13.61,27.73,16.64,15.46
N20001592,Coleraine_J5,104,318,422,32.7,75.36,12,410,422,2.84,195,40,422,46.21,9.48,47,131,422,11.14,31.04,36,9,422,8.53,2.13,73,166,103,57,423,17.26,39.24,24.35,13.48
N20001593,Coleraine_J6,108,439,547,24.6,80.26,12,534,546,2.2,189,30,544,34.74,5.51,65,163,544,11.95,29.96,46,17,546,8.42,3.11,109,199,96,52,546,19.96,36.45,17.58,9.52
N20001594,Coleraine_H6,65,462,527,14.07,87.67,8,519,527,1.52,128,2,530,24.15,0.38,102,162,527,19.35,30.74,50,35,530,9.43,6.6,59,141,52,55,527,11.2,26.76,9.87,10.44
N20001595,Coleraine_K3,89,237,326,37.55,72.7,13,313,326,3.99,75,77,328,22.87,23.48,104,36,326,31.9,11.04,8,41,325,2.46,12.62,8,40,46,169,325,2.46,12.31,14.15,52
N20001596,Coleraine_K4,115,493,608,23.33,81.09,2,606,608,0.33,250,16,605,41.32,2.64,61,241,608,10.03,39.64,90,20,608,14.8,3.29,183,175,64,40,607,30.15,28.83,10.54,6.59
N20001597,Causeway_A1,112,603,715,18.57,84.34,5,710,715,0.7,184,32,714,25.77,4.48,176,192,717,24.55,26.78,55,49,715,7.69,6.85,86,138,185,88,715,12.03,19.3,25.87,12.31
N20001598,Causeway_A2,36,290,326,12.41,88.96,4,320,324,1.23,38,24,324,11.73,7.41,90,94,324,27.78,29.01,26,40,323,8.05,12.38,40,35,35,49,323,12.38,10.84,10.84,15.17
N20001599,Causeway_B1,24,349,373,6.88,93.57,4,368,372,1.08,35,14,372,9.41,3.76,85,125,372,22.85,33.6,38,47,374,10.16,12.57,61,67,56,79,376,16.22,17.82,14.89,21.01
N20001600,Causeway_C1,96,207,303,46.38,68.32,5,298,303,1.65,65,87,305,21.31,28.52,121,17,302,40.07,5.63,4,68,302,1.32,22.52,9,33,36,175,303,2.97,10.89,11.88,57.76
N20001601,Causeway_C2,49,307,356,15.96,86.24,5,351,356,1.4,57,43,356,16.01,12.08,115,69,358,32.12,19.27,20,37,356,5.62,10.39,32,68,36,86,353,9.07,19.26,10.2,24.36
N20001602,Causeway_J1,38,315,353,12.06,89.24,4,349,353,1.13,54,17,351,15.38,4.84,71,123,353,20.11,34.84,33,17,353,9.35,4.82,44,72,41,41,353,12.46,20.4,11.61,11.61
N20001603,Causeway_B2,28,347,375,8.07,92.53,7,368,375,1.87,35,18,374,9.36,4.81,105,96,378,27.78,25.4,29,37,375,7.73,9.87,24,80,67,47,374,6.42,21.39,17.91,12.57
N20001604,Causeway_B3,71,468,539,15.17,86.83,13,526,539,2.41,114,20,539,21.15,3.71,132,176,539,24.49,32.65,62,70,539,11.5,12.99,86,123,40,99,541,15.9,22.74,7.39,18.3
N20001605,Causeway_C3,73,266,339,27.44,78.47,5,334,339,1.47,92,54,339,27.14,15.93,120,31,337,35.61,9.2,5,49,334,1.5,14.67,10,55,70,132,339,2.95,16.22,20.65,38.94
N20001606,Causeway_C4,41,208,249,19.71,83.53,2,247,249,0.8,47,13,249,18.88,5.22,53,61,250,21.2,24.4,19,23,248,7.66,9.27,12,68,41,41,252,4.76,26.98,16.27,16.27
N20001607,Causeway_D1,74,373,447,19.84,83.45,3,443,446,0.67,87,43,449,19.38,9.58,102,118,447,22.82,26.4,40,50,447,8.95,11.19,67,99,49,73,448,14.96,22.1,10.94,16.29
N20001608,Causeway_D2,52,267,319,19.48,83.7,9,309,318,2.83,61,47,318,19.18,14.78,89,60,319,27.9,18.81,15,40,319,4.7,12.54,22,72,34,130,318,6.92,22.64,10.69,40.88
N20001609,Causeway_E1,95,243,338,39.09,71.89,8,330,338,2.37,169,21,338,50,6.21,29,118,338,8.58,34.91,43,13,337,12.76,3.86,126,99,55,24,338,37.28,29.29,16.27,7.1
N20001610,Causeway_D3,102,432,534,23.61,80.9,6,530,536,1.12,176,29,535,32.9,5.42,78,189,537,14.53,35.2,61,38,535,11.4,7.1,117,137,60,59,535,21.87,25.61,11.21,11.03
N20001611,Causeway_E2,77,452,529,17.04,85.44,5,524,529,0.95,127,36,528,24.05,6.82,88,178,529,16.64,33.65,64,28,530,12.08,5.28,95,99,79,42,530,17.92,18.68,14.91,7.92
N20001612,Causeway_D4,138,345,483,40,71.43,20,463,483,4.14,93,145,484,19.21,29.96,145,62,484,29.96,12.81,9,102,483,1.86,21.12,18,95,49,250,483,3.73,19.67,10.14,51.76
N20001613,Causeway_E3,94,471,565,19.96,83.36,8,557,565,1.42,178,20,565,31.5,3.54,52,256,565,9.2,45.31,93,21,565,16.46,3.72,156,166,55,36,565,27.61,29.38,9.73,6.37
N20001614,Causeway_E4,90,397,487,22.67,81.52,5,482,487,1.03,81,81,484,16.74,16.74,107,116,487,21.97,23.82,29,61,490,5.92,12.45,47,117,49,134,489,9.61,23.93,10.02,27.4
N20001615,Causeway_E5,208,460,668,45.22,68.86,17,649,666,2.55,301,85,667,45.13,12.74,54,195,665,8.12,29.32,57,26,666,8.56,3.9,144,229,125,103,666,21.62,34.38,18.77,15.47
N20001616,Causeway_F1,88,472,560,18.64,84.29,6,554,560,1.07,126,50,561,22.46,8.91,72,229,560,12.86,40.89,84,41,560,15,7.32,122,135,45,76,560,21.79,24.11,8.04,13.57
N20001617,Causeway_J2,109,384,493,28.39,77.89,7,486,493,1.42,196,2,493,39.76,0.41,102,144,493,20.69,29.21,41,26,490,8.37,5.31,105,90,112,53,492,21.34,18.29,22.76,10.77
N20001618,Causeway_E6,113,383,496,29.5,77.22,7,489,496,1.41,225,23,492,45.73,4.67,55,186,496,11.09,37.5,61,16,497,12.27,3.22,166,143,51,52,496,33.47,28.83,10.28,10.48
N20001619,Causeway_A3,85,303,388,28.05,78.09,9,378,387,2.33,141,22,388,36.34,5.67,66,100,389,16.97,25.71,30,24,388,7.73,6.19,53,88,100,38,387,13.7,22.74,25.84,9.82
N20001620,Causeway_F2,81,282,363,28.72,77.69,7,356,363,1.93,95,53,362,26.24,14.64,49,114,363,13.5,31.4,21,19,363,5.79,5.23,54,84,50,74,363,14.88,23.14,13.77,20.39
N20001621,Causeway_G1,51,419,470,12.17,89.15,8,462,470,1.7,72,22,471,15.29,4.67,71,188,470,15.11,40,68,39,471,14.44,8.28,88,138,42,64,472,18.64,29.24,8.9,13.56
N20001622,Causeway_G2,78,357,435,21.85,82.07,11,425,436,2.52,87,52,435,20,11.95,137,80,436,31.42,18.35,13,66,436,2.98,15.14,22,69,51,178,433,5.08,15.94,11.78,41.11
N20001623,Causeway_F3,95,377,472,25.2,79.87,7,467,474,1.48,160,37,473,33.83,7.82,37,179,472,7.84,37.92,70,12,473,14.8,2.54,139,123,67,33,471,29.51,26.11,14.23,7.01
N20001624,Causeway_F4,58,365,423,15.89,86.29,1,422,423,0.24,107,10,423,25.3,2.36,32,183,420,7.62,43.57,77,18,420,18.33,4.29,112,108,35,16,423,26.48,25.53,8.27,3.78
N20001625,Causeway_F5,41,208,249,19.71,83.53,3,246,249,1.2,79,9,249,31.73,3.61,53,68,249,21.29,27.31,15,20,248,6.05,8.06,33,39,55,57,249,13.25,15.66,22.09,22.89
N20001626,Causeway_G3,62,399,461,15.54,86.55,10,451,461,2.17,64,45,460,13.91,9.78,122,108,460,26.52,23.48,24,59,460,5.22,12.83,36,88,49,126,461,7.81,19.09,10.63,27.33
N20001627,Causeway_K1,112,527,639,21.25,82.47,3,636,639,0.47,201,28,639,31.46,4.38,134,186,640,20.94,29.06,62,48,639,9.7,7.51,103,130,130,74,639,16.12,20.34,20.34,11.58
N20001628,Causeway_H1,59,227,286,25.99,79.37,4,282,286,1.4,100,8,286,34.97,2.80,22,136,286,7.69,47.55,58,15,287,20.21,5.23,97,65,12,14,288,33.68,22.57,4.17,4.86
N20001629,Causeway_G4,20,271,291,7.38,93.13,4,287,291,1.37,25,18,290,8.62,6.21,78,76,291,26.8,26.12,15,36,291,5.15,12.37,16,67,26,38,291,5.5,23.02,8.93,13.06
N20001630,Causeway_G5,89,374,463,23.8,80.78,10,453,463,2.16,107,45,463,23.11,9.72,38,142,462,8.23,30.74,39,22,462,8.44,4.76,84,222,37,87,466,18.03,47.64,7.94,18.67
N20001631,Causeway_H2,87,379,466,22.96,81.33,12,454,466,2.58,151,32,465,32.47,6.88,48,198,466,10.3,42.49,84,10,466,18.03,2.15,131,117,59,44,466,28.11,25.11,12.66,9.44
N20001632,Causeway_H3,75,557,632,13.46,88.13,5,627,632,0.79,122,30,632,19.3,4.75,89,291,632,14.08,46.04,106,25,632,16.77,3.96,123,128,41,31,631,19.49,20.29,6.5,4.91
N20001633,Causeway_G6,84,450,534,18.67,84.27,23,511,534,4.31,93,58,533,17.45,10.88,32,94,533,6,17.64,13,19,530,2.45,3.58,16,378,39,99,534,3,70.79,7.3,18.54
N20001634,Causeway_K2,90,530,620,16.98,85.48,8,612,620,1.29,162,24,620,26.13,3.87,104,190,619,16.8,30.69,54,43,623,8.67,6.9,101,152,96,86,621,16.26,24.48,15.46,13.85
N20001635,Causeway_H4,113,495,608,22.83,81.41,10,598,608,1.64,173,50,608,28.45,8.22,58,245,608,9.54,40.3,61,15,609,10.02,2.46,139,199,75,50,607,22.9,32.78,12.36,8.24
N20001636,Causeway_J3,114,393,507,29.01,77.51,2,503,505,0.4,164,60,507,32.35,11.83,96,134,507,18.93,26.43,41,29,506,8.1,5.73,63,115,102,116,507,12.43,22.68,20.12,22.88
N20001637,Causeway_H5,85,404,489,21.04,82.62,2,487,489,0.41,179,17,492,36.38,3.46,49,240,489,10.02,49.08,101,28,489,20.65,5.73,177,77,29,25,489,36.2,15.75,5.93,5.11
N20001638,Causeway_H6,145,506,651,28.66,77.73,15,636,651,2.3,218,71,648,33.64,10.96,56,235,652,8.59,36.04,74,36,651,11.37,5.53,181,206,91,99,651,27.8,31.64,13.98,15.21
N20001639,Causeway_L1,122,434,556,28.11,78.06,8,548,556,1.44,206,42,555,37.12,7.57,129,104,555,23.24,18.74,26,41,553,4.7,7.41,56,137,164,92,556,10.07,24.64,29.5,16.55
N20001640,Causeway_K3,68,403,471,16.87,85.56,5,466,471,1.06,113,14,471,23.99,2.97,152,117,474,32.07,24.68,31,54,470,6.6,11.49,66,78,63,47,470,14.04,16.6,13.4,10
N20001641,Causeway_J4,57,222,279,25.68,79.57,4,275,279,1.43,96,4,278,34.53,1.44,45,82,279,16.13,29.39,26,14,281,9.25,4.98,60,41,60,47,279,21.51,14.7,21.51,16.85
N20001642,Causeway_L2,122,374,496,32.62,75.4,11,485,496,2.22,120,106,495,24.24,21.41,143,58,496,28.83,11.69,9,62,496,1.81,12.5,15,92,72,207,495,3.03,18.59,14.55,41.82
N20001643,Causeway_J5,70,298,368,23.49,80.98,14,353,367,3.81,117,15,365,32.05,4.11,77,81,367,20.98,22.07,27,25,367,7.36,6.81,27,90,91,56,367,7.36,24.52,24.8,15.26
N20001644,Causeway_K4,175,543,718,32.23,75.63,17,699,716,2.37,287,63,717,40.03,8.79,131,167,716,18.3,23.32,44,46,716,6.15,6.42,110,174,168,133,717,15.34,24.27,23.43,18.55
N20001645,Causeway_L3,122,404,526,30.2,76.81,10,519,529,1.89,224,15,527,42.5,2.85,108,135,528,20.45,25.57,40,42,528,7.58,7.95,87,77,147,89,529,16.45,14.56,27.79,16.82
N20001646,Causeway_L4,81,207,288,39.13,71.88,5,283,288,1.74,125,28,287,43.55,9.76,60,62,290,20.69,21.38,12,18,289,4.15,6.23,33,52,84,56,289,11.42,17.99,29.07,19.38
N20001647,Causeway_K5,101,436,537,23.17,81.19,6,534,540,1.11,184,23,537,34.26,4.28,134,130,537,24.95,24.21,47,43,536,8.77,8.02,88,103,111,76,537,16.39,19.18,20.67,14.15
N20001648,Causeway_L5,57,242,299,23.55,80.94,1,298,299,0.33,101,15,299,33.78,5.02,64,59,298,21.48,19.8,25,18,300,8.33,6,35,66,85,42,299,11.71,22.07,28.43,14.05
N20001649,Causeway_L6,77,277,354,27.8,78.25,3,351,354,0.85,114,42,355,32.11,11.83,75,69,354,21.19,19.49,16,22,354,4.52,6.21,35,71,83,78,354,9.89,20.06,23.45,22.03
N20001650,Causeway_L7,83,275,358,30.18,76.82,6,355,361,1.66,136,21,360,37.78,5.83,90,56,361,24.93,15.51,20,31,360,5.56,8.61,21,81,101,71,360,5.83,22.5,28.06,19.72
N20001651,The_Glens_B1,27,114,141,23.68,80.85,0,141,141,0,39,12,143,27.27,8.39,29,48,140,20.71,34.29,13,7,141,9.22,4.96,20,40,27,9,141,14.18,28.37,19.15,6.38
N20001652,The_Glens_C1,82,423,505,19.39,83.76,4,502,506,0.79,129,34,506,25.49,6.72,113,155,506,22.33,30.63,48,58,505,9.5,11.49,66,95,109,72,505,13.07,18.81,21.58,14.26
N20001653,The_Glens_A1,114,526,640,21.67,82.19,7,633,640,1.09,214,23,640,33.44,3.59,69,276,642,10.75,42.99,86,40,639,13.46,6.26,178,117,104,29,640,27.81,18.28,16.25,4.53
N20001654,The_Glens_A2,70,182,252,38.46,72.22,10,242,252,3.97,73,56,252,28.97,22.22,76,32,251,30.28,12.75,5,42,252,1.98,16.67,14,22,38,139,253,5.53,8.7,15.02,54.94
N20001655,The_Glens_A3,109,470,579,23.19,81.17,7,573,580,1.21,171,28,583,29.33,4.80,89,181,578,15.4,31.31,42,35,579,7.25,6.04,120,111,144,64,579,20.73,19.17,24.87,11.05
N20001656,The_Glens_A4,237,541,778,43.81,69.54,24,754,778,3.08,336,111,778,43.19,14.27,95,203,778,12.21,26.09,42,58,778,5.4,7.46,104,214,194,143,779,13.35,27.47,24.9,18.36
N20001657,The_Glens_B2,44,288,332,15.28,86.75,5,327,332,1.51,74,10,331,22.36,3.02,70,122,334,20.96,36.53,43,37,333,12.91,11.11,51,46,52,21,333,15.32,13.81,15.62,6.31
N20001658,The_Glens_C2,96,472,568,20.34,83.1,6,561,567,1.06,179,12,565,31.68,2.12,129,149,569,22.67,26.19,41,43,566,7.24,7.6,58,112,185,73,568,10.21,19.72,32.57,12.85
N20001659,The_Glens_B3,58,302,360,19.21,83.89,7,354,361,1.94,74,32,357,20.73,8.96,49,143,362,13.54,39.5,37,31,359,10.31,8.64,66,53,50,69,361,18.28,14.68,13.85,19.11
N20001660,The_Glens_A5,270,636,906,42.45,70.2,25,882,907,2.76,388,127,906,42.83,14.02,122,229,906,13.47,25.28,60,75,902,6.65,8.31,143,190,199,246,906,15.78,20.97,21.96,27.15
N20001661,The_Glens_B4,59,275,334,21.45,82.34,3,330,333,0.9,85,35,336,25.3,10.42,75,74,331,22.66,22.36,18,44,334,5.39,13.17,25,79,51,93,334,7.49,23.65,15.27,27.84
N20001662,The_Glens_B5,116,347,463,33.43,74.95,8,455,463,1.73,101,88,463,21.81,19.01,135,56,462,29.22,12.12,11,99,463,2.38,21.38,21,45,66,198,463,4.54,9.72,14.25,42.76
N20001663,The_Glens_B6,111,496,607,22.38,81.71,15,592,607,2.47,88,107,609,14.45,17.57,179,91,607,29.49,14.99,13,120,608,2.14,19.74,18,101,119,230,606,2.97,16.67,19.64,37.95
N20001664,The_Glens_B7,77,299,376,25.75,79.52,5,371,376,1.33,143,18,376,38.03,4.79,83,87,375,22.13,23.2,27,53,376,7.18,14.1,57,89,55,74,377,15.12,23.61,14.59,19.63
N20001665,The_Glens_C3,125,433,558,28.87,77.6,8,550,558,1.43,210,27,558,37.63,4.84,103,145,558,18.46,25.99,29,46,556,5.22,8.27,70,110,181,75,558,12.54,19.71,32.44,13.44
N20001666,The_Glens_C4,109,411,520,26.52,79.04,9,510,519,1.73,210,24,521,40.31,4.61,113,121,521,21.69,23.22,33,44,521,6.33,8.45,78,102,157,76,520,15,19.62,30.19,14.62
N20001667,The_Glens_E1,78,350,428,22.29,81.78,5,423,428,1.17,144,31,431,33.41,7.19,70,143,428,16.36,33.41,38,28,429,8.86,6.53,83,72,84,52,428,19.39,16.82,19.63,12.15
N20001668,The_Glens_C5,154,485,639,31.75,75.9,3,636,639,0.47,286,22,639,44.76,3.44,110,189,636,17.3,29.72,51,44,639,7.98,6.89,110,132,169,68,635,17.32,20.79,26.61,10.71
N20001669,The_Glens_D1,118,363,481,32.51,75.47,7,474,481,1.46,173,50,479,36.12,10.44,111,88,478,23.22,18.41,17,61,482,3.53,12.66,52,78,126,133,483,10.77,16.15,26.09,27.54
N20001670,The_Glens_D2,92,273,365,33.7,74.79,7,358,365,1.92,156,35,365,42.74,9.59,67,85,365,18.36,23.29,25,21,364,6.87,5.77,53,61,114,59,365,14.52,16.71,31.23,16.16
N20001671,The_Glens_D3,100,322,422,31.06,76.3,6,416,422,1.42,90,76,422,21.33,18.01,137,44,422,32.46,10.43,13,53,421,3.09,12.59,25,44,121,152,421,5.94,10.45,28.74,36.1
N20001672,The_Glens_D4,145,469,614,30.92,76.38,11,603,614,1.79,240,58,615,39.02,9.43,128,112,615,20.81,18.21,38,61,614,6.19,9.93,39,139,174,136,615,6.34,22.6,28.29,22.11
N20001673,The_Glens_E2,112,477,589,23.48,80.98,6,582,588,1.02,185,29,586,31.57,4.95,107,159,589,18.17,26.99,45,47,588,7.65,7.99,90,103,134,69,588,15.31,17.52,22.79,11.73
N20001674,The_Glens_F1,142,491,633,28.92,77.57,5,628,633,0.79,258,13,635,40.63,2.05,115,151,633,18.17,23.85,32,40,635,5.04,6.3,79,146,228,68,634,12.46,23.03,35.96,10.73
N20001675,The_Glens_E3,132,467,599,28.27,77.96,2,597,599,0.33,231,13,599,38.56,2.17,130,153,602,21.59,25.42,39,62,599,6.51,10.35,71,95,213,64,599,11.85,15.86,35.56,10.68
N20001676,The_Glens_F2,150,400,550,37.5,72.73,6,545,551,1.09,258,31,551,46.82,5.63,108,118,552,19.57,21.38,41,47,552,7.43,8.51,75,137,153,86,552,13.59,24.82,27.72,15.58
N20001677,The_Glens_E4,41,266,307,15.41,86.64,3,304,307,0.98,56,21,310,18.06,6.77,59,96,307,19.22,31.27,36,28,307,11.73,9.12,34,71,51,47,307,11.07,23.13,16.61,15.31
N20001678,The_Glens_F3,155,427,582,36.3,73.37,9,574,583,1.54,263,39,581,45.27,6.71,109,124,582,18.73,21.31,31,37,583,5.32,6.35,88,100,206,83,583,15.09,17.15,35.33,14.24
N20001679,The_Glens_G1,73,293,366,24.91,80.05,6,362,368,1.63,153,21,364,42.03,5.77,70,101,366,19.13,27.6,21,42,366,5.74,11.48,43,66,99,67,366,11.75,18.03,27.05,18.31
N20001680,The_Glens_G2,101,461,562,21.91,82.03,7,555,562,1.25,164,31,564,29.08,5.50,85,186,562,15.12,33.1,69,44,562,12.28,7.83,102,135,100,50,562,18.15,24.02,17.79,8.9
N20001681,The_Glens_F4,161,360,521,44.72,69.1,5,515,520,0.96,267,55,522,51.15,10.54,87,88,521,16.7,16.89,23,46,525,4.38,8.76,47,127,191,86,521,9.02,24.38,36.66,16.51
N20001682,The_Glens_G3,94,281,375,33.45,74.93,6,369,375,1.6,105,66,375,28,17.60,65,81,375,17.33,21.6,8,34,378,2.12,8.99,24,92,86,104,375,6.4,24.53,22.93,27.73
N20001683,The_Glens_F5,166,636,802,26.1,79.3,6,795,801,0.75,276,29,801,34.46,3.62,150,169,801,18.73,21.1,46,52,801,5.74,6.49,105,187,258,104,803,13.08,23.29,32.13,12.95
N20001684,The_Glens_G4,178,546,724,32.6,75.41,4,720,724,0.55,324,28,726,44.63,3.86,91,222,725,12.55,30.62,65,46,727,8.94,6.33,177,154,164,69,724,24.45,21.27,22.65,9.53
N20001685,Ballymoney_A1,114,531,645,21.47,82.33,9,636,645,1.4,218,28,645,33.8,4.34,152,177,645,23.57,27.44,55,55,645,8.53,8.53,90,116,179,93,642,14.02,18.07,27.88,14.49
N20001686,Ballymoney_C1,107,538,645,19.89,83.41,8,640,648,1.23,216,26,646,33.44,4.02,95,234,644,14.75,36.34,84,39,644,13.04,6.06,171,141,59,89,645,26.51,21.86,9.15,13.8
N20001687,Ballymoney_B1,152,405,557,37.53,72.71,8,549,557,1.44,217,75,556,39.03,13.49,90,111,559,16.1,19.86,40,38,557,7.18,6.82,67,160,120,144,556,12.05,28.78,21.58,25.9
N20001688,Ballymoney_B2,102,317,419,32.18,75.66,11,408,419,2.63,159,51,419,37.95,12.17,72,75,420,17.14,17.86,17,30,419,4.06,7.16,41,105,113,109,419,9.79,25.06,26.97,26.01
N20001689,Ballymoney_C2,101,528,629,19.13,83.94,6,623,629,0.95,188,35,629,29.89,5.56,151,140,629,24.01,22.26,43,52,632,6.8,8.23,58,181,119,85,628,9.24,28.82,18.95,13.54
N20001690,Ballymoney_B3,69,281,350,24.56,80.29,10,340,350,2.86,80,50,350,22.86,14.29,108,64,350,30.86,18.29,6,46,351,1.71,13.11,12,59,65,124,350,3.43,16.86,18.57,35.43
N20001691,Ballymoney_C3,87,331,418,26.28,79.19,9,409,418,2.15,113,52,414,27.29,12.56,100,114,417,23.98,27.34,37,50,417,8.87,11.99,54,65,61,90,418,12.92,15.55,14.59,21.53
N20001692,Ballymoney_B4,148,490,638,30.2,76.8,14,624,638,2.19,230,48,638,36.05,7.52,98,164,638,15.36,25.71,31,38,637,4.87,5.97,109,149,135,134,638,17.08,23.35,21.16,21
N20001693,Ballymoney_D1,159,437,596,36.38,73.32,12,584,596,2.01,155,151,596,26.01,25.34,200,58,598,33.44,9.7,14,87,596,2.35,14.6,10,73,68,345,596,1.68,12.25,11.41,57.89
N20001694,Ballymoney_D2,70,233,303,30.04,76.9,15,286,301,4.98,73,46,305,23.93,15.08,86,48,303,28.38,15.84,15,46,304,4.93,15.13,22,98,39,92,303,7.26,32.34,12.87,30.36
N20001695,Ballymoney_B5,72,339,411,21.24,82.48,10,401,411,2.43,67,61,410,16.34,14.88,146,47,412,35.44,11.41,9,74,410,2.2,18.05,16,59,68,156,411,3.89,14.36,16.55,37.96
N20001696,Ballymoney_E1,97,428,525,22.66,81.52,3,522,525,0.57,157,34,525,29.9,6.48,77,166,525,14.67,31.62,39,28,525,7.43,5.33,96,158,89,64,525,18.29,30.1,16.95,12.19
N20001697,Ballymoney_E2,109,373,482,29.22,77.39,11,471,482,2.28,183,46,482,37.97,9.54,89,97,482,18.46,20.12,29,30,480,6.04,6.25,48,109,132,91,482,9.96,22.61,27.39,18.88
N20001698,Ballymoney_D3,69,368,437,18.75,84.21,5,432,437,1.14,93,46,437,21.28,10.53,131,63,437,29.98,14.42,15,65,437,3.43,14.87,27,73,82,166,436,6.19,16.74,18.81,38.07
N20001699,Ballymoney_C4,101,415,516,24.34,80.43,10,507,517,1.93,165,43,517,31.91,8.32,104,150,515,20.19,29.13,46,41,519,8.86,7.9,84,115,46,93,517,16.25,22.24,8.9,17.99
N20001700,Ballymoney_D4,42,334,376,12.57,88.83,9,367,376,2.39,52,26,376,13.83,6.91,150,60,376,39.89,15.96,14,74,376,3.72,19.68,16,47,46,112,376,4.26,12.5,12.23,29.79
N20001701,Ballymoney_E3,98,295,393,33.22,75.06,19,376,395,4.81,84,90,395,21.27,22.78,141,38,396,35.61,9.6,5,80,395,1.27,20.25,6,22,58,249,396,1.52,5.56,14.65,62.88
N20001702,Ballymoney_F1,225,556,781,40.47,71.19,17,763,780,2.18,315,126,779,40.44,16.17,163,130,780,20.9,16.67,36,59,780,4.62,7.56,69,174,198,214,780,8.85,22.31,25.38,27.44
N20001703,Ballymoney_D5,40,176,216,22.73,81.48,8,208,216,3.7,39,32,216,18.06,14.81,62,31,216,28.7,14.35,9,31,218,4.13,14.22,13,27,36,82,216,6.02,12.5,16.67,37.96
N20001704,Ballymoney_E4,55,257,312,21.4,82.37,6,306,312,1.92,75,37,312,24.04,11.86,108,29,312,34.62,9.29,10,45,313,3.19,14.38,19,38,70,98,310,6.13,12.26,22.58,31.61
N20001705,Ballymoney_A2,82,371,453,22.1,81.9,7,449,456,1.54,139,25,457,30.42,5.47,120,88,455,26.37,19.34,25,36,457,5.47,7.88,43,120,103,71,454,9.47,26.43,22.69,15.64
N20001706,Ballymoney_E5,71,403,474,17.62,85.02,11,463,474,2.32,105,22,476,22.06,4.62,167,61,473,35.31,12.9,10,67,473,2.11,14.16,51,73,81,116,475,10.74,15.37,17.05,24.42
N20001707,Ballymoney_A3,91,326,417,27.91,78.18,11,406,417,2.64,134,43,417,32.13,10.31,131,62,418,31.34,14.83,10,55,418,2.39,13.16,28,60,82,157,417,6.71,14.39,19.66,37.65
N20001708,Ballymoney_A4,141,379,520,37.2,72.88,5,515,520,0.96,263,43,520,50.58,8.27,55,159,520,10.58,30.58,41,23,518,7.92,4.44,98,155,126,84,521,18.81,29.75,24.18,16.12
N20001709,Ballymoney_F2,139,349,488,39.83,71.52,5,483,488,1.02,227,58,490,46.33,11.84,54,119,488,11.07,24.39,33,19,485,6.8,3.92,74,140,132,104,488,15.16,28.69,27.05,21.31
N20001710,Ballymoney_F3,212,531,743,39.92,71.47,9,734,743,1.21,366,74,743,49.26,9.96,86,208,743,11.57,27.99,63,38,742,8.49,5.12,123,271,150,121,743,16.55,36.47,20.19,16.29
N20001711,Ballymoney_F4,70,267,337,26.22,79.23,5,333,338,1.48,128,22,337,37.98,6.53,62,98,337,18.4,29.08,22,21,337,6.53,6.23,55,83,51,41,337,16.32,24.63,15.13,12.17
N20001712,Ballymoney_H1,87,373,460,23.32,81.09,6,454,460,1.3,156,13,460,33.91,2.83,94,99,460,20.43,21.52,26,30,460,5.65,6.52,46,94,124,88,461,9.98,20.39,26.9,19.09
N20001713,Ballymoney_A5,171,386,557,44.3,69.3,12,542,554,2.17,237,82,553,42.86,14.83,79,106,551,14.34,19.24,13,34,554,2.35,6.14,33,160,153,164,556,5.94,28.78,27.52,29.5
N20001714,Ballymoney_K1,82,331,413,24.77,80.15,1,412,413,0.24,198,11,413,47.94,2.66,91,80,410,22.2,19.51,17,25,411,4.14,6.08,41,105,127,48,413,9.93,25.42,30.75,11.62
N20001715,Ballymoney_G1,192,650,842,29.54,77.2,8,834,842,0.95,349,37,842,41.45,4.39,144,215,842,17.1,25.53,67,46,842,7.96,5.46,126,147,272,87,842,14.96,17.46,32.3,10.33
N20001716,Ballymoney_G2,208,675,883,30.81,76.44,13,870,883,1.47,388,40,885,43.84,4.52,151,216,883,17.1,24.46,69,50,884,7.81,5.66,135,178,285,95,883,15.29,20.16,32.28,10.76
N20001717,Ballymoney_K2,66,218,284,30.28,76.76,9,276,285,3.16,124,17,284,43.66,5.99,50,70,284,17.61,24.65,19,20,284,6.69,7.04,31,68,73,43,284,10.92,23.94,25.7,15.14
N20001718,Ballymoney_H2,61,249,310,24.5,80.32,0,311,311,0,78,32,312,25,10.26,101,54,313,32.27,17.25,12,35,310,3.87,11.29,24,52,88,79,310,7.74,16.77,28.39,25.48
N20001719,Ballymoney_H3,163,399,562,40.85,71,6,556,562,1.07,276,54,563,49.02,9.59,69,122,562,12.28,21.71,26,38,562,4.63,6.76,81,137,221,67,562,14.41,24.38,39.32,11.92
N20001720,Ballymoney_K3,180,568,748,31.69,75.94,9,742,751,1.2,334,23,751,44.47,3.06,151,183,755,20,24.24,54,54,751,7.19,7.19,148,149,212,87,751,19.71,19.84,28.23,11.58
N20001721,Ballymoney_J1,125,436,561,28.67,77.72,8,553,561,1.43,180,62,558,32.26,11.11,130,105,561,23.17,18.72,30,38,561,5.35,6.77,72,149,119,132,561,12.83,26.56,21.21,23.53
N20001722,Ballymoney_H4,198,577,775,34.32,74.45,6,769,775,0.77,349,32,772,45.21,4.15,144,177,775,18.58,22.84,48,45,778,6.17,5.78,90,166,301,75,775,11.61,21.42,38.84,9.68
N20001723,Ballymoney_J2,159,516,675,30.81,76.44,11,664,675,1.63,222,89,676,32.84,13.17,180,102,675,26.67,15.11,29,47,675,4.3,6.96,55,192,135,143,673,8.17,28.53,20.06,21.25
N20001724,Ballymoney_H5,161,388,549,41.49,70.67,11,543,554,1.99,267,46,552,48.37,8.33,98,115,554,17.69,20.76,29,43,554,5.23,7.76,98,115,183,86,554,17.69,20.76,33.03,15.52
N20001725,Ballymoney_H6,142,434,576,32.72,75.35,5,571,576,0.87,276,9,576,47.92,1.56,102,147,573,17.8,25.65,43,35,574,7.49,6.1,123,155,139,31,577,21.32,26.86,24.09,5.37
N20001726,Ballymoney_K4,153,463,616,33.05,75.16,8,609,617,1.3,267,16,616,43.34,2.60,103,166,616,16.72,26.95,59,33,613,9.62,5.38,138,155,150,61,618,22.33,25.08,24.27,9.87
N20001727,Ballymoney_K5,134,451,585,29.71,77.09,5,580,585,0.85,247,26,585,42.22,4.44,125,127,585,21.37,21.71,29,39,585,4.96,6.67,57,157,178,65,584,9.76,26.88,30.48,11.13
N20001728,Ballymoney_L1,63,277,340,22.74,81.47,4,337,341,1.17,69,49,341,20.23,14.37,125,44,341,36.66,12.9,10,67,340,2.94,19.71,13,59,68,143,341,3.81,17.3,19.94,41.94
N20001729,Ballymoney_L2,198,542,740,36.53,73.24,8,732,740,1.08,277,95,740,37.43,12.84,164,133,739,22.19,18,28,64,740,3.78,8.65,64,157,249,173,740,8.65,21.22,33.65,23.38
N20001730,Ballymoney_L3,69,220,289,31.36,76.12,5,284,289,1.73,138,2,291,47.42,0.69,63,51,291,21.65,17.53,11,19,288,3.82,6.6,30,107,63,14,289,10.38,37.02,21.8,4.84
N20001731,Ballymoney_K6,156,508,664,30.71,76.51,6,657,663,0.9,274,22,663,41.33,3.32,146,144,664,21.99,21.69,51,38,665,7.67,5.71,138,143,142,88,663,20.81,21.57,21.42,13.27
N20001732,The_Moor_H1,185,321,506,57.63,63.44,8,498,506,1.58,197,134,506,38.93,26.48,52,137,505,10.3,27.13,41,37,506,8.1,7.31,77,185,85,146,506,15.22,36.56,16.8,28.85
N20001733,The_Moor_H2,138,666,804,20.72,82.84,6,796,802,0.75,247,17,804,30.72,2.11,104,300,804,12.94,37.31,121,53,804,15.05,6.59,246,213,110,75,805,30.56,26.46,13.66,9.32
N20001734,The_Moor_A1,108,380,488,28.42,77.87,11,477,488,2.25,70,104,489,14.31,21.27,158,75,488,32.38,15.37,12,92,488,2.46,18.85,25,109,69,171,488,5.12,22.34,14.14,35.04
N20001735,The_Moor_B1,79,348,427,22.7,81.5,8,419,427,1.87,74,55,428,17.29,12.85,91,124,426,21.36,29.11,22,52,427,5.15,12.18,18,182,53,77,427,4.22,42.62,12.41,18.03
N20001736,The_Moor_A2,121,448,569,27.01,78.73,9,560,569,1.58,111,82,569,19.51,14.41,157,98,569,27.59,17.22,19,90,569,3.34,15.82,37,130,91,194,569,6.5,22.85,15.99,34.09
N20001737,The_Moor_B2,26,269,295,9.67,91.19,7,288,295,2.37,35,20,295,11.86,6.78,98,68,295,33.22,23.05,13,40,295,4.41,13.56,15,58,39,92,295,5.08,19.66,13.22,31.19
N20001738,The_Moor_B3,96,347,443,27.67,78.33,7,435,442,1.58,73,71,441,16.55,16.10,103,116,441,23.36,26.3,30,57,440,6.82,12.95,54,121,64,97,443,12.19,27.31,14.45,21.9
N20001739,The_Moor_A3,125,482,607,25.93,79.41,11,595,606,1.82,100,96,606,16.5,15.84,185,117,606,30.53,19.31,20,88,606,3.3,14.52,44,120,105,209,604,7.28,19.87,17.38,34.6
N20001740,The_Moor_B4,74,404,478,18.32,84.52,5,472,477,1.05,93,33,478,19.46,6.90,89,161,476,18.7,33.82,49,66,475,10.32,13.89,92,126,50,76,477,19.29,26.42,10.48,15.93
N20001741,The_Moor_C1,52,300,352,17.33,85.23,2,350,352,0.57,12,76,351,3.42,21.65,135,53,351,38.46,15.1,10,89,352,2.84,25.28,8,46,28,159,349,2.29,13.18,8.02,45.56
N20001742,The_Moor_A4,110,400,510,27.5,78.43,12,499,511,2.35,87,89,509,17.09,17.49,158,74,512,30.86,14.45,17,105,510,3.33,20.59,15,110,87,190,509,2.95,21.61,17.09,37.33
N20001743,The_Moor_C2,9,231,240,3.9,96.25,3,237,240,1.25,13,6,240,5.42,2.50,76,73,240,31.67,30.42,14,61,239,5.86,25.52,28,49,34,99,239,11.72,20.5,14.23,41.42
N20001744,The_Moor_A5,94,293,387,32.08,75.71,9,379,388,2.32,70,94,389,17.99,24.16,126,55,388,32.47,14.18,14,69,388,3.61,17.78,12,80,41,195,387,3.1,20.67,10.59,50.39
N20001745,The_Moor_C3,46,303,349,15.18,86.82,4,345,349,1.15,17,54,351,4.84,15.38,128,59,349,36.68,16.91,9,102,348,2.59,29.31,16,62,18,179,351,4.56,17.66,5.13,51
N20001746,The_Moor_B5,70,275,345,25.45,79.71,2,343,345,0.58,60,50,345,17.39,14.49,127,63,342,37.13,18.42,14,76,345,4.06,22.03,19,55,37,130,345,5.51,15.94,10.72,37.68
N20001747,The_Moor_B6,131,350,481,37.43,72.77,11,470,481,2.29,56,150,481,11.64,31.19,164,63,481,34.1,13.1,14,102,477,2.94,21.38,28,56,40,240,481,5.82,11.64,8.32,49.9
N20001748,The_Moor_B7,103,350,453,29.43,77.26,9,445,454,1.98,96,79,453,21.19,17.44,115,91,453,25.39,20.09,21,75,453,4.64,16.56,63,100,70,144,452,13.94,22.12,15.49,31.86
N20001749,The_Moor_D1,107,211,318,50.71,66.35,11,307,318,3.46,54,110,320,16.88,34.38,86,42,318,27.04,13.21,7,67,316,2.22,21.2,19,30,31,217,319,5.96,9.4,9.72,68.03
N20001750,The_Moor_C4,16,193,209,8.29,92.34,1,208,209,0.48,0,25,209,0,11.96,107,35,209,51.2,16.75,8,64,209,3.83,30.62,9,21,17,75,209,4.31,10.05,8.13,35.89
N20001751,The_Moor_F1,108,393,501,27.48,78.44,7,494,501,1.4,52,120,502,10.36,23.90,189,60,501,37.72,11.98,10,114,500,2,22.8,25,78,54,248,502,4.98,15.54,10.76,49.4
N20001752,The_Moor_D2,152,311,463,48.87,67.17,12,451,463,2.59,52,186,463,11.23,40.17,152,35,460,33.04,7.61,9,123,462,1.95,26.62,1,48,37,307,463,0.22,10.37,7.99,66.31
N20001753,The_Moor_E1,139,537,676,25.88,79.44,17,659,676,2.51,100,104,676,14.79,15.38,211,143,676,31.21,21.15,32,137,676,4.73,20.27,43,153,73,273,676,6.36,22.63,10.8,40.38
N20001754,The_Moor_G1,62,228,290,27.19,78.62,4,286,290,1.38,59,62,294,20.07,21.09,89,40,289,30.8,13.84,5,60,294,1.7,20.41,9,53,51,139,291,3.09,18.21,17.53,47.77
N20001755,The_Moor_D3,139,357,496,38.94,71.98,10,489,499,2,52,179,497,10.46,36.02,163,78,494,33,15.79,15,111,496,3.02,22.38,20,57,64,288,496,4.03,11.49,12.9,58.06
N20001756,The_Moor_G2,19,305,324,6.23,94.14,3,321,324,0.93,13,22,323,4.02,6.81,95,72,324,29.32,22.22,10,84,326,3.07,25.77,20,66,29,153,324,6.17,20.37,8.95,47.22
N20001757,The_Moor_D4,300,394,694,76.14,56.77,20,674,694,2.88,103,390,695,14.82,56.12,156,74,694,22.48,10.66,11,131,694,1.59,18.88,12,98,101,456,694,1.73,14.12,14.55,65.71
N20001758,The_Moor_F2,109,335,444,32.54,75.45,7,439,446,1.57,39,124,445,8.76,27.87,145,57,446,32.51,12.78,12,116,445,2.7,26.07,20,68,51,205,446,4.48,15.25,11.43,45.96
N20001759,The_Moor_F3,108,335,443,32.24,75.62,6,437,443,1.35,42,118,444,9.46,26.58,165,51,444,37.16,11.49,15,96,445,3.37,21.57,17,40,75,233,443,3.84,9.03,16.93,52.6
N20001760,The_Moor_D5,117,355,472,32.96,75.21,7,466,473,1.48,74,113,472,15.68,23.94,155,66,470,32.98,14.04,16,101,472,3.39,21.4,31,88,39,226,472,6.57,18.64,8.26,47.88
N20001761,The_Moor_G3,78,457,535,17.07,85.42,11,525,536,2.05,69,74,539,12.8,13.73,131,135,536,24.44,25.19,38,95,536,7.09,17.72,51,120,68,204,536,9.51,22.39,12.69,38.06
N20001762,The_Moor_E2,195,694,889,28.1,78.07,11,879,890,1.24,161,179,888,18.13,20.16,312,141,888,35.14,15.88,20,180,888,2.25,20.27,54,188,110,365,889,6.07,21.15,12.37,41.06
N20001763,The_Moor_D6,204,276,480,73.91,57.5,14,466,480,2.92,85,259,480,17.71,53.96,90,54,480,18.75,11.25,2,76,480,0.42,15.83,11,112,61,277,480,2.29,23.33,12.71,57.71
N20001764,The_Moor_G4,115,469,584,24.52,80.31,9,574,583,1.54,101,83,588,17.18,14.12,142,130,584,24.32,22.26,25,102,583,4.29,17.5,41,153,66,194,585,7.01,26.15,11.28,33.16
N20001765,The_Moor_F4,88,387,475,22.74,81.47,6,469,475,1.26,57,78,475,12,16.42,151,91,474,31.86,19.2,21,86,476,4.41,18.07,29,85,72,200,475,6.11,17.89,15.16,42.11
N20001766,The_Moor_F5,61,302,363,20.2,83.2,9,354,363,2.48,54,57,360,15,15.83,119,57,363,32.78,15.7,7,96,362,1.93,26.52,10,54,44,175,363,2.75,14.88,12.12,48.21
N20001767,The_Moor_H3,169,568,737,29.75,77.07,3,732,735,0.41,214,79,738,29,10.70,129,205,737,17.5,27.82,59,53,739,7.98,7.17,142,201,152,114,737,19.27,27.27,20.62,15.47
N20001768,Foyleside_A1,93,270,363,34.44,74.38,8,355,363,2.2,122,49,363,33.61,13.50,102,68,363,28.1,18.73,13,62,362,3.59,17.13,33,77,80,118,363,9.09,21.21,22.04,32.51
N20001769,Foyleside_A2,155,765,920,20.26,83.15,8,912,920,0.87,216,28,920,23.48,3.04,181,285,920,19.67,30.98,86,74,915,9.4,8.09,146,247,115,143,919,15.89,26.88,12.51,15.56
N20001770,Foyleside_A3,177,404,581,43.81,69.54,13,567,580,2.24,82,205,580,14.14,35.34,155,86,579,26.77,14.85,19,127,580,3.28,21.9,17,98,77,299,580,2.93,16.9,13.28,51.55
N20001771,Foyleside_B1,71,525,596,13.52,88.09,7,588,595,1.18,138,0,596,23.15,0.00,111,277,596,18.62,46.48,110,66,600,18.33,11,152,73,38,20,597,25.46,12.23,6.37,3.35
N20001772,Foyleside_B2,74,406,480,18.23,84.58,3,477,480,0.63,121,9,481,25.16,1.87,57,241,479,11.9,50.31,89,36,479,18.58,7.52,114,99,27,24,478,23.85,20.71,5.65,5.02
N20001773,Foyleside_A4,149,341,490,43.7,69.59,7,482,489,1.43,81,170,489,16.56,34.76,117,75,489,23.93,15.34,17,82,488,3.48,16.8,33,101,77,229,489,6.75,20.65,15.75,46.83
N20001774,Foyleside_A5,206,398,604,51.76,65.89,22,582,604,3.64,130,199,607,21.42,32.78,163,53,603,27.03,8.79,17,113,603,2.82,18.74,10,110,74,360,604,1.66,18.21,12.25,59.6
N20001775,Foyleside_D1,72,233,305,30.9,76.39,6,296,302,1.99,51,78,302,16.89,25.83,61,70,302,20.2,23.18,18,52,304,5.92,17.11,13,65,31,127,303,4.29,21.45,10.23,41.91
N20001776,Foyleside_E1,68,452,520,15.04,86.92,6,514,520,1.15,112,27,517,21.66,5.22,111,148,520,21.35,28.46,46,48,520,8.85,9.23,46,141,95,61,517,8.9,27.27,18.38,11.8
N20001777,Foyleside_B3,102,458,560,22.27,81.79,8,552,560,1.43,149,43,561,26.56,7.66,113,175,561,20.14,31.19,55,72,560,9.82,12.86,120,116,56,80,559,21.47,20.75,10.02,14.31
N20001778,Foyleside_E2,102,429,531,23.78,80.79,5,526,531,0.94,142,53,530,26.79,10.00,100,166,531,18.83,31.26,52,49,531,9.79,9.23,93,146,82,122,530,17.55,27.55,15.47,23.02
N20001779,Foyleside_C1,147,443,590,33.18,75.08,7,583,590,1.19,113,138,593,19.06,23.27,152,82,587,25.89,13.97,12,132,593,2.02,22.26,32,98,100,276,590,5.42,16.61,16.95,46.78
N20001780,Foyleside_C2,143,504,647,28.37,77.9,8,639,647,1.24,160,95,645,24.81,14.73,127,141,647,19.63,21.79,27,81,645,4.19,12.56,69,151,139,192,647,10.66,23.34,21.48,29.68
N20001781,Foyleside_B4,71,410,481,17.32,85.24,2,479,481,0.42,75,47,481,15.59,9.77,91,173,481,18.92,35.97,52,52,482,10.79,10.79,81,79,64,49,481,16.84,16.42,13.31,10.19
N20001782,Foyleside_C3,223,401,624,55.61,64.26,37,587,624,5.93,104,258,626,16.61,41.21,138,76,626,22.04,12.14,8,104,625,1.28,16.64,18,123,91,357,623,2.89,19.74,14.61,57.3
N20001783,Foyleside_E3,59,356,415,16.57,85.78,6,409,415,1.45,112,10,414,27.05,2.42,77,123,418,18.42,29.43,39,36,414,9.42,8.7,72,96,67,80,415,17.35,23.13,16.14,19.28
N20001784,Foyleside_D2,72,483,555,14.91,87.03,7,547,554,1.26,82,50,554,14.8,9.03,105,177,555,18.92,31.89,54,70,554,9.75,12.64,73,174,52,128,554,13.18,31.41,9.39,23.1
N20001785,Foyleside_E4,145,416,561,34.86,74.15,6,555,561,1.07,209,60,560,37.32,10.71,71,185,561,12.66,32.98,62,26,562,11.03,4.63,145,143,90,62,561,25.85,25.49,16.04,11.05
N20001786,Foyleside_C4,208,350,558,59.43,62.72,30,528,558,5.38,103,270,559,18.43,48.30,100,79,558,17.92,14.16,4,109,557,0.72,19.57,26,80,96,329,558,4.66,14.34,17.2,58.96
N20001787,Foyleside_D3,64,296,360,21.62,82.22,4,356,360,1.11,46,71,358,12.85,19.83,126,59,361,34.9,16.34,14,69,361,3.88,19.11,14,56,47,151,360,3.89,15.56,13.06,41.94
N20001788,Foyleside_E5,124,583,707,21.27,82.46,7,700,707,0.99,204,29,707,28.85,4.10,106,222,706,15.01,31.44,57,49,707,8.06,6.93,139,246,117,111,707,19.66,34.79,16.55,15.7
N20001789,Foyleside_F1,37,361,398,10.25,90.7,4,394,398,1.01,22,40,398,5.53,10.05,78,126,398,19.6,31.66,32,88,398,8.04,22.11,47,100,29,153,398,11.81,25.13,7.29,38.44
N20001790,Foyleside_D4,81,649,730,12.48,88.9,25,705,730,3.42,108,30,731,14.77,4.10,80,213,729,10.97,29.22,49,38,730,6.71,5.21,77,142,49,44,730,10.55,19.45,6.71,6.03
N20001791,Foyleside_D5,120,441,561,27.21,78.61,5,554,559,0.89,121,90,560,21.61,16.07,123,145,561,21.93,25.85,35,63,560,6.25,11.25,52,164,59,187,561,9.27,29.23,10.52,33.33
N20001792,Foyleside_E6,96,537,633,17.88,84.83,4,628,632,0.63,145,11,632,22.94,1.74,84,240,631,13.31,38.03,74,50,630,11.75,7.94,171,132,81,44,632,27.06,20.89,12.82,6.96
N20001793,Foyleside_D6,22,260,282,8.46,92.2,1,281,282,0.35,20,21,282,7.09,7.45,67,93,280,23.93,33.21,22,59,283,7.77,20.85,23,74,15,72,282,8.16,26.24,5.32,25.53
N20001794,Foyleside_D7,47,267,314,17.6,85.03,3,310,313,0.96,26,50,317,8.2,15.77,54,74,315,17.14,23.49,11,33,314,3.5,10.51,18,131,33,89,313,5.75,41.85,10.54,28.43
N20001795,Foyleside_G1,86,429,515,20.05,83.3,6,508,514,1.17,100,65,515,19.42,12.62,120,120,515,23.3,23.3,22,66,518,4.25,12.74,44,166,66,114,515,8.54,32.23,12.82,22.14
N20001796,Foyleside_G2,106,423,529,25.06,79.96,5,524,529,0.95,118,78,530,22.26,14.72,143,125,529,27.03,23.63,25,84,531,4.71,15.82,73,151,50,151,529,13.8,28.54,9.45,28.54
N20001797,Foyleside_F2,21,307,328,6.84,93.6,6,321,327,1.83,23,7,328,7.01,2.13,58,119,328,17.68,36.28,27,39,328,8.23,11.89,39,128,30,84,328,11.89,39.02,9.15,25.61
N20001798,Foyleside_F3,37,214,251,17.29,85.26,5,246,251,1.99,34,37,250,13.6,14.80,58,77,250,23.2,30.8,19,47,245,7.76,19.18,38,40,19,115,251,15.14,15.94,7.57,45.82
N20001799,Foyleside_G3,123,512,635,24.02,80.63,8,627,635,1.26,106,92,635,16.69,14.49,139,159,635,21.89,25.04,24,92,635,3.78,14.49,70,136,93,241,635,11.02,21.42,14.65,37.95
N20001800,Foyleside_G4,55,328,383,16.77,85.64,5,379,384,1.3,67,32,384,17.45,8.33,55,141,382,14.4,36.91,33,58,384,8.59,15.1,73,116,36,59,383,19.06,30.29,9.4,15.4
N20001801,Foyleside_F4,28,273,301,10.26,90.7,3,298,301,1,46,16,302,15.23,5.30,47,129,303,15.51,42.57,39,39,300,13,13,59,80,18,79,301,19.6,26.58,5.98,26.25
N20001802,Foyleside_F5,19,247,266,7.69,92.86,10,256,266,3.76,20,22,265,7.55,8.30,86,62,266,32.33,23.31,17,82,266,6.39,30.83,26,39,16,130,267,9.74,14.61,5.99,48.69
N20001803,Ballyarnett_A1,155,482,637,32.16,75.67,5,632,637,0.78,245,43,637,38.46,6.75,65,239,637,10.2,37.52,82,43,637,12.87,6.75,229,124,104,69,638,35.89,19.44,16.3,10.82
N20001804,Ballyarnett_A2,124,358,482,34.64,74.27,4,478,482,0.83,243,30,481,50.52,6.24,42,206,479,8.77,43.01,86,26,482,17.84,5.39,210,141,59,25,484,43.39,29.13,12.19,5.17
N20001805,Ballyarnett_A3,136,593,729,22.93,81.34,5,724,729,0.69,250,41,731,34.2,5.61,106,301,730,14.52,41.23,120,72,729,16.46,9.88,192,184,83,67,729,26.34,25.24,11.39,9.19
N20001806,Ballyarnett_C1,222,542,764,40.96,70.94,11,752,763,1.44,395,80,763,51.77,10.48,63,279,763,8.26,36.57,86,23,762,11.29,3.02,240,251,121,113,762,31.5,32.94,15.88,14.83
N20001807,Ballyarnett_A4,164,460,624,35.65,73.72,8,616,624,1.28,279,36,625,44.64,5.76,51,256,620,8.23,41.29,98,21,621,15.78,3.38,256,164,67,29,624,41.03,26.28,10.74,4.65
N20001808,Ballyarnett_D1,2,195,197,1.03,98.98,1,198,199,0.5,4,0,197,2.03,0.00,96,26,199,48.24,13.07,9,43,198,4.55,21.72,5,13,3,28,199,2.51,6.53,1.51,14.07
N20001809,Ballyarnett_D2,235,392,627,59.95,62.52,24,603,627,3.83,166,235,627,26.48,37.48,139,80,628,22.13,12.74,7,122,627,1.12,19.46,15,139,95,325,627,2.39,22.17,15.15,51.83
N20001810,Ballyarnett_D3,146,464,610,31.47,76.07,9,601,610,1.48,267,43,608,43.91,7.07,85,184,610,13.93,30.16,50,42,611,8.18,6.87,181,154,125,64,610,29.67,25.25,20.49,10.49
N20001811,Ballyarnett_B1,304,383,687,79.37,55.75,20,668,688,2.91,104,391,688,15.12,56.83,112,111,684,16.37,16.23,14,90,685,2.04,13.14,23,134,90,416,688,3.34,19.48,13.08,60.47
N20001812,Ballyarnett_C2,180,527,707,34.16,74.54,5,702,707,0.71,330,45,707,46.68,6.36,101,232,705,14.33,32.91,76,46,700,10.86,6.57,215,193,134,66,707,30.41,27.3,18.95,9.34
N20001813,Ballyarnett_B2,280,300,580,93.33,51.72,33,547,580,5.69,127,312,581,21.86,53.70,83,69,580,14.31,11.9,10,95,580,1.72,16.38,36,87,86,357,580,6.21,15,14.83,61.55
N20001814,Ballyarnett_D4,120,462,582,25.97,79.38,8,574,582,1.37,265,11,584,45.38,1.88,69,205,582,11.86,35.22,77,28,581,13.25,4.82,212,157,98,43,584,36.3,26.88,16.78,7.36
N20001815,Ballyarnett_B3,277,303,580,91.42,52.24,14,566,580,2.41,88,369,580,15.17,63.62,73,66,579,12.61,11.4,5,100,580,0.86,17.24,22,102,77,369,580,3.79,17.59,13.28,63.62
N20001816,Ballyarnett_D5,145,425,570,34.12,74.56,9,561,570,1.58,214,80,573,37.35,13.96,78,148,570,13.68,25.96,41,41,573,7.16,7.16,97,182,166,105,570,17.02,31.93,29.12,18.42
N20001817,Ballyarnett_B4,137,300,437,45.67,68.65,7,430,437,1.6,79,147,437,18.08,33.64,100,72,438,22.83,16.44,13,73,439,2.96,16.63,23,100,65,220,435,5.29,22.99,14.94,50.57
N20001818,Ballyarnett_E1,207,199,406,104.02,49.01,13,393,406,3.2,46,276,406,11.33,67.98,61,43,406,15.02,10.59,0,71,406,0,17.49,4,62,44,291,406,0.99,15.27,10.84,71.67
N20001819,Ballyarnett_F1,138,441,579,31.29,76.17,16,563,579,2.76,89,114,578,15.4,19.72,208,75,579,35.92,12.95,12,105,580,2.07,18.1,21,132,61,222,579,3.63,22.8,10.54,38.34
N20001820,Ballyarnett_J1,124,500,624,24.8,80.13,3,621,624,0.48,220,43,623,35.31,6.90,73,249,626,11.66,39.78,87,35,623,13.96,5.62,180,168,117,75,624,28.85,26.92,18.75,12.02
N20001821,Ballyarnett_E2,154,344,498,44.77,69.08,10,490,500,2,156,124,501,31.14,24.75,86,92,501,17.17,18.36,17,81,501,3.39,16.17,54,134,42,232,500,10.8,26.8,8.4,46.4
N20001822,Ballyarnett_G1,144,384,528,37.5,72.73,12,516,528,2.27,114,121,528,21.59,22.92,153,73,527,29.03,13.85,8,108,527,1.52,20.49,29,106,91,242,528,5.49,20.08,17.23,45.83
N20001823,Ballyarnett_E3,221,214,435,103.27,49.2,14,421,435,3.22,83,274,434,19.12,63.13,36,50,436,8.26,11.47,1,47,435,0.23,10.8,2,105,55,264,437,0.46,24.03,12.59,60.41
N20001824,Ballyarnett_H1,112,499,611,22.44,81.67,7,604,611,1.15,220,4,611,36.01,0.65,39,354,611,6.38,57.94,149,17,611,24.39,2.78,292,117,47,25,611,47.79,19.15,7.69,4.09
N20001825,Ballyarnett_H2,96,253,349,37.94,72.49,8,341,349,2.29,64,95,349,18.34,27.22,106,42,348,30.46,12.07,6,77,350,1.71,22,13,53,42,196,346,3.76,15.32,12.14,56.65
N20001826,Ballyarnett_D6,159,297,456,53.54,65.13,5,451,456,1.1,126,138,456,27.63,30.26,103,67,456,22.59,14.69,14,76,455,3.08,16.7,35,72,85,220,455,7.69,15.82,18.68,48.35
N20001827,Ballyarnett_F2,140,407,547,34.4,74.41,14,532,546,2.56,107,156,548,19.53,28.47,162,81,546,29.67,14.84,13,118,546,2.38,21.61,15,65,97,265,546,2.75,11.9,17.77,48.53
N20001828,Ballyarnett_F3,166,279,445,59.5,62.7,18,426,444,4.05,57,238,445,12.81,53.48,104,62,446,23.32,13.9,10,86,444,2.25,19.37,16,61,52,286,445,3.6,13.71,11.69,64.27
N20001829,Ballyarnett_E4,251,439,690,57.18,63.62,24,666,690,3.48,228,217,690,33.04,31.45,103,132,689,14.95,19.16,37,68,690,5.36,9.86,120,205,89,242,691,17.37,29.67,12.88,35.02
N20001830,Ballyarnett_K1,161,387,548,41.6,70.62,5,542,547,0.91,86,178,550,15.64,32.36,160,58,548,29.2,10.58,7,105,551,1.27,19.06,12,74,93,270,548,2.19,13.5,16.97,49.27
N20001831,Ballyarnett_F4,129,402,531,32.09,75.71,10,521,531,1.88,102,122,532,19.17,22.93,172,75,532,32.33,14.1,9,103,532,1.69,19.36,13,92,86,228,532,2.44,17.29,16.17,42.86
N20001832,Ballyarnett_G2,141,299,440,47.16,67.95,8,432,440,1.82,104,123,440,23.64,27.95,123,53,442,27.83,11.99,10,96,438,2.28,21.92,26,74,28,246,440,5.91,16.82,6.36,55.91
N20001833,Ballyarnett_J2,136,270,406,50.37,66.5,5,401,406,1.23,115,131,406,28.33,32.27,61,94,407,14.99,23.1,23,46,408,5.64,11.27,52,111,53,167,406,12.81,27.34,13.05,41.13
N20001834,Ballyarnett_H3,81,473,554,17.12,85.38,6,548,554,1.08,119,24,554,21.48,4.33,51,275,554,9.21,49.64,103,33,553,18.63,5.97,163,133,71,27,554,29.42,24.01,12.82,4.87
N20001835,Ballyarnett_G3,130,296,426,43.92,69.48,15,411,426,3.52,86,134,424,20.28,31.60,134,48,425,31.53,11.29,14,93,428,3.27,21.73,23,55,60,210,424,5.42,12.97,14.15,49.53
N20001836,Ballyarnett_K2,194,521,715,37.24,72.87,9,706,715,1.26,161,150,714,22.55,21.01,222,81,717,30.96,11.3,18,153,715,2.52,21.4,48,103,110,311,715,6.71,14.41,15.38,43.5
N20001837,Ballyarnett_G4,169,407,576,41.52,70.66,13,563,576,2.26,76,186,577,13.17,32.24,160,83,579,27.63,14.34,15,111,577,2.6,19.24,35,92,75,278,576,6.08,15.97,13.02,48.26
N20001838,Ballyarnett_K3,137,373,510,36.73,73.14,4,506,510,0.78,101,124,511,19.77,24.27,185,77,510,36.27,15.1,14,130,512,2.73,25.39,40,88,46,248,507,7.89,17.36,9.07,48.92
N20001839,Ballyarnett_J3,92,294,386,31.29,76.17,7,380,387,1.81,132,40,389,33.93,10.28,38,137,387,9.82,35.4,38,20,385,9.87,5.19,95,120,64,67,387,24.55,31.01,16.54,17.31
N20001840,Ballyarnett_H4,88,360,448,24.44,80.36,5,443,448,1.12,127,21,448,28.35,4.69,77,158,447,17.23,35.35,61,36,448,13.62,8.04,93,130,39,41,448,20.76,29.02,8.71,9.15
N20001841,Ballyarnett_G5,97,350,447,27.71,78.3,4,439,443,0.9,77,88,444,17.34,19.82,149,63,444,33.56,14.19,12,104,445,2.7,23.37,16,67,51,224,444,3.6,15.09,11.49,50.45
N20001842,Ballyarnett_G6,113,339,452,33.33,75,5,447,452,1.11,84,85,452,18.58,18.81,123,62,452,27.21,13.72,9,99,453,1.99,21.85,24,79,58,215,452,5.31,17.48,12.83,47.57
N20001843,Ballyarnett_L1,146,434,580,33.64,74.83,8,572,580,1.38,117,124,580,20.17,21.38,187,82,582,32.13,14.09,13,111,580,2.24,19.14,23,117,74,217,580,3.97,20.17,12.76,37.41
N20001844,Ballyarnett_K4,136,537,673,25.33,79.79,13,660,673,1.93,205,30,672,30.51,4.46,123,239,671,18.33,35.62,82,57,672,12.2,8.48,163,176,67,52,673,24.22,26.15,9.96,7.73
N20001845,Ballyarnett_L2,155,511,666,30.33,76.73,11,654,665,1.65,127,131,664,19.13,19.73,203,102,666,30.48,15.32,21,115,665,3.16,17.29,28,155,89,222,664,4.22,23.34,13.4,33.43
N20001846,Ballyarnett_J4,52,269,321,19.33,83.8,2,320,322,0.62,91,5,321,28.35,1.56,70,103,321,21.81,32.09,27,35,321,8.41,10.9,71,66,45,56,321,22.12,20.56,14.02,17.45
N20001847,Ballyarnett_L3,128,494,622,25.91,79.42,8,614,622,1.29,119,105,622,19.13,16.88,142,144,622,22.83,23.15,32,88,620,5.16,14.19,61,164,70,159,622,9.81,26.37,11.25,25.56
N20001848,Ballyarnett_L4,141,468,609,30.13,76.85,13,596,609,2.13,140,103,607,23.06,16.97,163,102,606,26.9,16.83,27,90,609,4.43,14.78,37,107,129,187,610,6.07,17.54,21.15,30.66
N20001849,Ballyarnett_J5,67,295,362,22.71,81.49,4,358,362,1.1,94,17,362,25.97,4.70,71,105,360,19.72,29.17,26,15,362,7.18,4.14,24,84,64,39,365,6.58,23.01,17.53,10.68
N20001850,Waterside_A1,136,475,611,28.63,77.74,7,604,611,1.15,266,15,611,43.54,2.45,44,292,608,7.24,48.03,144,19,611,23.57,3.11,261,130,17,5,611,42.72,21.28,2.78,0.82
N20001851,Waterside_A2,125,372,497,33.6,74.85,6,493,499,1.2,189,58,498,37.95,11.65,27,208,496,5.44,41.94,83,12,496,16.73,2.42,170,174,55,37,497,34.21,35.01,11.07,7.44
N20001852,Waterside_B1,111,421,532,26.37,79.14,4,527,531,0.75,162,57,528,30.68,10.80,115,147,531,21.66,27.68,42,47,531,7.91,8.85,109,110,87,71,531,20.53,20.72,16.38,13.37
N20001853,Waterside_B2,106,420,526,25.24,79.85,10,516,526,1.9,116,99,524,22.14,18.89,199,59,525,37.9,11.24,12,119,525,2.29,22.67,9,64,85,283,524,1.72,12.21,16.22,54.01
N20001854,Waterside_A3,88,414,502,21.26,82.47,5,497,502,1,147,22,501,29.34,4.39,79,222,503,15.71,44.14,77,37,502,15.34,7.37,143,85,43,39,502,28.49,16.93,8.57,7.77
N20001855,Waterside_A4,107,329,436,32.52,75.46,6,429,435,1.38,164,34,437,37.53,7.78,51,178,436,11.7,40.83,65,25,438,14.84,5.71,142,80,53,66,435,32.64,18.39,12.18,15.17
N20001856,Waterside_B3,137,374,511,36.63,73.19,10,499,509,1.96,77,150,511,15.07,29.35,164,64,511,32.09,12.52,8,87,510,1.57,17.06,20,67,77,230,511,3.91,13.11,15.07,45.01
N20001857,Waterside_B4,99,327,426,30.28,76.76,9,417,426,2.11,84,94,426,19.72,22.07,153,51,425,36,12,5,80,427,1.17,18.74,16,74,40,204,426,3.76,17.37,9.39,47.89
N20001858,Waterside_C1,181,324,505,55.86,64.16,8,497,505,1.58,257,104,505,50.89,20.59,40,146,505,7.92,28.91,30,21,507,5.92,4.14,112,222,67,74,506,22.13,43.87,13.24,14.62
N20001859,Waterside_C2,144,431,575,33.41,74.96,11,564,575,1.91,189,96,579,32.64,16.58,91,142,575,15.83,24.7,27,45,576,4.69,7.81,63,201,114,136,576,10.94,34.9,19.79,23.61
N20001860,Waterside_A5,87,295,382,29.49,77.23,5,377,382,1.31,145,19,383,37.86,4.96,80,154,381,21,40.42,70,30,382,18.32,7.85,112,79,30,29,380,29.47,20.79,7.89,7.63
N20001861,Waterside_C3,108,262,370,41.22,70.81,13,357,370,3.51,167,56,368,45.38,15.22,32,136,371,8.63,36.66,33,21,370,8.92,5.68,81,131,67,75,368,22.01,35.6,18.21,20.38
N20001862,Waterside_D1,71,318,389,22.33,81.75,3,386,389,0.77,125,36,390,32.05,9.23,82,93,389,21.08,23.91,24,35,389,6.17,9,44,95,110,60,389,11.31,24.42,28.28,15.42
N20001863,Waterside_D2,140,315,455,44.44,69.23,10,445,455,2.2,143,114,455,31.43,25.05,47,116,455,10.33,25.49,34,45,454,7.49,9.91,86,120,64,150,455,18.9,26.37,14.07,32.97
N20001864,Waterside_D3,32,292,324,10.96,90.12,6,318,324,1.85,45,32,323,13.93,9.91,122,48,324,37.65,14.81,9,85,324,2.78,26.23,12,47,33,131,322,3.73,14.6,10.25,40.68
N20001865,Waterside_D4,49,202,251,24.26,80.48,1,250,251,0.4,69,31,249,27.71,12.45,41,64,251,16.33,25.5,12,21,252,4.76,8.33,19,85,62,43,250,7.6,34,24.8,17.2
N20001866,Waterside_E1,52,316,368,16.46,85.87,6,363,369,1.63,50,49,370,13.51,13.24,99,84,368,26.9,22.83,14,43,369,3.79,11.65,20,80,69,133,369,5.42,21.68,18.7,36.04
N20001867,Waterside_C4,101,352,453,28.69,77.7,6,448,454,1.32,156,61,453,34.44,13.47,70,128,452,15.49,28.32,34,31,453,7.51,6.84,75,131,83,93,452,16.59,28.98,18.36,20.58
N20001868,Waterside_E2,114,348,462,32.76,75.32,12,450,462,2.6,116,106,462,25.11,22.94,136,61,462,29.44,13.2,12,59,462,2.6,12.77,15,105,44,206,461,3.25,22.78,9.54,44.69
N20001869,Waterside_E3,126,382,508,32.98,75.2,13,495,508,2.56,111,122,511,21.72,23.87,119,80,508,23.43,15.75,16,65,508,3.15,12.8,21,90,77,225,508,4.13,17.72,15.16,44.29
N20001870,Waterside_E4,33,222,255,14.86,87.06,3,252,255,1.18,20,34,256,7.81,13.28,87,40,255,34.12,15.69,8,49,253,3.16,19.37,7,49,31,109,255,2.75,19.22,12.16,42.75
N20001871,Waterside_D5,124,452,576,27.43,78.47,8,568,576,1.39,189,37,577,32.76,6.41,99,167,578,17.13,28.89,53,47,578,9.17,8.13,87,127,107,80,576,15.1,22.05,18.58,13.89
N20001872,Waterside_C5,166,464,630,35.78,73.65,9,621,630,1.43,298,36,631,47.23,5.71,49,244,631,7.77,38.67,96,25,631,15.21,3.96,196,217,104,50,629,31.16,34.5,16.53,7.95
N20001873,Waterside_F1,83,506,589,16.4,85.91,8,581,589,1.36,115,62,590,19.49,10.51,177,120,589,30.05,20.37,22,69,589,3.74,11.71,37,131,74,85,590,6.27,22.2,12.54,14.41
N20001874,Waterside_E5,111,361,472,30.75,76.48,7,465,472,1.48,119,91,472,25.21,19.28,90,135,472,19.07,28.6,32,76,473,6.77,16.07,25,157,72,137,472,5.3,33.26,15.25,29.03
N20001875,Waterside_F2,132,506,638,26.09,79.31,6,633,639,0.94,154,89,641,24.02,13.88,146,144,638,22.88,22.57,40,52,639,6.26,8.14,58,125,90,144,638,9.09,19.59,14.11,22.57
N20001876,Waterside_G1,98,405,503,24.2,80.52,4,499,503,0.8,106,75,504,21.03,14.88,117,84,503,23.26,16.7,17,55,503,3.38,10.93,29,109,111,152,504,5.75,21.63,22.02,30.16
N20001877,Waterside_L1,62,463,525,13.39,88.19,4,521,525,0.76,37,72,524,7.06,13.74,118,161,525,22.48,30.67,34,87,525,6.48,16.57,46,137,53,169,524,8.78,26.15,10.11,32.25
N20001878,Waterside_F3,97,367,464,26.43,79.09,6,456,462,1.3,146,37,463,31.53,7.99,85,131,464,18.32,28.23,40,41,464,8.62,8.84,64,133,60,65,463,13.82,28.73,12.96,14.04
N20001879,Waterside_F4,90,428,518,21.03,82.63,10,508,518,1.93,151,41,518,29.15,7.92,100,141,518,19.31,27.22,41,44,521,7.87,8.45,91,142,70,71,518,17.57,27.41,13.51,13.71
N20001880,Waterside_G2,75,313,388,23.96,80.67,6,383,389,1.54,41,75,388,10.57,19.33,119,42,388,30.67,10.82,8,74,388,2.06,19.07,14,72,55,124,388,3.61,18.56,14.18,31.96
N20001881,Waterside_G3,56,264,320,21.21,82.5,3,317,320,0.94,54,59,318,16.98,18.55,69,89,319,21.63,27.9,25,34,320,7.81,10.63,39,70,65,71,321,12.15,21.81,20.25,22.12
N20001882,Waterside_G4,141,275,416,51.27,66.11,14,402,416,3.37,166,91,416,39.9,21.88,64,103,418,15.31,24.64,19,28,415,4.58,6.75,58,152,70,114,416,13.94,36.54,16.83,27.4
N20001883,Waterside_L2,82,434,516,18.89,84.11,5,509,514,0.97,84,75,514,16.34,14.59,130,116,512,25.39,22.66,24,91,516,4.65,17.64,37,132,62,222,516,7.17,25.58,12.02,43.02
N20001884,Waterside_H1,217,723,940,30.01,76.91,13,927,940,1.38,290,104,939,30.88,11.08,77,354,940,8.19,37.66,148,30,940,15.74,3.19,131,296,129,130,941,13.92,31.46,13.71,13.82
N20001885,Waterside_G5,132,449,581,29.4,77.28,13,568,581,2.24,103,117,584,17.64,20.03,184,77,580,31.72,13.28,14,105,580,2.41,18.1,24,104,82,238,581,4.13,17.9,14.11,40.96
N20001886,Waterside_J1,18,329,347,5.47,94.81,4,343,347,1.15,34,7,347,9.8,2.02,153,61,345,44.35,17.68,14,78,346,4.05,22.54,25,31,25,67,345,7.25,8.99,7.25,19.42
N20001887,Waterside_N1,106,326,432,32.52,75.46,7,425,432,1.62,58,107,432,13.43,24.77,138,70,432,31.94,16.2,9,95,434,2.07,21.89,18,89,53,209,432,4.17,20.6,12.27,48.38
N20001888,Waterside_H2,165,535,700,30.84,76.43,6,694,700,0.86,251,74,700,35.86,10.57,113,230,700,16.14,32.86,77,75,699,11.02,10.73,164,187,82,104,699,23.46,26.75,11.73,14.88
N20001889,Waterside_L3,232,358,590,64.8,60.68,4,586,590,0.68,362,81,590,61.36,13.73,32,228,588,5.44,38.78,109,24,590,18.47,4.07,279,162,68,61,590,47.29,27.46,11.53,10.34
N20001890,Waterside_N2,132,381,513,34.65,74.27,13,500,513,2.53,122,94,513,23.78,18.32,143,76,513,27.88,14.81,9,89,513,1.75,17.35,23,104,87,223,513,4.48,20.27,16.96,43.47
N20001891,Waterside_H3,115,435,550,26.44,79.09,5,545,550,0.91,175,54,550,31.82,9.82,75,176,550,13.64,32,55,30,548,10.04,5.47,107,132,113,109,550,19.45,24,20.55,19.82
N20001892,Waterside_N3,162,338,500,47.93,67.6,15,488,503,2.98,90,182,502,17.93,36.25,139,63,503,27.63,12.52,11,97,504,2.18,19.25,25,85,56,246,503,4.97,16.9,11.13,48.91
N20001893,Waterside_K1,133,352,485,37.78,72.58,8,477,485,1.65,176,87,485,36.29,17.94,106,74,485,21.86,15.26,17,50,485,3.51,10.31,28,163,100,140,486,5.76,33.54,20.58,28.81
N20001894,Waterside_K2,64,326,390,19.63,83.59,3,387,390,0.77,103,12,390,26.41,3.08,71,112,389,18.25,28.79,34,35,393,8.65,8.91,41,113,97,36,391,10.49,28.9,24.81,9.21
N20001895,Waterside_J2,135,530,665,25.47,79.7,7,658,665,1.05,274,26,664,41.27,3.92,77,253,665,11.58,38.05,93,45,665,13.98,6.77,170,183,114,70,665,25.56,27.52,17.14,10.53
N20001896,Waterside_J3,195,803,998,24.28,80.46,20,978,998,2,338,47,998,33.87,4.71,188,309,1000,18.8,30.9,72,102,998,7.21,10.22,219,251,164,170,1000,21.9,25.1,16.4,17
N20001897,Waterside_K3,93,313,406,29.71,77.09,3,403,406,0.74,168,23,404,41.58,5.69,69,96,405,17.04,23.7,28,23,404,6.93,5.69,69,127,73,43,408,16.91,31.13,17.89,10.54
N20001898,Waterside_K4,102,373,475,27.35,78.53,1,474,475,0.21,185,34,474,39.03,7.17,63,161,474,13.29,33.97,41,16,475,8.63,3.37,105,147,114,44,476,22.06,30.88,23.95,9.24
N20001899,Waterside_K5,57,389,446,14.65,87.22,9,437,446,2.02,114,16,445,25.62,3.60,92,119,447,20.58,26.62,35,36,445,7.87,8.09,58,116,79,68,446,13,26.01,17.71,15.25
N20001900,Waterside_J4,136,396,532,34.34,74.44,2,530,532,0.38,254,33,533,47.65,6.19,31,232,532,5.83,43.61,73,8,532,13.72,1.5,199,180,66,41,531,37.48,33.9,12.43,7.72
N20001901,Waterside_N4,230,432,662,53.24,65.26,11,651,662,1.66,395,67,660,59.85,10.15,48,200,663,7.24,30.17,45,31,663,6.79,4.68,202,214,120,99,662,30.51,32.33,18.13,14.95
N20001902,Waterside_P1,209,364,573,57.42,63.53,4,569,573,0.7,299,93,573,52.18,16.23,46,151,572,8.04,26.4,45,12,569,7.91,2.11,109,235,121,93,574,18.99,40.94,21.08,16.2
N20001903,Waterside_P2,90,323,413,27.86,78.21,9,404,413,2.18,65,86,413,15.74,20.82,137,44,413,33.17,10.65,8,79,414,1.93,19.08,13,50,74,188,413,3.15,12.11,17.92,45.52
N20001904,Waterside_L4,200,435,635,45.98,68.5,10,625,635,1.57,350,56,634,55.21,8.83,52,218,635,8.19,34.33,68,25,636,10.69,3.93,175,209,120,63,636,27.52,32.86,18.87,9.91
N20001905,Waterside_P3,126,316,442,39.87,71.49,2,440,442,0.45,106,105,442,23.98,23.76,145,37,442,32.81,8.37,5,77,443,1.13,17.38,0,67,96,215,442,0,15.16,21.72,48.64
N20001906,Waterside_P4,110,271,381,40.59,71.13,11,371,382,2.88,53,123,383,13.84,32.11,113,47,382,29.58,12.3,8,88,381,2.1,23.1,9,64,47,199,382,2.36,16.75,12.3,52.09
N20001907,Waterside_P5,172,320,492,53.75,65.04,4,489,493,0.81,273,59,493,55.38,11.97,56,145,493,11.36,29.41,44,37,494,8.91,7.49,123,180,84,53,496,24.8,36.29,16.94,10.69
N20001908,Faughan_D1,76,359,435,21.17,82.53,5,430,435,1.15,133,10,435,30.57,2.30,134,103,435,30.8,23.68,29,69,435,6.67,15.86,38,90,84,38,435,8.74,20.69,19.31,8.74
N20001909,Faughan_A1,155,361,516,42.94,69.96,16,500,516,3.1,98,168,518,18.92,32.43,147,64,516,28.49,12.4,8,89,517,1.55,17.21,22,82,68,273,516,4.26,15.89,13.18,52.91
N20001910,Faughan_A2,104,379,483,27.44,78.47,4,478,482,0.83,115,78,483,23.81,16.15,142,83,483,29.4,17.18,13,62,485,2.68,12.78,42,100,81,127,481,8.73,20.79,16.84,26.4
N20001911,Faughan_A3,111,257,368,43.19,69.84,6,363,369,1.63,98,101,365,26.85,27.67,49,74,368,13.32,20.11,21,28,368,5.71,7.61,29,103,106,123,368,7.88,27.99,28.8,33.42
N20001912,Faughan_A4,213,431,644,49.42,66.93,10,634,644,1.55,271,122,645,42.02,18.91,115,133,645,17.83,20.62,31,46,644,4.81,7.14,100,155,155,200,643,15.55,24.11,24.11,31.1
N20001913,Faughan_A5,184,413,597,44.55,69.18,13,584,597,2.18,303,75,597,50.75,12.56,64,212,596,10.74,35.57,92,40,595,15.46,6.72,244,158,75,72,596,40.94,26.51,12.58,12.08
N20001914,Faughan_B1,84,348,432,24.14,80.56,5,427,432,1.16,83,59,434,19.12,13.59,141,78,432,32.64,18.06,10,71,431,2.32,16.47,24,102,41,142,432,5.56,23.61,9.49,32.87
N20001915,Faughan_D2,97,286,383,33.92,74.67,3,381,384,0.78,134,46,382,35.08,12.04,40,136,383,10.44,35.51,51,15,383,13.32,3.92,95,102,59,72,384,24.74,26.56,15.36,18.75
N20001916,Faughan_B2,161,552,713,29.17,77.42,7,706,713,0.98,235,98,714,32.91,13.73,110,219,713,15.43,30.72,85,53,713,11.92,7.43,123,218,120,108,711,17.3,30.66,16.88,15.19
N20001917,Faughan_C1,139,402,541,34.58,74.31,4,537,541,0.74,255,24,541,47.13,4.44,54,215,541,9.98,39.74,81,21,539,15.03,3.9,200,141,76,33,542,36.9,26.01,14.02,6.09
N20001918,Faughan_C2,154,486,640,31.69,75.94,10,630,640,1.56,234,70,641,36.51,10.92,102,156,640,15.94,24.38,33,47,640,5.16,7.34,77,192,158,86,640,12.03,30,24.69,13.44
N20001919,Faughan_C3,222,508,730,43.7,69.59,10,720,730,1.37,346,94,732,47.27,12.84,55,259,730,7.53,35.48,76,28,729,10.43,3.84,210,241,105,99,729,28.81,33.06,14.4,13.58
N20001920,Faughan_C4,148,367,515,40.33,71.26,4,511,515,0.78,290,21,514,56.42,4.09,43,191,516,8.33,37.02,70,20,516,13.57,3.88,199,169,61,34,515,38.64,32.82,11.84,6.6
N20001921,Faughan_D3,130,468,598,27.78,78.26,27,571,598,4.52,193,48,600,32.17,8.00,143,145,595,24.03,24.37,39,79,598,6.52,13.21,95,156,93,107,598,15.89,26.09,15.55,17.89
N20001922,Faughan_D4,104,384,488,27.08,78.69,6,480,486,1.23,182,18,487,37.37,3.70,97,143,486,19.96,29.42,46,34,486,9.47,7,100,103,120,44,486,20.58,21.19,24.69,9.05
N20001923,Faughan_E1,155,502,657,30.88,76.41,2,655,657,0.3,280,24,659,42.49,3.64,132,161,657,20.09,24.51,55,68,657,8.37,10.35,102,156,161,84,660,15.45,23.64,24.39,12.73
N20001924,Faughan_D5,143,430,573,33.26,75.04,12,561,573,2.09,163,82,575,28.35,14.26,160,92,573,27.92,16.06,16,93,575,2.78,16.17,36,118,137,202,573,6.28,20.59,23.91,35.25
N20001925,Faughan_G1,116,404,520,28.71,77.69,3,517,520,0.58,182,23,517,35.2,4.45,61,187,520,11.73,35.96,49,27,520,9.42,5.19,103,143,78,83,520,19.81,27.5,15,15.96
N20001926,Faughan_G2,84,361,445,23.27,81.12,2,442,444,0.45,151,12,445,33.93,2.70,42,194,446,9.42,43.5,80,13,445,17.98,2.92,123,128,48,37,445,27.64,28.76,10.79,8.31
N20001927,Faughan_E2,199,597,796,33.33,75,4,792,796,0.5,346,40,796,43.47,5.03,186,174,795,23.4,21.89,48,71,795,6.04,8.93,139,153,225,106,796,17.46,19.22,28.27,13.32
N20001928,Faughan_F1,109,329,438,33.13,75.11,2,434,436,0.46,201,8,436,46.1,1.83,35,186,436,8.03,42.66,90,21,436,20.64,4.82,138,109,64,34,436,31.65,25,14.68,7.8
N20001929,Faughan_E3,82,346,428,23.7,80.84,2,426,428,0.47,138,18,427,32.32,4.22,86,130,429,20.05,30.3,34,36,429,7.93,8.39,74,98,106,41,433,17.09,22.63,24.48,9.47
N20001930,Faughan_F2,77,274,351,28.1,78.06,4,347,351,1.14,87,39,355,24.51,10.99,100,54,352,28.41,15.34,8,45,349,2.29,12.89,9,77,64,114,352,2.56,21.88,18.18,32.39
N20001931,Faughan_F3,69,244,313,28.28,77.96,6,307,313,1.92,75,55,311,24.12,17.68,77,55,313,24.6,17.57,15,41,312,4.81,13.14,23,60,46,98,313,7.35,19.17,14.7,31.31
N20001932,Faughan_F4,85,436,521,19.5,83.69,2,519,521,0.38,177,21,525,33.71,4.00,111,122,521,21.31,23.42,38,35,519,7.32,6.74,52,156,107,79,521,9.98,29.94,20.54,15.16
N20001933,Faughan_F5,178,449,627,39.64,71.61,9,618,627,1.44,220,124,626,35.14,19.81,183,73,629,29.09,11.61,15,70,627,2.39,11.16,27,153,108,238,627,4.31,24.4,17.22,37.96
N20001934,Faughan_F6,195,394,589,49.49,66.89,7,582,589,1.19,279,92,590,47.29,15.59,54,125,588,9.18,21.26,35,18,589,5.94,3.06,54,242,173,107,589,9.17,41.09,29.37,18.17
N20001935,Faughan_G3,124,497,621,24.95,80.03,13,607,620,2.1,206,25,620,33.23,4.03,149,148,620,24.03,23.87,35,71,622,5.63,11.41,67,159,146,80,620,10.81,25.65,23.55,12.9
N20001936,Faughan_E4,139,490,629,28.37,77.9,5,624,629,0.79,218,43,628,34.71,6.85,150,134,627,23.92,21.37,35,60,629,5.56,9.54,78,148,124,122,630,12.38,23.49,19.68,19.37
N20001937,Faughan_E5,109,349,458,31.23,76.2,4,454,458,0.87,197,27,459,42.92,5.88,79,115,458,17.25,25.11,39,34,459,8.5,7.41,73,117,119,68,456,16.01,25.66,26.1,14.91
N20001938,Faughan_E6,116,334,450,34.73,74.22,4,446,450,0.89,199,36,450,44.22,8.00,70,139,450,15.56,30.89,26,24,450,5.78,5.33,95,117,128,64,450,21.11,26,28.44,14.22
N20001939,Faughan_G4,105,261,366,40.23,71.31,13,354,367,3.54,129,64,364,35.44,17.58,63,90,367,17.17,24.52,21,29,365,5.75,7.95,44,112,65,98,366,12.02,30.6,17.76,26.78
N20001940,Faughan_G5,47,198,245,23.74,80.82,1,246,247,0.4,78,16,247,31.58,6.48,65,54,247,26.32,21.86,20,28,247,8.1,11.34,37,48,48,30,245,15.1,19.59,19.59,12.24
N20001941,Faughan_G6,79,305,384,25.9,79.43,9,375,384,2.34,135,16,387,34.88,4.13,77,100,385,20,25.97,19,27,383,4.96,7.05,54,93,98,45,384,14.06,24.22,25.52,11.72
N20001942,Faughan_H1,162,418,580,38.76,72.07,5,576,581,0.86,266,75,583,45.63,12.86,55,158,583,9.43,27.1,58,23,583,9.95,3.95,144,183,129,80,583,24.7,31.39,22.13,13.72
N20001943,Faughan_H2,47,209,256,22.49,81.64,4,252,256,1.56,55,34,257,21.4,13.23,90,45,256,35.16,17.58,8,50,258,3.1,19.38,10,37,45,74,256,3.91,14.45,17.58,28.91
N20001944,Faughan_H3,94,402,496,23.38,81.05,4,492,496,0.81,100,76,494,20.24,15.38,127,113,496,25.6,22.78,33,47,497,6.64,9.46,62,118,94,107,496,12.5,23.79,18.95,21.57
N20001945,Faughan_G7,110,298,408,36.91,73.04,3,405,408,0.74,219,14,405,54.07,3.46,77,106,411,18.73,25.79,27,29,410,6.59,7.07,91,103,109,52,411,22.14,25.06,26.52,12.65
N20001946,Sperrin_A1,283,556,839,50.9,66.27,7,835,842,0.83,427,126,841,50.77,14.98,137,184,842,16.27,21.85,61,71,843,7.24,8.42,168,201,199,188,842,19.95,23.87,23.63,22.33
N20001947,Sperrin_B1,179,424,603,42.22,70.32,2,601,603,0.33,301,45,603,49.92,7.46,133,120,602,22.09,19.93,33,62,605,5.45,10.25,82,149,146,118,600,13.67,24.83,24.33,19.67
N20001948,Sperrin_B2,140,520,660,26.92,78.79,8,652,660,1.21,259,21,659,39.3,3.19,171,148,660,25.91,22.42,39,60,660,5.91,9.09,71,159,176,85,661,10.74,24.05,26.63,12.86
N20001949,Sperrin_A2,201,644,845,31.21,76.21,7,838,845,0.83,361,35,845,42.72,4.14,183,174,845,21.66,20.59,47,71,845,5.56,8.4,90,192,252,108,845,10.65,22.72,29.82,12.78
N20001950,Sperrin_B3,107,443,550,24.15,80.55,4,545,549,0.73,189,29,549,34.43,5.28,153,118,548,27.92,21.53,28,59,549,5.1,10.75,39,133,148,97,549,7.1,24.23,26.96,17.67
N20001951,Sperrin_B4,107,439,546,24.37,80.4,4,542,546,0.73,177,23,545,32.48,4.22,129,151,546,23.63,27.66,39,54,546,7.14,9.89,83,91,166,75,546,15.2,16.67,30.4,13.74
N20001952,Sperrin_C1,154,412,566,37.38,72.79,12,555,567,2.12,173,117,567,30.51,20.63,192,54,566,33.92,9.54,11,107,568,1.94,18.84,40,72,122,236,567,7.05,12.7,21.52,41.62
N20001953,Sperrin_A3,121,315,436,38.41,72.25,8,427,435,1.84,212,29,433,48.96,6.70,86,97,434,19.82,22.35,29,32,436,6.65,7.34,66,126,124,50,435,15.17,28.97,28.51,11.49
N20001954,Sperrin_F1,161,502,663,32.07,75.72,6,657,663,0.9,261,37,664,39.31,5.57,133,165,665,20,24.81,53,51,663,7.99,7.69,99,181,154,103,663,14.93,27.3,23.23,15.54
N20001955,Sperrin_B5,172,448,620,38.39,72.26,14,606,620,2.26,284,61,617,46.03,9.89,122,115,620,19.68,18.55,33,39,623,5.3,6.26,61,147,230,121,623,9.79,23.6,36.92,19.42
N20001956,Sperrin_F2,121,463,584,26.13,79.28,7,578,585,1.2,229,27,583,39.28,4.63,116,137,585,19.83,23.42,45,52,590,7.63,8.81,82,108,216,77,587,13.97,18.4,36.8,13.12
N20001957,Sperrin_C2,45,190,235,23.68,80.85,5,230,235,2.13,33,35,235,14.04,14.89,87,25,235,37.02,10.64,2,52,237,0.84,21.94,2,44,43,95,235,0.85,18.72,18.3,40.43
N20001958,Sperrin_C3,36,179,215,20.11,83.26,5,210,215,2.33,44,25,215,20.47,11.63,68,43,213,31.92,20.19,11,28,213,5.16,13.15,27,33,39,66,215,12.56,15.35,18.14,30.7
N20001959,Sperrin_C4,136,391,527,34.78,74.19,5,522,527,0.95,201,30,526,38.21,5.70,145,95,525,27.62,18.1,26,58,527,4.93,11.01,81,97,138,99,527,15.37,18.41,26.19,18.79
N20001960,Sperrin_D1,117,309,426,37.86,72.54,8,418,426,1.88,141,60,425,33.18,14.12,84,97,426,19.72,22.77,26,30,425,6.12,7.06,57,125,69,91,426,13.38,29.34,16.2,21.36
N20001961,Sperrin_C5,104,443,547,23.48,80.99,8,539,547,1.46,181,36,547,33.09,6.58,119,130,544,21.88,23.9,35,46,547,6.4,8.41,87,120,120,103,547,15.9,21.94,21.94,18.83
N20001962,Sperrin_D2,145,356,501,40.73,71.06,6,495,501,1.2,191,81,501,38.12,16.17,70,144,501,13.97,28.74,48,41,502,9.56,8.17,91,155,93,81,501,18.16,30.94,18.56,16.17
N20001963,Sperrin_D3,59,296,355,19.93,83.38,6,349,355,1.69,88,50,355,24.79,14.08,93,80,356,26.12,22.47,22,67,355,6.2,18.87,40,80,47,86,355,11.27,22.54,13.24,24.23
N20001964,Sperrin_D4,144,271,415,53.14,65.3,5,410,415,1.2,220,59,414,53.14,14.25,65,95,417,15.59,22.78,29,31,415,6.99,7.47,68,127,86,115,415,16.39,30.6,20.72,27.71
N20001965,Sperrin_E1,24,234,258,10.26,90.7,3,254,257,1.17,24,17,257,9.34,6.61,88,48,257,34.24,18.68,15,50,257,5.84,19.46,19,44,58,85,258,7.36,17.05,22.48,32.95
N20001966,Sperrin_D5,120,479,599,25.05,79.97,4,595,599,0.67,163,55,599,27.21,9.18,120,166,599,20.03,27.71,48,59,599,8.01,9.85,85,122,124,102,599,14.19,20.37,20.7,17.03
N20001967,Sperrin_D6,231,361,592,63.99,60.98,16,576,592,2.7,244,164,594,41.08,27.61,73,141,593,12.31,23.78,29,46,594,4.88,7.74,75,175,136,174,594,12.63,29.46,22.9,29.29
N20001968,Sperrin_C6,115,303,418,37.95,72.49,9,409,418,2.15,174,43,420,41.43,10.24,92,90,416,22.12,21.63,25,40,422,5.92,9.48,56,85,149,65,418,13.4,20.33,35.65,15.55
N20001969,Sperrin_E2,56,296,352,18.92,84.09,8,344,352,2.27,37,54,356,10.39,15.17,131,61,353,37.11,17.28,13,93,352,3.69,26.42,18,43,32,174,353,5.1,12.18,9.07,49.29
N20001970,Sperrin_E3,88,320,408,27.5,78.43,9,399,408,2.21,173,33,408,42.4,8.09,71,122,407,17.44,29.98,39,29,407,9.58,7.13,84,143,75,43,406,20.69,35.22,18.47,10.59
N20001971,Sperrin_F3,145,529,674,27.41,78.49,9,665,674,1.34,253,33,674,37.54,4.90,150,189,674,22.26,28.04,52,63,673,7.73,9.36,116,124,173,105,673,17.24,18.42,25.71,15.6
N20001972,Sperrin_E4,65,311,376,20.9,82.71,6,370,376,1.6,38,64,375,10.13,17.07,146,53,379,38.52,13.98,9,84,377,2.39,22.28,8,42,66,161,378,2.12,11.11,17.46,42.59
N20001973,Sperrin_G1,142,282,424,50.35,66.51,19,405,424,4.48,59,167,428,13.79,39.02,120,49,424,28.3,11.56,6,115,424,1.42,27.12,7,37,59,254,424,1.65,8.73,13.92,59.91
N20001974,Sperrin_H1,76,352,428,21.59,82.24,9,419,428,2.1,85,65,428,19.86,15.19,113,80,428,26.4,18.69,20,52,430,4.65,12.09,52,79,81,83,428,12.15,18.46,18.93,19.39
N20001975,Sperrin_G2,54,323,377,16.72,85.68,2,375,377,0.53,31,63,375,8.27,16.80,167,41,377,44.3,10.88,11,103,377,2.92,27.32,8,48,40,159,377,2.12,12.73,10.61,42.18
N20001976,Sperrin_H2,86,470,556,18.3,84.53,14,542,556,2.52,70,76,556,12.59,13.67,203,93,556,36.51,16.73,14,113,557,2.51,20.29,25,104,68,202,556,4.5,18.71,12.23,36.33
N20001977,Sperrin_H3,108,404,512,26.73,78.91,13,499,512,2.54,47,119,513,9.16,23.20,167,67,512,32.62,13.09,11,92,513,2.14,17.93,26,77,65,229,512,5.08,15.04,12.7,44.73
N20001978,Sperrin_G3,120,358,478,33.52,74.9,8,469,477,1.68,108,110,475,22.74,23.16,132,73,477,27.67,15.3,12,96,478,2.51,20.08,16,75,76,210,477,3.35,15.72,15.93,44.03
N20001979,Sperrin_G4,99,334,433,29.64,77.14,8,425,433,1.85,63,102,433,14.55,23.56,154,54,434,35.48,12.44,12,82,432,2.78,18.98,25,103,51,171,433,5.77,23.79,11.78,39.49
N20001980,Sperrin_H4,59,467,526,12.63,88.78,4,522,526,0.76,69,39,526,13.12,7.41,187,123,525,35.62,23.43,39,97,526,7.41,18.44,46,87,34,110,526,8.75,16.54,6.46,20.91
N20001981,Sperrin_F4,95,317,412,29.97,76.94,5,408,413,1.21,167,15,413,40.44,3.63,99,92,409,24.21,22.49,20,54,417,4.8,12.95,40,86,136,61,413,9.69,20.82,32.93,14.77
N20001982,Sperrin_G5,112,375,487,29.87,77,11,476,487,2.26,44,132,486,9.05,27.16,192,50,488,39.34,10.25,5,137,487,1.03,28.13,17,56,60,264,488,3.48,11.48,12.3,54.1
N20001983,Sperrin_G6,150,372,522,40.32,71.26,18,503,521,3.45,107,159,522,20.5,30.46,164,69,522,31.42,13.22,9,108,524,1.72,20.61,23,99,64,254,522,4.41,18.97,12.26,48.66
N20001984,Sperrin_H5,114,359,473,31.75,75.9,11,462,473,2.33,65,118,473,13.74,24.95,153,63,473,32.35,13.32,10,90,472,2.12,19.07,10,90,57,214,473,2.11,19.03,12.05,45.24
N20001985,Sperrin_H6,139,298,437,46.64,68.19,13,424,437,2.97,143,91,437,32.72,20.82,106,57,437,24.26,13.04,6,63,437,1.37,14.42,15,69,97,210,436,3.44,15.83,22.25,48.17
N20001986,Sperrin_J1,134,544,678,24.63,80.24,8,670,678,1.18,197,57,679,29.01,8.39,143,198,678,21.09,29.2,46,55,678,6.78,8.11,90,168,152,110,678,13.27,24.78,22.42,16.22
N20001987,Sperrin_J2,109,653,762,16.69,85.7,12,749,761,1.58,161,67,762,21.13,8.79,197,188,762,25.85,24.67,52,72,761,6.83,9.46,101,154,118,124,759,13.31,20.29,15.55,16.34
N20001988,Sperrin_K1,202,553,755,36.53,73.25,9,746,755,1.19,335,16,755,44.37,2.12,162,167,755,21.46,22.12,46,61,754,6.1,8.09,112,188,188,116,755,14.83,24.9,24.9,15.36
N20001989,Sperrin_F5,169,544,713,31.07,76.3,6,707,713,0.84,293,41,714,41.04,5.74,124,194,713,17.39,27.21,52,56,713,7.29,7.85,98,181,215,83,713,13.74,25.39,30.15,11.64
N20001990,Sperrin_K2,177,626,803,28.27,77.96,7,796,803,0.87,304,24,806,37.72,2.98,180,177,802,22.44,22.07,40,82,803,4.98,10.21,118,159,251,125,803,14.69,19.8,31.26,15.57
N20001991,Sperrin_K3,100,370,470,27.03,78.72,4,466,470,0.85,186,31,470,39.57,6.60,121,103,470,25.74,21.91,24,45,470,5.11,9.57,56,85,153,80,470,11.91,18.09,32.55,17.02
N20001992,Sperrin_K4,128,298,426,42.95,69.95,8,418,426,1.88,180,48,426,42.25,11.27,104,69,426,24.41,16.2,19,52,426,4.46,12.21,61,76,112,97,426,14.32,17.84,26.29,22.77
N20001993,Sperrin_K5,51,186,237,27.42,78.48,4,233,237,1.69,59,31,238,24.79,13.03,64,42,239,26.78,17.57,17,40,237,7.17,16.88,22,28,67,68,235,9.36,11.91,28.51,28.94
N20001994,Derg_A1,115,403,518,28.54,77.8,10,508,518,1.93,172,61,519,33.14,11.75,96,123,518,18.53,23.75,32,48,518,6.18,9.27,78,144,78,137,517,15.09,27.85,15.09,26.5
N20001995,Derg_A2,129,344,473,37.5,72.73,12,461,473,2.54,217,64,474,45.78,13.50,76,111,475,16,23.37,28,38,473,5.92,8.03,81,120,79,148,473,17.12,25.37,16.7,31.29
N20001996,Derg_A3,192,309,501,62.14,61.68,5,496,501,1,230,143,502,45.82,28.49,68,100,501,13.57,19.96,11,45,501,2.2,8.98,69,151,106,153,501,13.77,30.14,21.16,30.54
N20001997,Derg_A4,204,439,643,46.47,68.27,7,636,643,1.09,301,84,647,46.52,12.98,104,153,643,16.17,23.79,36,36,644,5.59,5.59,121,210,138,101,643,18.82,32.66,21.46,15.71
N20001998,Derg_C1,241,485,726,49.69,66.8,13,713,726,1.79,299,141,724,41.3,19.48,132,132,726,18.18,18.18,33,66,723,4.56,9.13,81,189,170,189,726,11.16,26.03,23.42,26.03
N20001999,Derg_C2,70,228,298,30.7,76.51,2,296,298,0.67,83,38,298,27.85,12.75,84,54,299,28.09,18.06,16,48,299,5.35,16.05,26,67,68,86,303,8.58,22.11,22.44,28.38
N20002000,Derg_B1,93,413,506,22.52,81.62,14,492,506,2.77,146,54,509,28.68,10.61,170,64,506,33.6,12.65,17,82,508,3.35,16.14,24,79,97,173,506,4.74,15.61,19.17,34.19
N20002001,Derg_B2,121,404,525,29.95,76.95,10,515,525,1.9,120,105,525,22.86,20.00,129,136,525,24.57,25.9,36,69,525,6.86,13.14,73,103,65,177,525,13.9,19.62,12.38,33.71
N20002002,Derg_B3,68,333,401,20.42,83.04,4,397,401,1,55,81,401,13.72,20.20,139,61,401,34.66,15.21,12,62,400,3,15.5,17,65,76,159,401,4.24,16.21,18.95,39.65
N20002003,Derg_C3,80,232,312,34.48,74.36,4,308,312,1.28,62,78,312,19.87,25.00,139,28,310,44.84,9.03,9,87,312,2.88,27.88,4,22,60,156,312,1.28,7.05,19.23,50
N20002004,Derg_B4,148,398,546,37.19,72.89,9,537,546,1.65,183,117,544,33.64,21.51,115,110,546,21.06,20.15,29,62,545,5.32,11.38,53,103,118,187,545,9.72,18.9,21.65,34.31
N20002005,Derg_C4,129,424,553,30.42,76.67,3,549,552,0.54,211,32,553,38.16,5.79,131,122,553,23.69,22.06,34,56,553,6.15,10.13,73,115,164,84,553,13.2,20.8,29.66,15.19
N20002006,Derg_C5,120,433,553,27.71,78.3,8,546,554,1.44,199,38,553,35.99,6.87,142,128,553,25.68,23.15,32,64,553,5.79,11.57,96,133,121,77,554,17.33,24.01,21.84,13.9
N20002007,Derg_D1,121,462,583,26.19,79.25,9,574,583,1.54,169,84,583,28.99,14.41,172,103,582,29.55,17.7,22,79,585,3.76,13.5,45,101,121,152,582,7.73,17.35,20.79,26.12
N20002008,Derg_D2,124,493,617,25.15,79.9,7,610,617,1.13,213,37,617,34.52,6.00,149,122,617,24.15,19.77,36,44,617,5.83,7.13,44,124,190,76,617,7.13,20.1,30.79,12.32
N20002009,Derg_E1,105,320,425,32.81,75.29,12,414,426,2.82,112,73,423,26.48,17.26,138,50,429,32.17,11.66,12,79,422,2.84,18.72,24,68,83,167,425,5.65,16,19.53,39.29
N20002010,Derg_E2,91,347,438,26.22,79.22,4,434,438,0.91,103,77,438,23.52,17.58,157,50,437,35.93,11.44,13,104,438,2.97,23.74,12,61,82,190,438,2.74,13.93,18.72,43.38
N20002011,Derg_E3,130,432,562,30.09,76.87,13,550,563,2.31,200,65,562,35.59,11.57,155,92,562,27.58,16.37,30,76,563,5.33,13.5,71,94,92,176,562,12.63,16.73,16.37,31.32
N20002012,Derg_F1,62,310,372,20,83.33,1,371,372,0.27,63,46,373,16.89,12.33,153,57,372,41.13,15.32,10,102,372,2.69,27.42,5,58,43,151,372,1.34,15.59,11.56,40.59
N20002013,Derg_D3,192,516,708,37.21,72.88,15,693,708,2.12,206,141,708,29.1,19.92,179,128,709,25.25,18.05,27,94,707,3.82,13.3,55,159,159,200,710,7.75,22.39,22.39,28.17
N20002014,Derg_F2,148,386,534,38.34,72.28,7,527,534,1.31,211,76,534,39.51,14.23,119,108,534,22.28,20.22,17,72,533,3.19,13.51,33,128,107,161,534,6.18,23.97,20.04,30.15
N20002015,Derg_H1,111,422,533,26.3,79.17,7,526,533,1.31,223,14,533,41.84,2.63,158,99,535,29.53,18.5,23,59,534,4.31,11.05,35,114,174,100,532,6.58,21.43,32.71,18.8
N20002016,Derg_F3,90,257,347,35.02,74.06,13,334,347,3.75,73,57,344,21.22,16.57,107,53,348,30.75,15.23,9,73,348,2.59,20.98,17,72,62,124,347,4.9,20.75,17.87,35.73
N20002017,Derg_G1,108,447,555,24.16,80.54,8,546,554,1.44,184,37,554,33.21,6.68,113,150,556,20.32,26.98,46,52,556,8.27,9.35,76,115,135,87,555,13.69,20.72,24.32,15.68
N20002018,Derg_F4,147,260,407,56.54,63.88,10,398,408,2.45,192,85,408,47.06,20.83,57,87,407,14,21.38,14,33,408,3.43,8.09,43,98,135,79,404,10.64,24.26,33.42,19.55
N20002019,Derg_H2,108,376,484,28.72,77.69,7,476,483,1.45,181,15,483,37.47,3.11,128,102,485,26.39,21.03,28,51,482,5.81,10.58,64,40,186,87,484,13.22,8.26,38.43,17.98
N20002020,Derg_F5,71,368,439,19.29,83.83,8,431,439,1.82,80,57,438,18.26,13.01,170,68,440,38.64,15.45,9,103,439,2.05,23.46,29,45,58,170,436,6.65,10.32,13.3,38.99
N20002021,Derg_F6,47,307,354,15.31,86.72,5,349,354,1.41,60,25,356,16.85,7.02,139,53,354,39.27,14.97,10,74,354,2.82,20.9,12,62,57,125,354,3.39,17.51,16.1,35.31
N20002022,Derg_F7,95,432,527,21.99,81.97,7,520,527,1.33,177,30,527,33.59,5.69,154,121,525,29.33,23.05,34,38,525,6.48,7.24,63,93,143,67,525,12,17.71,27.24,12.76
N20002023,Derg_H3,147,442,589,33.26,75.04,4,585,589,0.68,240,21,589,40.75,3.57,147,120,589,24.96,20.37,20,78,589,3.4,13.24,58,115,155,91,588,9.86,19.56,26.36,15.48
N20002024,Derg_G2,127,554,681,22.92,81.35,5,676,681,0.73,251,17,683,36.75,2.49,166,171,682,24.34,25.07,43,56,681,6.31,8.22,104,110,216,94,680,15.29,16.18,31.76,13.82
N20002025,Derg_G3,182,516,698,35.27,73.93,8,690,698,1.15,333,28,698,47.71,4.01,166,140,697,23.82,20.09,42,64,698,6.02,9.17,112,137,186,128,698,16.05,19.63,26.65,18.34
N20002026,Derg_H4,100,343,443,29.15,77.43,4,439,443,0.9,184,10,443,41.53,2.26,162,77,443,36.57,17.38,17,64,443,3.84,14.45,21,51,168,74,443,4.74,11.51,37.92,16.7
N20002027,Derg_H5,89,317,406,28.08,78.08,4,402,406,0.99,109,52,406,26.85,12.81,129,54,406,31.77,13.3,10,72,406,2.46,17.73,15,68,118,127,406,3.69,16.75,29.06,31.28
N20002028,Derg_H6,127,426,553,29.81,77.03,7,546,553,1.27,229,28,553,41.41,5.06,160,89,553,28.93,16.09,22,54,553,3.98,9.76,47,110,168,108,553,8.5,19.89,30.38,19.53
N20002029,Erne_East_A1,186,476,662,39.08,71.9,9,653,662,1.36,312,32,661,47.2,4.84,119,150,663,17.95,22.62,31,35,663,4.68,5.28,78,149,216,59,661,11.8,22.54,32.68,8.93
N20002030,Erne_East_A2,137,440,577,31.14,76.26,4,573,577,0.69,258,11,577,44.71,1.91,110,145,577,19.06,25.13,39,42,577,6.76,7.28,89,130,136,62,574,15.51,22.65,23.69,10.8
N20002031,Erne_East_B1,180,545,725,33.03,75.17,12,714,726,1.65,322,34,726,44.35,4.68,128,186,726,17.63,25.62,50,44,725,6.9,6.07,85,159,199,113,726,11.71,21.9,27.41,15.56
N20002032,Erne_East_A3,151,443,594,34.09,74.58,18,576,594,3.03,271,28,593,45.7,4.72,102,152,593,17.2,25.63,36,33,594,6.06,5.56,115,114,165,57,594,19.36,19.19,27.78,9.6
N20002033,Erne_East_A4,93,237,330,39.24,71.82,3,326,329,0.91,151,18,330,45.76,5.45,63,77,329,19.15,23.4,23,19,328,7.01,5.79,91,51,72,33,329,27.66,15.5,21.88,10.03
N20002034,Erne_East_C1,75,285,360,26.32,79.17,9,351,360,2.5,98,50,360,27.22,13.89,85,67,360,23.61,18.61,15,39,358,4.19,10.89,34,37,84,113,360,9.44,10.28,23.33,31.39
N20002035,Erne_East_C2,102,361,463,28.25,77.97,11,451,462,2.38,153,48,462,33.12,10.39,87,96,462,18.83,20.78,19,54,462,4.11,11.69,50,83,136,121,461,10.85,18,29.5,26.25
N20002036,Erne_East_C3,122,356,478,34.27,74.48,13,465,478,2.72,194,55,478,40.59,11.51,83,125,478,17.36,26.15,22,48,480,4.58,10,56,103,89,130,478,11.72,21.55,18.62,27.2
N20002037,Erne_East_B2,216,591,807,36.55,73.23,11,796,807,1.36,371,50,808,45.92,6.19,159,170,806,19.73,21.09,50,49,807,6.2,6.07,119,163,234,149,807,14.75,20.2,29,18.46
N20002038,Erne_East_B3,224,606,830,36.96,73.01,12,820,832,1.44,357,56,832,42.91,6.73,159,186,831,19.13,22.38,40,58,831,4.81,6.98,124,151,276,115,830,14.94,18.19,33.25,13.86
N20002039,Erne_East_A5,161,538,699,29.93,76.97,18,680,698,2.58,254,35,698,36.39,5.01,130,173,699,18.6,24.75,47,36,699,6.72,5.15,111,149,213,62,698,15.9,21.35,30.52,8.88
N20002040,Erne_East_D1,212,541,753,39.19,71.85,19,734,753,2.52,306,84,754,40.58,11.14,136,174,754,18.04,23.08,46,59,752,6.12,7.85,99,167,211,141,752,13.16,22.21,28.06,18.75
N20002041,Erne_East_C4,134,464,598,28.88,77.59,8,590,598,1.34,252,14,599,42.07,2.34,135,155,598,22.58,25.92,33,48,599,5.51,8.01,93,106,188,59,600,15.5,17.67,31.33,9.83
N20002042,Erne_East_D2,142,382,524,37.17,72.9,17,506,523,3.25,137,114,523,26.2,21.80,172,63,525,32.76,12,10,86,524,1.91,16.41,10,69,89,261,526,1.9,13.12,16.92,49.62
N20002043,Erne_East_D3,38,287,325,13.24,88.31,5,320,325,1.54,46,17,325,14.15,5.23,119,61,323,36.84,18.89,14,56,325,4.31,17.23,12,32,69,91,325,3.69,9.85,21.23,28
N20002044,Erne_East_E1,136,388,524,35.05,74.05,8,516,524,1.53,215,26,524,41.03,4.96,113,137,524,21.56,26.15,30,39,523,5.74,7.46,49,114,172,82,524,9.35,21.76,32.82,15.65
N20002045,Erne_East_D4,63,277,340,22.74,81.47,6,334,340,1.76,53,65,340,15.59,19.12,119,33,340,35,9.71,7,76,340,2.06,22.35,5,35,66,139,340,1.47,10.29,19.41,40.88
N20002046,Erne_East_D5,152,486,638,31.28,76.18,9,629,638,1.41,219,46,638,34.33,7.21,138,174,638,21.63,27.27,48,64,639,7.51,10.02,102,163,100,89,635,16.06,25.67,15.75,14.02
N20002047,Erne_East_D6,128,312,440,41.03,70.91,6,434,440,1.36,181,61,440,41.14,13.86,62,109,441,14.06,24.72,22,18,440,5,4.09,61,95,113,113,441,13.83,21.54,25.62,25.62
N20002048,Erne_East_E2,149,447,596,33.33,75,8,588,596,1.34,234,43,597,39.2,7.20,115,143,596,19.3,23.99,28,64,597,4.69,10.72,61,125,185,104,596,10.23,20.97,31.04,17.45
N20002049,Erne_East_B4,94,366,460,25.68,79.57,6,455,461,1.3,109,46,461,23.64,9.98,146,92,462,31.6,19.91,19,61,460,4.13,13.26,48,69,88,132,461,10.41,14.97,19.09,28.63
N20002050,Erne_East_E3,124,364,488,34.07,74.59,9,479,488,1.84,168,69,486,34.57,14.20,86,125,486,17.7,25.72,27,36,485,5.57,7.42,70,87,140,86,488,14.34,17.83,28.69,17.62
N20002051,Erne_East_F1,147,549,696,26.78,78.88,7,688,695,1.01,261,35,695,37.55,5.04,148,161,696,21.26,23.13,42,56,697,6.03,8.03,118,142,172,100,696,16.95,20.4,24.71,14.37
N20002052,Erne_East_E4,163,438,601,37.21,72.88,4,597,601,0.67,261,57,600,43.5,9.50,107,139,601,17.8,23.13,37,49,599,6.18,8.18,103,109,158,111,601,17.14,18.14,26.29,18.47
N20002053,Erne_East_E5,153,418,571,36.6,73.2,9,559,568,1.58,200,51,567,35.27,8.99,146,105,569,25.66,18.45,22,70,569,3.87,12.3,52,82,141,149,568,9.15,14.44,24.82,26.23
N20002054,Erne_East_F2,128,451,579,28.38,77.89,12,567,579,2.07,161,80,577,27.9,13.86,152,109,577,26.34,18.89,14,91,579,2.42,15.72,36,75,131,216,580,6.21,12.93,22.59,37.24
N20002055,Erne_East_F3,239,574,813,41.64,70.6,11,801,812,1.35,431,25,813,53.01,3.08,139,189,811,17.14,23.3,44,60,811,5.43,7.4,114,172,256,95,812,14.04,21.18,31.53,11.7
N20002056,Erne_East_F4,127,350,477,36.29,73.38,7,470,477,1.47,229,26,477,48.01,5.45,97,113,477,20.34,23.69,24,32,477,5.03,6.71,51,97,141,60,476,10.71,20.38,29.62,12.61
N20002057,Erne_West_A1,131,468,599,27.99,78.13,3,599,602,0.5,224,28,599,37.4,4.67,128,168,598,21.4,28.09,32,43,600,5.33,7.17,82,117,132,84,598,13.71,19.57,22.07,14.05
N20002058,Erne_West_A2,181,543,724,33.33,75,14,711,725,1.93,339,25,724,46.82,3.45,147,184,722,20.36,25.48,42,61,723,5.81,8.44,94,133,208,98,724,12.98,18.37,28.73,13.54
N20002059,Erne_West_A3,93,320,413,29.06,77.48,14,399,413,3.39,142,33,411,34.55,8.03,70,130,413,16.95,31.48,29,29,414,7,7,67,72,93,77,413,16.22,17.43,22.52,18.64
N20002060,Erne_West_B1,131,497,628,26.36,79.14,10,618,628,1.59,193,60,629,30.68,9.54,152,145,627,24.24,23.13,27,87,627,4.31,13.88,63,68,179,145,628,10.03,10.83,28.5,23.09
N20002061,Erne_West_C1,192,686,878,27.99,78.13,11,867,878,1.25,368,18,878,41.91,2.05,146,288,878,16.63,32.8,74,70,878,8.43,7.97,231,127,197,72,878,26.31,14.46,22.44,8.2
N20002062,Erne_West_D1,183,401,584,45.64,68.66,5,579,584,0.86,315,28,584,53.94,4.79,85,169,584,14.55,28.94,33,30,584,5.65,5.14,121,158,139,74,585,20.68,27.01,23.76,12.65
N20002063,Erne_West_A4,107,429,536,24.94,80.04,2,534,536,0.37,197,17,538,36.62,3.16,119,152,535,22.24,28.41,27,37,536,5.04,6.9,72,98,126,71,536,13.43,18.28,23.51,13.25
N20002064,Erne_West_D2,107,352,459,30.4,76.69,7,452,459,1.53,217,15,459,47.28,3.27,76,118,458,16.59,25.76,36,32,459,7.84,6.97,65,116,136,53,459,14.16,25.27,29.63,11.55
N20002065,Erne_West_C2,169,554,723,30.51,76.63,14,709,723,1.94,333,39,723,46.06,5.39,107,215,723,14.8,29.74,65,28,723,8.99,3.87,118,163,220,69,722,16.34,22.58,30.47,9.56
N20002066,Erne_West_B2,204,743,947,27.46,78.46,9,938,947,0.95,386,20,950,40.63,2.11,172,276,947,18.16,29.14,58,62,947,6.12,6.55,132,245,220,121,947,13.94,25.87,23.23,12.78
N20002067,Erne_West_D3,97,386,483,25.13,79.92,6,477,483,1.24,180,26,483,37.27,5.38,94,118,483,19.46,24.43,23,31,480,4.79,6.46,60,112,148,44,483,12.42,23.19,30.64,9.11
N20002068,Erne_West_C3,154,510,664,30.2,76.81,11,653,664,1.66,246,57,663,37.1,8.60,127,163,663,19.16,24.59,36,67,664,5.42,10.09,99,102,164,161,664,14.91,15.36,24.7,24.25
N20002069,Erne_West_E1,271,534,805,50.75,66.34,14,791,805,1.74,436,81,805,54.16,10.06,75,231,804,9.33,28.73,54,19,805,6.71,2.36,144,220,221,134,805,17.89,27.33,27.45,16.65
N20002070,Erne_West_E2,128,322,450,39.75,71.56,14,434,448,3.13,226,21,447,50.56,4.70,59,127,449,13.14,28.29,40,23,448,8.93,5.13,98,115,67,52,449,21.83,25.61,14.92,11.58
N20002071,Erne_West_C4,155,494,649,31.38,76.12,6,643,649,0.92,274,37,649,42.22,5.70,154,144,648,23.77,22.22,40,49,646,6.19,7.59,100,149,170,66,649,15.41,22.96,26.19,10.17
N20002072,Erne_West_D4,108,360,468,30,76.92,4,465,469,0.85,209,16,470,44.47,3.40,73,122,469,15.57,26.01,38,27,469,8.1,5.76,69,93,150,45,469,14.71,19.83,31.98,9.59
N20002073,Erne_West_D5,174,514,688,33.85,74.71,7,681,688,1.02,290,40,688,42.15,5.81,99,192,688,14.39,27.91,53,37,685,7.74,5.4,105,169,162,106,688,15.26,24.56,23.55,15.41
N20002074,Erne_West_F1,128,363,491,35.26,73.93,13,478,491,2.65,224,16,490,45.71,3.27,100,121,491,20.37,24.64,38,44,487,7.8,9.03,98,92,125,49,490,20,18.78,25.51,10
N20002075,Erne_West_E3,130,416,546,31.25,76.19,5,541,546,0.92,223,27,546,40.84,4.95,123,134,546,22.53,24.54,33,34,546,6.04,6.23,95,90,161,68,546,17.4,16.48,29.49,12.45
N20002076,Erne_West_F2,115,403,518,28.54,77.8,5,513,518,0.97,194,23,519,37.38,4.43,115,127,518,22.2,24.52,28,44,518,5.41,8.49,83,87,127,62,518,16.02,16.8,24.52,11.97
N20002077,Erne_West_E4,177,524,701,33.78,74.75,8,693,701,1.14,304,41,701,43.37,5.85,131,180,701,18.69,25.68,41,39,698,5.87,5.59,127,114,186,150,701,18.12,16.26,26.53,21.4
N20002078,Erne_West_F3,103,354,457,29.1,77.46,5,452,457,1.09,192,11,457,42.01,2.41,85,130,457,18.6,28.45,41,20,457,8.97,4.38,86,103,128,35,458,18.78,22.49,27.95,7.64
N20002079,Erne_West_F4,210,512,722,41.02,70.91,4,719,723,0.55,341,45,723,47.16,6.22,140,176,723,19.36,24.34,41,35,725,5.66,4.83,110,151,230,74,723,15.21,20.89,31.81,10.24
N20002080,Erne_West_F5,159,369,528,43.09,69.89,3,525,528,0.57,273,29,523,52.2,5.54,95,128,527,18.03,24.29,32,31,528,6.06,5.87,67,117,175,59,528,12.69,22.16,33.14,11.17
N20002081,Enniskillen_A1,97,408,505,23.77,80.79,4,501,505,0.79,159,25,505,31.49,4.95,74,146,507,14.6,28.8,47,29,505,9.31,5.74,58,124,93,75,506,11.46,24.51,18.38,14.82
N20002082,Enniskillen_A2,87,333,420,26.13,79.29,5,413,418,1.2,164,10,420,39.05,2.38,84,121,420,20,28.81,31,25,420,7.38,5.95,84,104,83,37,420,20,24.76,19.76,8.81
N20002083,Enniskillen_A3,82,382,464,21.47,82.33,5,459,464,1.08,143,27,465,30.75,5.81,72,147,464,15.52,31.68,43,40,464,9.27,8.62,95,80,94,54,464,20.47,17.24,20.26,11.64
N20002084,Enniskillen_A4,108,420,528,25.71,79.55,7,521,528,1.33,179,19,528,33.9,3.60,85,125,527,16.13,23.72,37,23,528,7.01,4.36,77,99,92,80,528,14.58,18.75,17.42,15.15
N20002085,Enniskillen_D1,26,204,230,12.75,88.7,2,228,230,0.87,48,6,227,21.15,2.64,38,80,230,16.52,34.78,19,12,232,8.19,5.17,24,49,30,38,231,10.39,21.21,12.99,16.45
N20002086,Enniskillen_B1,154,576,730,26.74,78.9,20,710,730,2.74,158,125,732,21.58,17.08,216,159,730,29.59,21.78,67,90,730,9.18,12.33,23,80,80,322,727,3.16,11,11,44.29
N20002087,Enniskillen_D2,172,397,569,43.32,69.77,8,561,569,1.41,272,68,569,47.8,11.95,42,204,569,7.38,35.85,62,16,569,10.9,2.81,181,140,107,90,569,31.81,24.6,18.8,15.82
N20002088,Enniskillen_F1,132,398,530,33.17,75.09,3,526,529,0.57,222,50,530,41.89,9.43,80,171,531,15.07,32.2,33,29,530,6.23,5.47,116,164,103,86,530,21.89,30.94,19.43,16.23
N20002089,Enniskillen_B2,80,250,330,32,75.76,10,320,330,3.03,48,92,330,14.55,27.88,82,46,330,24.85,13.94,7,52,330,2.12,15.76,19,49,39,171,330,5.76,14.85,11.82,51.82
N20002090,Enniskillen_C1,144,426,570,33.8,74.74,13,558,571,2.28,267,30,570,46.84,5.26,84,184,570,14.74,32.28,38,24,569,6.68,4.22,140,175,109,75,570,24.56,30.7,19.12,13.16
N20002091,Enniskillen_B3,66,339,405,19.47,83.7,13,392,405,3.21,74,45,405,18.27,11.11,120,74,405,29.63,18.27,7,55,405,1.73,13.58,21,55,78,119,404,5.2,13.61,19.31,29.46
N20002092,Enniskillen_C2,147,439,586,33.49,74.91,13,573,586,2.22,192,88,586,32.76,15.02,142,103,586,24.23,17.58,17,53,586,2.9,9.04,29,137,144,215,586,4.95,23.38,24.57,36.69
N20002093,Enniskillen_C3,148,441,589,33.56,74.87,15,574,589,2.55,229,65,591,38.75,11.00,106,133,589,18,22.58,40,47,589,6.79,7.98,67,158,126,144,588,11.39,26.87,21.43,24.49
N20002094,Enniskillen_D3,128,460,588,27.83,78.23,11,577,588,1.87,203,52,588,34.52,8.84,62,199,588,10.54,33.84,56,26,587,9.54,4.43,132,181,109,85,588,22.45,30.78,18.54,14.46
N20002095,Enniskillen_B4,124,436,560,28.44,77.86,11,549,560,1.96,139,90,559,24.87,16.10,176,90,561,31.37,16.04,15,73,559,2.68,13.06,20,112,80,206,560,3.57,20,14.29,36.79
N20002096,Enniskillen_E1,51,282,333,18.09,84.68,13,322,335,3.88,29,43,335,8.66,12.84,87,88,332,26.2,26.51,13,41,333,3.9,12.31,12,56,47,128,332,3.61,16.87,14.16,38.55
N20002097,Enniskillen_C4,98,384,482,25.52,79.67,6,475,481,1.25,181,23,481,37.63,4.78,83,155,480,17.29,32.29,42,33,481,8.73,6.86,93,101,80,76,481,19.33,21,16.63,15.8
N20002098,Enniskillen_B5,102,539,641,18.92,84.09,16,625,641,2.5,130,57,643,20.22,8.86,186,158,640,29.06,24.69,36,103,641,5.62,16.07,40,90,117,187,641,6.24,14.04,18.25,29.17
N20002099,Enniskillen_F2,54,327,381,16.51,85.83,6,375,381,1.57,112,8,381,29.4,2.10,58,151,381,15.22,39.63,51,30,380,13.42,7.89,83,71,48,31,381,21.78,18.64,12.6,8.14
N20002100,Enniskillen_G1,135,386,521,34.97,74.09,7,514,521,1.34,228,20,520,43.85,3.85,88,131,521,16.89,25.14,44,25,520,8.46,4.81,98,124,109,52,521,18.81,23.8,20.92,9.98
N20002101,Enniskillen_E2,47,175,222,26.86,78.83,1,221,222,0.45,41,30,222,18.47,13.51,49,40,220,22.27,18.18,9,28,222,4.05,12.61,11,49,36,79,219,5.02,22.37,16.44,36.07
N20002102,Enniskillen_F3,86,428,514,20.09,83.27,6,508,514,1.17,130,20,515,25.24,3.88,113,155,517,21.86,29.98,46,41,516,8.91,7.95,96,101,92,75,516,18.6,19.57,17.83,14.53
N20002103,Enniskillen_E3,89,317,406,28.08,78.08,8,399,407,1.97,79,74,407,19.41,18.18,97,76,406,23.89,18.72,6,53,408,1.47,12.99,7,94,83,137,406,1.72,23.15,20.44,33.74
N20002104,Enniskillen_F4,89,338,427,26.33,79.16,4,424,428,0.93,146,36,427,34.19,8.43,83,117,427,19.44,27.4,26,31,428,6.07,7.24,52,99,124,68,425,12.24,23.29,29.18,16
N20002105,Enniskillen_E4,29,239,268,12.13,89.18,2,266,268,0.75,42,15,268,15.67,5.60,71,91,268,26.49,33.96,15,31,268,5.6,11.57,23,67,32,60,268,8.58,25,11.94,22.39
N20002106,Enniskillen_D4,134,366,500,36.61,73.2,11,489,500,2.2,167,67,500,33.4,13.40,127,95,500,25.4,19,15,58,500,3,11.6,36,90,117,162,498,7.23,18.07,23.49,32.53
N20002107,Enniskillen_E5,42,336,378,12.5,88.89,4,374,378,1.06,55,22,377,14.59,5.84,131,81,376,34.84,21.54,23,68,377,6.1,18.04,29,48,59,139,378,7.67,12.7,15.61,36.77
N20002108,Enniskillen_D5,115,476,591,24.16,80.54,14,577,591,2.37,172,49,592,29.05,8.28,162,108,591,27.41,18.27,16,63,589,2.72,10.7,34,115,154,154,591,5.75,19.46,26.06,26.06
N20002109,Enniskillen_G2,136,347,483,39.19,71.84,13,469,482,2.7,225,30,483,46.58,6.21,59,158,483,12.22,32.71,40,20,484,8.26,4.13,132,87,137,39,483,27.33,18.01,28.36,8.07
N20002110,Enniskillen_H1,61,203,264,30.05,76.89,6,258,264,2.27,82,42,264,31.06,15.91,67,55,265,25.28,20.75,11,16,264,4.17,6.06,13,38,58,69,264,4.92,14.39,21.97,26.14
N20002111,Enniskillen_H2,110,365,475,30.14,76.84,8,467,475,1.68,192,28,478,40.17,5.86,73,161,474,15.4,33.97,62,25,475,13.05,5.26,128,93,34,44,476,26.89,19.54,7.14,9.24
N20002112,Enniskillen_H3,48,291,339,16.49,85.84,7,332,339,2.06,84,20,340,24.71,5.88,62,134,340,18.24,39.41,55,16,339,16.22,4.72,73,85,32,34,338,21.6,25.15,9.47,10.06
N20002113,Enniskillen_F5,93,395,488,23.54,80.94,4,484,488,0.82,195,15,491,39.71,3.05,58,202,488,11.89,41.39,71,10,488,14.55,2.05,161,98,40,40,491,32.79,19.96,8.15,8.15
N20002114,Enniskillen_H4,67,292,359,22.95,81.34,1,358,359,0.28,115,24,361,31.86,6.65,51,118,359,14.21,32.87,42,16,360,11.67,4.44,56,96,40,46,359,15.6,26.74,11.14,12.81
N20002115,Enniskillen_H5,78,276,354,28.26,77.97,3,351,354,0.85,127,21,354,35.88,5.93,59,114,354,16.67,32.2,31,23,354,8.76,6.5,83,95,46,34,354,23.45,26.84,12.99,9.6
N20002116,Enniskillen_H6,118,411,529,28.71,77.69,22,504,526,4.18,164,59,528,31.06,11.17,145,74,525,27.62,14.1,11,79,525,2.1,15.05,12,87,115,212,526,2.28,16.54,21.86,40.3
N20002117,Enniskillen_G3,87,368,455,23.64,80.88,8,447,455,1.76,152,35,455,33.41,7.69,99,98,455,21.76,21.54,24,37,455,5.27,8.13,56,77,112,117,455,12.31,16.92,24.62,25.71
N20002118,Enniskillen_G4,94,303,397,31.02,76.32,2,393,395,0.51,157,18,394,39.85,4.57,61,105,395,15.44,26.58,24,24,390,6.15,6.15,48,98,113,49,395,12.15,24.81,28.61,12.41
N20002119,Enniskillen_G5,117,368,485,31.79,75.88,3,483,486,0.62,179,57,483,37.06,11.80,74,105,485,15.26,21.65,22,46,486,4.53,9.47,55,112,116,112,485,11.34,23.09,23.92,23.09
N20002120,Enniskillen_G6,139,422,561,32.94,75.22,8,553,561,1.43,214,53,563,38.01,9.41,67,153,561,11.94,27.27,45,24,561,8.02,4.28,72,153,134,100,562,12.81,27.22,23.84,17.79
N20002121,Erne_North_B1,153,479,632,31.94,75.79,17,615,632,2.69,284,30,633,44.87,4.74,125,147,633,19.75,23.22,25,42,632,3.96,6.65,60,168,199,65,635,9.45,26.46,31.34,10.24
N20002122,Erne_North_A1,167,501,668,33.33,75,10,658,668,1.5,328,21,668,49.1,3.14,135,150,668,20.21,22.46,43,53,668,6.44,7.93,100,116,199,81,668,14.97,17.37,29.79,12.13
N20002123,Erne_North_C1,103,416,519,24.76,80.15,8,512,520,1.54,192,22,520,36.92,4.23,119,124,519,22.93,23.89,25,51,519,4.82,9.83,49,96,157,95,520,9.42,18.46,30.19,18.27
N20002124,Erne_North_A2,99,424,523,23.35,81.07,9,514,523,1.72,116,73,522,22.22,13.98,128,124,523,24.47,23.71,32,68,522,6.13,13.03,50,79,106,148,525,9.52,15.05,20.19,28.19
N20002125,Erne_North_B2,113,372,485,30.38,76.7,5,479,484,1.03,205,30,483,42.44,6.21,86,138,484,17.77,28.51,33,33,487,6.78,6.78,80,92,128,69,484,16.53,19.01,26.45,14.26
N20002126,Erne_North_A3,77,439,516,17.54,85.08,14,502,516,2.71,85,50,515,16.5,9.71,187,94,516,36.24,18.22,16,87,517,3.09,16.83,30,76,106,144,516,5.81,14.73,20.54,27.91
N20002127,Erne_North_A4,162,414,576,39.13,71.88,5,571,576,0.87,284,53,573,49.56,9.25,77,149,576,13.37,25.87,29,31,576,5.03,5.38,82,170,127,101,577,14.21,29.46,22.01,17.5
N20002128,Erne_North_B3,106,357,463,29.69,77.11,12,452,464,2.59,177,29,464,38.15,6.25,87,120,463,18.79,25.92,38,33,465,8.17,7.1,41,85,102,119,462,8.87,18.4,22.08,25.76
N20002129,Erne_North_C2,164,452,616,36.28,73.38,8,608,616,1.3,299,34,615,48.62,5.53,97,138,615,15.77,22.44,44,31,616,7.14,5.03,91,141,170,83,616,14.77,22.89,27.6,13.47
N20002130,Erne_North_C3,168,495,663,33.94,74.66,5,658,663,0.75,303,11,660,45.91,1.67,111,159,663,16.74,23.98,52,36,663,7.84,5.43,88,178,173,68,663,13.27,26.85,26.09,10.26
N20002131,Erne_North_B4,64,367,431,17.44,85.15,10,421,431,2.32,65,40,430,15.12,9.30,126,102,431,29.23,23.67,21,77,429,4.9,17.95,26,55,81,133,431,6.03,12.76,18.79,30.86
N20002132,Erne_North_D1,146,301,447,48.5,67.34,5,444,449,1.11,197,80,447,44.07,17.90,46,110,444,10.36,24.77,21,38,446,4.71,8.52,59,138,97,97,447,13.2,30.87,21.7,21.7
N20002133,Erne_North_D2,175,379,554,46.17,68.41,15,539,554,2.71,256,77,554,46.21,13.90,86,115,555,15.5,20.72,23,41,554,4.15,7.4,77,139,110,169,553,13.92,25.14,19.89,30.56
N20002134,Erne_North_D3,74,350,424,21.14,82.55,4,420,424,0.94,92,51,424,21.7,12.03,161,61,424,37.97,14.39,7,75,426,1.64,17.61,17,75,66,125,423,4.02,17.73,15.6,29.55
N20002135,Erne_North_D4,73,278,351,26.26,79.2,4,347,351,1.14,129,24,351,36.75,6.84,62,102,351,17.66,29.06,35,33,350,10,9.43,60,92,65,52,351,17.09,26.21,18.52,14.81
N20002136,Erne_North_D5,11,141,152,7.8,92.76,0,151,151,0,15,8,150,10,5.33,67,35,152,44.08,23.03,5,37,152,3.29,24.34,8,16,17,43,152,5.26,10.53,11.18,28.29
N20002137,Erne_North_B5,114,410,524,27.8,78.24,9,515,524,1.72,172,52,525,32.76,9.90,100,149,524,19.08,28.44,43,47,524,8.21,8.97,43,99,117,128,526,8.17,18.82,22.24,24.33
N20002138,Erne_North_D6,94,303,397,31.02,76.32,6,391,397,1.51,84,92,394,21.32,23.35,118,86,395,29.87,21.77,8,80,395,2.03,20.25,22,40,55,197,396,5.56,10.1,13.89,49.75
N20002139,Erne_North_F1,160,484,644,33.06,75.16,7,636,643,1.09,307,21,645,47.6,3.26,123,157,646,19.04,24.3,54,22,644,8.39,3.42,138,157,163,57,644,21.43,24.38,25.31,8.85
N20002140,Erne_North_E1,97,366,463,26.5,79.05,7,457,464,1.51,145,50,463,31.32,10.80,84,97,463,18.14,20.95,20,27,463,4.32,5.83,36,157,91,87,464,7.76,33.84,19.61,18.75
N20002141,Erne_North_E2,78,301,379,25.91,79.42,8,371,379,2.11,106,45,379,27.97,11.87,73,93,376,19.41,24.73,24,33,378,6.35,8.73,47,122,65,64,379,12.4,32.19,17.15,16.89
N20002142,Erne_North_F2,187,509,696,36.74,73.13,9,688,697,1.29,349,38,698,50,5.44,126,178,693,18.18,25.69,43,38,694,6.2,5.48,110,154,218,103,697,15.78,22.09,31.28,14.78
N20002143,Erne_North_E3,95,427,522,22.25,81.8,7,515,522,1.34,169,22,522,32.38,4.21,77,151,523,14.72,28.87,45,32,522,8.62,6.13,81,148,107,58,522,15.52,28.35,20.5,11.11
N20002144,Erne_North_F3,194,475,669,40.84,71,13,656,669,1.94,355,33,669,53.06,4.93,103,173,668,15.42,25.9,33,36,669,4.93,5.38,104,203,176,86,671,15.5,30.25,26.23,12.82
N20002145,Erne_North_G1,125,455,580,27.47,78.45,4,576,580,0.69,243,24,584,41.61,4.11,93,162,580,16.03,27.93,39,30,579,6.74,5.18,101,108,135,66,580,17.41,18.62,23.28,11.38
N20002146,Erne_North_G2,94,364,458,25.82,79.48,8,450,458,1.75,113,56,458,24.67,12.23,128,95,455,28.13,20.88,20,65,459,4.36,14.16,13,89,84,126,458,2.84,19.43,18.34,27.51
N20002147,Erne_North_F4,172,463,635,37.15,72.91,8,627,635,1.26,281,56,633,44.39,8.85,121,159,635,19.06,25.04,41,29,635,6.46,4.57,96,113,225,82,637,15.07,17.74,35.32,12.87
N20002148,Erne_North_G3,132,511,643,25.83,79.47,5,638,643,0.78,251,22,643,39.04,3.42,107,184,643,16.64,28.62,45,47,643,7,7.31,105,160,153,66,643,16.33,24.88,23.79,10.26
N20002149,Erne_North_G4,124,326,450,38.04,72.44,6,446,452,1.33,93,130,452,20.58,28.76,111,71,452,24.56,15.71,8,53,452,1.77,11.73,12,97,63,227,452,2.65,21.46,13.94,50.22
N20002150,West_Tyrone_A1,74,311,385,23.79,80.78,1,381,382,0.26,139,3,387,35.92,0.78,73,114,385,18.96,29.61,34,21,387,8.79,5.43,51,98,65,70,385,13.25,25.45,16.88,18.18
N20002151,West_Tyrone_A2,111,430,541,25.81,79.48,1,539,540,0.19,218,20,540,40.37,3.70,100,172,540,18.52,31.85,51,28,540,9.44,5.19,110,119,132,31,541,20.33,22,24.4,5.73
N20002152,West_Tyrone_B1,111,403,514,27.54,78.4,5,508,513,0.97,190,40,514,36.96,7.78,145,106,513,28.27,20.66,29,68,513,5.65,13.26,67,104,119,115,516,12.98,20.16,23.06,22.29
N20002153,West_Tyrone_A3,98,428,526,22.9,81.37,5,521,526,0.95,190,14,526,36.12,2.66,95,140,526,18.06,26.62,53,44,525,10.1,8.38,85,126,127,57,528,16.1,23.86,24.05,10.8
N20002154,West_Tyrone_B2,134,384,518,34.9,74.13,11,507,518,2.12,201,52,518,38.8,10.04,141,102,517,27.27,19.73,29,54,518,5.6,10.42,51,93,134,147,518,9.85,17.95,25.87,28.38
N20002155,West_Tyrone_B3,187,468,655,39.96,71.45,6,649,655,0.92,311,36,656,47.41,5.49,137,133,655,20.92,20.31,22,57,657,3.35,8.68,75,121,223,124,655,11.45,18.47,34.05,18.93
N20002156,West_Tyrone_A4,133,441,574,30.16,76.83,4,569,573,0.7,273,16,573,47.64,2.79,86,190,573,15.01,33.16,58,30,575,10.09,5.22,152,159,94,48,573,26.53,27.75,16.4,8.38
N20002157,West_Tyrone_C1,199,389,588,51.16,66.16,4,584,588,0.68,355,20,589,60.27,3.40,70,158,586,11.95,26.96,57,24,585,9.74,4.1,147,144,142,58,588,25,24.49,24.15,9.86
N20002158,West_Tyrone_A5,102,372,474,27.42,78.48,6,468,474,1.27,190,27,474,40.08,5.70,103,128,473,21.78,27.06,24,36,474,5.06,7.59,84,97,121,62,474,17.72,20.46,25.53,13.08
N20002159,West_Tyrone_C2,98,283,381,34.63,74.28,13,368,381,3.41,146,33,381,38.32,8.66,68,99,379,17.94,26.12,31,33,381,8.14,8.66,75,70,81,57,380,19.74,18.42,21.32,15
N20002160,West_Tyrone_E1,160,531,691,30.13,76.85,7,684,691,1.01,279,38,691,40.38,5.50,136,161,691,19.68,23.3,40,44,689,5.81,6.39,89,198,178,99,691,12.88,28.65,25.76,14.33
N20002161,West_Tyrone_C3,235,543,778,43.28,69.79,7,771,778,0.9,421,21,781,53.91,2.69,146,186,778,18.77,23.91,49,81,777,6.31,10.42,134,155,222,66,779,17.2,19.9,28.5,8.47
N20002162,West_Tyrone_E2,148,414,562,35.75,73.67,5,557,562,0.89,271,19,562,48.22,3.38,116,122,562,20.64,21.71,32,43,563,5.68,7.64,99,124,169,74,562,17.62,22.06,30.07,13.17
N20002163,West_Tyrone_E3,86,291,377,29.55,77.19,5,372,377,1.33,150,22,379,39.58,5.80,67,95,378,17.72,25.13,23,33,376,6.12,8.78,50,83,83,64,378,13.23,21.96,21.96,16.93
N20002164,West_Tyrone_F1,233,624,857,37.34,72.81,9,848,857,1.05,392,77,858,45.69,8.97,135,251,857,15.75,29.29,69,50,856,8.06,5.84,163,231,199,127,857,19.02,26.95,23.22,14.82
N20002165,West_Tyrone_C4,154,445,599,34.61,74.29,7,591,598,1.17,277,24,598,46.32,4.01,129,123,598,21.57,20.57,37,40,597,6.2,6.7,88,99,204,66,598,14.72,16.56,34.11,11.04
N20002166,West_Tyrone_G1,110,209,319,52.63,65.52,12,308,320,3.75,180,37,318,56.6,11.64,56,73,318,17.61,22.96,14,35,321,4.36,10.9,50,57,97,90,319,15.67,17.87,30.41,28.21
N20002167,West_Tyrone_G2,54,233,287,23.18,81.18,8,279,287,2.79,65,38,288,22.57,13.19,90,38,288,31.25,13.19,4,49,290,1.38,16.9,7,44,53,107,287,2.44,15.33,18.47,37.28
N20002168,West_Tyrone_F2,161,552,713,29.17,77.42,6,707,713,0.84,305,13,713,42.78,1.82,115,198,712,16.15,27.81,65,47,714,9.1,6.58,142,133,209,58,712,19.94,18.68,29.35,8.15
N20002169,West_Tyrone_G3,83,267,350,31.09,76.29,5,345,350,1.43,139,27,350,39.71,7.71,78,86,349,22.35,24.64,18,43,351,5.13,12.25,67,58,57,86,349,19.2,16.62,16.33,24.64
N20002170,West_Tyrone_D1,75,287,362,26.13,79.28,10,352,362,2.76,71,59,367,19.35,16.08,146,53,362,40.33,14.64,13,96,362,3.59,26.52,18,34,68,153,362,4.97,9.39,18.78,42.27
N20002171,West_Tyrone_D2,144,408,552,35.29,73.91,12,540,552,2.17,204,69,552,36.96,12.50,123,118,552,22.28,21.38,23,81,552,4.17,14.67,37,120,136,158,552,6.7,21.74,24.64,28.62
N20002172,West_Tyrone_D3,46,257,303,17.9,84.82,5,298,303,1.65,48,42,303,15.84,13.86,101,56,303,33.33,18.48,17,60,302,5.63,19.87,14,35,55,99,303,4.62,11.55,18.15,32.67
N20002173,West_Tyrone_F3,142,408,550,34.8,74.18,5,545,550,0.91,265,14,550,48.18,2.55,105,174,549,19.13,31.69,51,33,549,9.29,6.01,82,111,189,58,550,14.91,20.18,34.36,10.55
N20002174,West_Tyrone_G4,192,472,664,40.68,71.08,6,660,666,0.9,320,36,666,48.05,5.41,95,181,666,14.26,27.18,49,40,662,7.4,6.04,108,150,196,79,668,16.17,22.46,29.34,11.83
N20002175,West_Tyrone_E4,133,428,561,31.07,76.29,5,556,561,0.89,230,19,561,41,3.39,109,148,561,19.43,26.38,39,38,561,6.95,6.77,115,88,137,78,562,20.46,15.66,24.38,13.88
N20002176,West_Tyrone_F4,208,537,745,38.73,72.08,5,741,746,0.67,386,29,745,51.81,3.89,155,177,749,20.69,23.63,46,46,745,6.17,6.17,126,141,212,103,746,16.89,18.9,28.42,13.81
N20002177,West_Tyrone_C5,155,454,609,34.14,74.55,4,605,609,0.66,271,53,609,44.5,8.70,132,150,609,21.67,24.63,33,43,609,5.42,7.06,81,118,194,81,608,13.32,19.41,31.91,13.32
N20002178,West_Tyrone_G5,148,383,531,38.64,72.13,8,523,531,1.51,220,40,531,41.43,7.53,115,113,532,21.62,21.24,28,45,531,5.27,8.47,77,93,179,71,531,14.5,17.51,33.71,13.37
N20002179,West_Tyrone_G6,150,307,457,48.86,67.18,2,455,457,0.44,264,34,457,57.77,7.44,62,113,457,13.57,24.73,23,23,456,5.04,5.04,96,81,167,41,457,21.01,17.72,36.54,8.97
N20002180,West_Tyrone_E5,139,442,581,31.45,76.08,3,578,581,0.52,271,14,581,46.64,2.41,104,133,581,17.9,22.89,32,44,580,5.52,7.59,82,110,226,33,583,14.07,18.87,38.77,5.66
N20002181,Omagh_C1,160,420,580,38.1,72.41,9,571,580,1.55,274,51,580,47.24,8.79,87,160,580,15,27.59,33,24,581,5.68,4.13,97,141,142,108,580,16.72,24.31,24.48,18.62
N20002182,Omagh_A1,148,426,574,34.74,74.22,8,566,574,1.39,244,67,575,42.43,11.65,69,168,574,12.02,29.27,39,35,574,6.79,6.1,91,179,159,84,575,15.83,31.13,27.65,14.61
N20002183,Omagh_B1,214,569,783,37.61,72.67,17,766,783,2.17,141,207,783,18.01,26.44,243,93,785,30.96,11.85,12,175,783,1.53,22.35,21,95,118,448,786,2.67,12.09,15.01,57
N20002184,Omagh_B2,151,297,448,50.84,66.29,10,438,448,2.23,141,114,448,31.47,25.45,96,69,448,21.43,15.4,13,66,449,2.9,14.7,25,48,111,227,451,5.54,10.64,24.61,50.33
N20002185,Omagh_A2,70,278,348,25.18,79.89,7,342,349,2.01,95,44,348,27.3,12.64,99,55,348,28.45,15.8,8,44,345,2.32,12.75,21,56,94,108,349,6.02,16.05,26.93,30.95
N20002186,Omagh_A3,63,248,311,25.4,79.74,4,307,311,1.29,113,14,314,35.99,4.46,62,92,311,19.94,29.58,20,14,308,6.49,4.55,46,69,62,57,311,14.79,22.19,19.94,18.33
N20002187,Omagh_A4,87,471,558,18.47,84.41,9,549,558,1.61,177,34,560,31.61,6.07,71,250,558,12.72,44.8,101,30,561,18,5.35,168,131,69,48,557,30.16,23.52,12.39,8.62
N20002188,Omagh_C2,59,211,270,27.96,78.15,3,267,270,1.11,60,46,277,21.66,16.61,106,29,272,38.97,10.66,2,56,270,0.74,20.74,7,36,61,121,269,2.6,13.38,22.68,44.98
N20002189,Omagh_A5,72,320,392,22.5,81.63,1,392,393,0.25,121,29,393,30.79,7.38,101,99,393,25.7,25.19,28,37,393,7.12,9.41,62,90,50,51,393,15.78,22.9,12.72,12.98
N20002190,Omagh_A6,181,488,669,37.09,72.94,16,652,668,2.4,271,89,668,40.57,13.32,94,182,668,14.07,27.25,39,60,666,5.86,9.01,87,174,158,175,669,13,26.01,23.62,26.16
N20002191,Omagh_A7,85,274,359,31.02,76.32,7,352,359,1.95,75,74,358,20.95,20.67,118,52,360,32.78,14.44,7,69,359,1.95,19.22,23,52,42,186,361,6.37,14.4,11.63,51.52
N20002192,Omagh_D1,89,468,557,19.02,84.02,6,551,557,1.08,114,57,557,20.47,10.23,197,93,557,35.37,16.7,24,82,557,4.31,14.72,39,74,100,160,557,7,13.29,17.95,28.73
N20002193,Omagh_C3,97,426,523,22.77,81.45,7,516,523,1.34,159,36,525,30.29,6.86,129,124,523,24.67,23.71,43,45,522,8.24,8.62,52,128,104,76,521,9.98,24.57,19.96,14.59
N20002194,Omagh_C4,78,380,458,20.53,82.97,13,445,458,2.84,60,85,459,13.07,18.52,132,88,457,28.88,19.26,19,86,458,4.15,18.78,39,74,72,152,458,8.52,16.16,15.72,33.19
N20002195,Omagh_D2,35,457,492,7.66,92.89,7,485,492,1.42,42,24,492,8.54,4.88,212,95,492,43.09,19.31,26,95,494,5.26,19.23,32,52,59,153,492,6.5,10.57,11.99,31.1
N20002196,Omagh_E1,137,560,697,24.46,80.34,19,678,697,2.73,234,50,696,33.62,7.18,105,228,697,15.06,32.71,70,66,697,10.04,9.47,155,168,105,99,698,22.21,24.07,15.04,14.18
N20002197,Omagh_E2,85,303,388,28.05,78.09,7,381,388,1.8,102,64,388,26.29,16.49,117,72,390,30,18.46,11,70,388,2.84,18.04,18,64,82,141,389,4.63,16.45,21.08,36.25
N20002198,Omagh_D3,37,304,341,12.17,89.15,4,337,341,1.17,40,23,342,11.7,6.73,104,74,342,30.41,21.64,17,46,343,4.96,13.41,23,49,70,99,341,6.74,14.37,20.53,29.03
N20002199,Omagh_D4,38,242,280,15.7,86.43,3,277,280,1.07,31,41,280,11.07,14.64,91,50,281,32.38,17.79,10,42,281,3.56,14.95,7,40,56,111,280,2.5,14.29,20,39.64
N20002200,Omagh_E3,118,390,508,30.26,76.77,7,502,509,1.38,139,87,506,27.47,17.19,139,66,507,27.42,13.02,10,75,509,1.96,14.73,16,87,101,205,511,3.13,17.03,19.77,40.12
N20002201,Omagh_G1,40,253,293,15.81,86.35,3,290,293,1.02,90,7,292,30.82,2.40,49,93,293,16.72,31.74,30,12,293,10.24,4.1,46,48,59,37,291,15.81,16.49,20.27,12.71
N20002202,Omagh_C5,98,383,481,25.59,79.63,8,473,481,1.66,135,60,482,28.01,12.45,126,98,482,26.14,20.33,20,65,482,4.15,13.49,44,93,78,176,483,9.11,19.25,16.15,36.44
N20002203,Omagh_F1,46,252,298,18.25,84.56,5,293,298,1.68,60,28,299,20.07,9.36,94,49,298,31.54,16.44,8,57,299,2.68,19.06,9,36,66,80,298,3.02,12.08,22.15,26.85
N20002204,Omagh_F2,70,271,341,25.83,79.47,10,331,341,2.93,92,42,341,26.98,12.32,108,56,341,31.67,16.42,8,70,341,2.35,20.53,17,38,43,151,344,4.94,11.05,12.5,43.9
N20002205,Omagh_H1,44,223,267,19.73,83.52,9,258,267,3.37,51,37,267,19.1,13.86,86,45,267,32.21,16.85,12,50,265,4.53,18.87,12,31,51,113,267,4.49,11.61,19.1,42.32
N20002206,Omagh_E4,45,245,290,18.37,84.48,7,283,290,2.41,60,22,290,20.69,7.59,96,49,291,32.99,16.84,10,36,290,3.45,12.41,10,44,59,95,288,3.47,15.28,20.49,32.99
N20002207,Omagh_E5,82,369,451,22.22,81.82,5,446,451,1.11,123,31,451,27.27,6.87,109,120,454,24.01,26.43,33,84,452,7.3,18.58,65,63,84,129,451,14.41,13.97,18.63,28.6
N20002208,Omagh_H2,61,291,352,20.96,82.67,6,346,352,1.7,78,47,352,22.16,13.35,100,65,353,28.33,18.41,8,42,351,2.28,11.97,8,43,87,126,352,2.27,12.22,24.72,35.8
N20002209,Omagh_G2,78,309,387,25.24,79.84,3,384,387,0.78,147,12,388,37.89,3.09,73,123,386,18.91,31.87,48,30,390,12.31,7.69,105,55,61,73,388,27.06,14.18,15.72,18.81
N20002210,Omagh_F3,79,508,587,15.55,86.54,6,581,587,1.02,133,29,591,22.5,4.91,125,187,587,21.29,31.86,47,34,584,8.05,5.82,45,114,116,70,587,7.67,19.42,19.76,11.93
N20002211,Omagh_G3,67,298,365,22.48,81.64,5,357,362,1.38,126,8,360,35,2.22,59,122,364,16.21,33.52,34,28,361,9.42,7.76,66,91,46,46,363,18.18,25.07,12.67,12.67
N20002212,Omagh_H3,69,303,372,22.77,81.45,5,367,372,1.34,83,50,371,22.37,13.48,157,37,372,42.2,9.95,5,114,372,1.34,30.65,2,40,82,157,374,0.53,10.7,21.93,41.98
N20002213,Omagh_H4,194,512,706,37.89,72.52,11,693,704,1.56,335,53,704,47.59,7.53,140,166,707,19.8,23.48,45,47,702,6.41,6.7,81,224,160,100,704,11.51,31.82,22.73,14.2
N20002214,Omagh_C6,88,348,436,25.29,79.82,5,431,436,1.15,153,29,435,35.17,6.67,53,136,437,12.13,31.12,27,28,436,6.19,6.42,65,108,101,93,438,14.84,24.66,23.06,21.23
N20002215,Omagh_F4,157,384,541,40.89,70.98,15,526,541,2.77,246,79,542,45.39,14.58,72,141,541,13.31,26.06,34,33,538,6.32,6.13,106,89,165,150,541,19.59,16.45,30.5,27.73
N20002216,Omagh_H5,163,495,658,32.93,75.23,15,643,658,2.28,284,55,659,43.1,8.35,127,146,658,19.3,22.19,33,48,658,5.02,7.29,107,166,109,172,658,16.26,25.23,16.57,26.14
N20002217,Omagh_G4,64,389,453,16.45,85.87,4,449,453,0.88,106,17,453,23.4,3.75,70,178,455,15.38,39.12,51,34,455,11.21,7.47,80,87,73,30,453,17.66,19.21,16.11,6.62
N20002218,Omagh_G5,107,376,483,28.46,77.85,11,472,483,2.28,177,43,483,36.65,8.90,62,143,484,12.81,29.55,36,29,483,7.45,6,94,127,114,58,483,19.46,26.29,23.6,12.01
N20002219,Omagh_H6,226,469,695,48.19,67.48,15,681,696,2.16,401,52,697,57.53,7.46,75,184,695,10.79,26.47,58,29,695,8.35,4.17,123,207,160,113,695,17.7,29.78,23.02,16.26
N20002220,Omagh_G6,129,361,490,35.73,73.67,4,486,490,0.82,224,22,492,45.53,4.47,39,200,490,7.96,40.82,68,28,489,13.91,5.73,159,129,64,44,490,32.45,26.33,13.06,8.98
N20002221,Mid_Tyrone_A1,142,412,554,34.47,74.37,9,545,554,1.62,225,40,554,40.61,7.22,109,143,554,19.68,25.81,37,37,553,6.69,6.69,48,133,189,50,554,8.66,24.01,34.12,9.03
N20002222,Mid_Tyrone_B1,95,314,409,30.25,76.77,7,403,410,1.71,148,28,409,36.19,6.85,89,97,409,21.76,23.72,22,48,410,5.37,11.71,44,67,101,93,412,10.68,16.26,24.51,22.57
N20002223,Mid_Tyrone_A2,160,408,568,39.22,71.83,5,563,568,0.88,236,62,567,41.62,10.93,133,133,569,23.37,23.37,27,66,569,4.75,11.6,66,92,164,153,568,11.62,16.2,28.87,26.94
N20002224,Mid_Tyrone_A3,143,422,565,33.89,74.69,5,561,566,0.88,261,7,566,46.11,1.24,91,159,566,16.08,28.09,44,37,566,7.77,6.54,96,118,177,81,565,16.99,20.88,31.33,14.34
N20002225,Mid_Tyrone_B2,120,350,470,34.29,74.47,9,461,470,1.91,219,21,471,46.5,4.46,87,119,470,18.51,25.32,34,39,471,7.22,8.28,90,101,127,65,468,19.23,21.58,27.14,13.89
N20002226,Mid_Tyrone_B3,167,527,694,31.69,75.94,9,685,694,1.3,309,31,696,44.4,4.45,136,199,694,19.6,28.67,62,64,694,8.93,9.22,128,156,212,43,695,18.42,22.45,30.5,6.19
N20002227,Mid_Tyrone_B4,96,340,436,28.24,77.98,5,431,436,1.15,182,26,436,41.74,5.96,85,126,436,19.5,28.9,29,18,436,6.65,4.13,80,78,111,31,437,18.31,17.85,25.4,7.09
N20002228,Mid_Tyrone_A4,125,397,522,31.49,76.05,4,516,520,0.77,230,6,522,44.06,1.15,118,129,520,22.69,24.81,27,59,519,5.2,11.37,86,101,152,72,520,16.54,19.42,29.23,13.85
N20002229,Mid_Tyrone_B5,121,310,431,39.03,71.93,8,427,435,1.84,207,34,434,47.7,7.83,80,96,434,18.43,22.12,18,32,434,4.15,7.37,65,107,115,68,434,14.98,24.65,26.5,15.67
N20002230,Mid_Tyrone_B6,104,332,436,31.33,76.15,4,432,436,0.92,177,18,437,40.5,4.12,68,146,433,15.7,33.72,51,21,436,11.7,4.82,116,87,92,43,436,26.61,19.95,21.1,9.86
N20002231,Mid_Tyrone_A5,206,550,756,37.45,72.75,9,747,756,1.19,346,48,755,45.83,6.36,135,197,755,17.88,26.09,41,67,756,5.42,8.86,136,168,221,75,756,17.99,22.22,29.23,9.92
N20002232,Mid_Tyrone_D1,91,333,424,27.33,78.54,3,421,424,0.71,166,13,425,39.06,3.06,71,130,424,16.75,30.66,36,34,421,8.55,8.08,70,90,108,50,422,16.59,21.33,25.59,11.85
N20002233,Mid_Tyrone_C1,218,414,632,52.66,65.51,8,625,633,1.26,260,111,633,41.07,17.54,89,155,633,14.06,24.49,40,52,633,6.32,8.21,97,161,152,153,633,15.32,25.43,24.01,24.17
N20002234,Mid_Tyrone_D2,111,359,470,30.92,76.38,3,468,471,0.64,220,11,472,46.61,2.33,80,134,471,16.99,28.45,31,37,471,6.58,7.86,91,99,143,71,472,19.28,20.97,30.3,15.04
N20002235,Mid_Tyrone_D3,161,376,537,42.82,70.02,8,530,538,1.49,262,54,537,48.79,10.06,96,115,537,17.88,21.42,27,44,537,5.03,8.19,102,119,162,84,537,18.99,22.16,30.17,15.64
N20002236,Mid_Tyrone_C2,207,476,683,43.49,69.69,20,666,686,2.92,284,110,684,41.52,16.08,92,166,684,13.45,24.27,35,47,684,5.12,6.87,97,191,182,162,683,14.2,27.96,26.65,23.72
N20002237,Mid_Tyrone_E1,241,510,751,47.25,67.91,10,741,751,1.33,397,42,751,52.86,5.59,108,188,752,14.36,25,54,66,751,7.19,8.79,144,121,235,130,754,19.1,16.05,31.17,17.24
N20002238,Mid_Tyrone_C3,190,472,662,40.25,71.3,16,647,663,2.41,270,109,661,40.85,16.49,97,182,661,14.67,27.53,44,50,661,6.66,7.56,124,152,162,152,661,18.76,23,24.51,23
N20002239,Mid_Tyrone_D4,169,489,658,34.56,74.32,6,652,658,0.91,275,32,658,41.79,4.86,108,184,657,16.44,28.01,45,49,658,6.84,7.45,155,154,164,78,658,23.56,23.4,24.92,11.85
N20002240,Mid_Tyrone_E2,160,494,654,32.39,75.54,0,655,655,0,289,19,654,44.19,2.91,99,191,656,15.09,29.12,44,59,659,6.68,8.95,118,151,182,53,655,18.02,23.05,27.79,8.09
N20002241,Mid_Tyrone_E3,79,261,340,30.27,76.76,4,337,341,1.17,129,31,341,37.83,9.09,74,95,339,21.83,28.02,24,51,337,7.12,15.13,57,45,72,80,339,16.81,13.27,21.24,23.6
N20002242,Mid_Tyrone_D5,166,505,671,32.87,75.26,4,664,668,0.6,269,36,671,40.09,5.37,145,169,672,21.58,25.15,58,64,672,8.63,9.52,112,137,132,125,671,16.69,20.42,19.67,18.63
N20002243,Mid_Tyrone_E4,139,356,495,39.04,71.92,3,492,495,0.61,242,19,497,48.69,3.82,74,136,497,14.89,27.36,37,36,495,7.47,7.27,71,115,156,56,495,14.34,23.23,31.52,11.31
N20002244,Mid_Tyrone_G1,90,387,477,23.26,81.13,9,468,477,1.89,168,27,476,35.29,5.67,123,112,477,25.79,23.48,28,59,476,5.88,12.39,65,102,105,100,477,13.63,21.38,22.01,20.96
N20002245,Mid_Tyrone_F1,156,522,678,29.89,76.99,7,673,680,1.03,299,32,679,44.04,4.71,102,216,681,14.98,31.72,62,35,681,9.1,5.14,157,147,150,83,681,23.05,21.59,22.03,12.19
N20002246,Mid_Tyrone_F2,148,397,545,37.28,72.84,8,537,545,1.47,270,20,544,49.63,3.68,70,160,545,12.84,29.36,43,29,545,7.89,5.32,99,118,129,100,545,18.17,21.65,23.67,18.35
N20002247,Mid_Tyrone_G2,157,455,612,34.51,74.35,12,600,612,1.96,228,82,612,37.25,13.40,135,114,612,22.06,18.63,26,64,611,4.26,10.47,55,82,184,192,612,8.99,13.4,30.07,31.37
N20002248,Mid_Tyrone_E5,253,582,835,43.47,69.7,9,826,835,1.08,420,43,835,50.3,5.15,158,194,835,18.92,23.23,49,81,835,5.87,9.7,159,180,265,91,835,19.04,21.56,31.74,10.9
N20002249,Mid_Tyrone_F3,164,424,588,38.68,72.11,9,579,588,1.53,280,41,588,47.62,6.97,107,154,589,18.17,26.15,45,52,588,7.65,8.84,145,134,113,60,588,24.66,22.79,19.22,10.2
N20002250,Mid_Tyrone_G3,151,358,509,42.18,70.33,7,501,508,1.38,260,21,507,51.28,4.14,99,128,512,19.34,25,28,41,510,5.49,8.04,69,150,145,53,508,13.58,29.53,28.54,10.43
N20002251,Mid_Tyrone_G4,133,390,523,34.1,74.57,3,520,523,0.57,254,24,523,48.57,4.59,102,137,523,19.5,26.2,29,58,523,5.54,11.09,69,103,155,100,523,13.19,19.69,29.64,19.12
N20002252,Downshire_West_A1,95,439,534,21.64,82.21,17,517,534,3.18,127,64,534,23.78,11.99,133,98,534,24.91,18.35,26,60,536,4.85,11.19,43,126,79,172,534,8.05,23.6,14.79,32.21
N20002253,Downshire_West_A2,40,258,298,15.5,86.58,3,293,296,1.01,64,25,295,21.69,8.47,53,76,296,17.91,25.68,20,18,296,6.76,6.08,29,95,62,46,299,9.7,31.77,20.74,15.38
N20002254,Downshire_West_A3,82,404,486,20.3,83.13,11,475,486,2.26,112,52,490,22.86,10.61,91,128,485,18.76,26.39,42,26,486,8.64,5.35,62,144,96,42,486,12.76,29.63,19.75,8.64
N20002255,Downshire_West_A4,64,210,274,30.48,76.64,4,271,275,1.45,83,49,274,30.29,17.88,57,62,274,20.8,22.63,12,41,277,4.33,14.8,31,64,35,98,274,11.31,23.36,12.77,35.77
N20002256,Downshire_West_A5,78,360,438,21.67,82.19,7,431,438,1.6,126,31,438,28.77,7.08,61,144,438,13.93,32.88,39,21,437,8.92,4.81,86,108,68,58,438,19.63,24.66,15.53,13.24
N20002257,Downshire_West_A6,120,509,629,23.58,80.92,8,621,629,1.27,252,14,630,40,2.22,62,281,630,9.84,44.6,122,25,630,19.37,3.97,240,170,33,45,628,38.22,27.07,5.25,7.17
N20002258,Downshire_West_B1,127,456,583,27.85,78.22,5,578,583,0.86,191,59,580,32.93,10.17,129,117,583,22.13,20.07,37,44,579,6.39,7.6,75,151,144,98,583,12.86,25.9,24.7,16.81
N20002259,Downshire_West_B2,115,378,493,30.42,76.67,9,484,493,1.83,234,18,493,47.46,3.65,60,137,495,12.12,27.68,56,12,493,11.36,2.43,141,134,67,68,493,28.6,27.18,13.59,13.79
N20002260,Downshire_West_B3,108,428,536,25.23,79.85,4,532,536,0.75,203,14,536,37.87,2.61,56,195,533,10.51,36.59,91,21,536,16.98,3.92,165,134,63,48,536,30.78,25,11.75,8.96
N20002261,Downshire_West_B4,141,340,481,41.47,70.69,2,479,481,0.42,264,26,481,54.89,5.41,49,155,480,10.21,32.29,71,12,480,14.79,2.5,172,152,66,27,481,35.76,31.6,13.72,5.61
N20002262,Downshire_West_C1,67,417,484,16.07,86.16,5,479,484,1.03,136,16,484,28.1,3.31,58,191,484,11.98,39.46,64,21,483,13.25,4.35,126,125,55,38,484,26.03,25.83,11.36,7.85
N20002263,Downshire_West_D1,61,363,424,16.8,85.61,4,420,424,0.94,104,21,423,24.59,4.96,51,187,424,12.03,44.1,83,20,424,19.58,4.72,132,117,30,35,425,31.06,27.53,7.06,8.24
N20002264,Downshire_West_C2,76,434,510,17.51,85.1,5,505,510,0.98,144,17,509,28.29,3.34,78,164,509,15.32,32.22,72,25,510,14.12,4.9,103,150,57,37,512,20.12,29.3,11.13,7.23
N20002265,Downshire_West_D2,34,226,260,15.04,86.92,6,254,260,2.31,52,24,259,20.08,9.27,74,78,263,28.14,29.66,18,24,260,6.92,9.23,41,66,31,56,260,15.77,25.38,11.92,21.54
N20002266,Downshire_West_C3,138,387,525,35.66,73.71,6,518,524,1.15,281,4,525,53.52,0.76,44,234,525,8.38,44.57,116,7,525,22.1,1.33,228,128,44,11,525,43.43,24.38,8.38,2.1
N20002267,Downshire_West_D3,47,258,305,18.22,84.59,5,300,305,1.64,49,28,304,16.12,9.21,82,79,305,26.89,25.9,25,25,305,8.2,8.2,36,61,30,69,305,11.8,20,9.84,22.62
N20002268,Downshire_West_G1,246,830,1076,29.64,77.14,19,1058,1077,1.76,441,43,1076,40.99,4.00,158,338,1077,14.67,31.38,141,58,1076,13.1,5.39,244,294,195,82,1075,22.7,27.35,18.14,7.63
N20002269,Downshire_West_E1,123,507,630,24.26,80.48,7,623,630,1.11,186,65,630,29.52,10.32,110,180,632,17.41,28.48,74,40,630,11.75,6.35,138,153,113,96,629,21.94,24.32,17.97,15.26
N20002270,Downshire_West_D4,58,191,249,30.37,76.71,8,241,249,3.21,70,40,250,28,16.00,33,70,249,13.25,28.11,17,10,247,6.88,4.05,51,83,40,41,249,20.48,33.33,16.06,16.47
N20002271,Downshire_West_D5,133,319,452,41.69,70.58,5,447,452,1.11,249,30,451,55.21,6.65,23,195,452,5.09,43.14,83,10,452,18.36,2.21,195,129,60,22,452,43.14,28.54,13.27,4.87
N20002272,Downshire_West_D6,127,415,542,30.6,76.57,4,538,542,0.74,230,48,542,42.44,8.86,33,276,542,6.09,50.92,100,13,543,18.42,2.39,214,192,32,47,542,39.48,35.42,5.9,8.67
N20002273,Downshire_West_C4,99,440,539,22.5,81.63,4,537,541,0.74,200,18,541,36.97,3.33,80,224,541,14.79,41.4,93,62,540,17.22,11.48,206,115,38,29,541,38.08,21.26,7.02,5.36
N20002274,Downshire_West_E2,105,407,512,25.8,79.49,4,508,512,0.78,213,18,512,41.6,3.52,43,236,513,8.38,46,111,12,512,21.68,2.34,212,112,43,19,513,41.33,21.83,8.38,3.7
N20002275,Downshire_West_C5,162,437,599,37.07,72.95,2,596,598,0.33,317,29,597,53.1,4.86,33,273,599,5.51,45.58,127,15,599,21.2,2.5,285,195,29,32,599,47.58,32.55,4.84,5.34
N20002276,Downshire_West_G2,106,386,492,27.46,78.46,5,487,492,1.02,177,16,492,35.98,3.25,93,144,492,18.9,29.27,52,33,493,10.55,6.69,119,125,66,53,492,24.19,25.41,13.41,10.77
N20002277,Downshire_West_B5,179,528,707,33.9,74.68,4,703,707,0.57,327,27,706,46.32,3.82,75,243,707,10.61,34.37,93,26,707,13.15,3.68,233,170,92,53,707,32.96,24.05,13.01,7.5
N20002278,Downshire_West_F1,72,312,384,23.08,81.25,4,381,385,1.04,124,33,383,32.38,8.62,61,152,385,15.84,39.48,57,21,385,14.81,5.45,116,74,49,31,386,30.05,19.17,12.69,8.03
N20002279,Downshire_West_F2,23,226,249,10.18,90.76,1,250,251,0.4,38,7,253,15.02,2.77,28,138,251,11.16,54.98,64,11,250,25.6,4.4,81,54,4,4,250,32.4,21.6,1.6,1.6
N20002280,Downshire_West_F3,82,357,439,22.97,81.32,4,435,439,0.91,161,13,440,36.59,2.95,35,211,439,7.97,48.06,91,13,441,20.63,2.95,185,84,19,28,439,42.14,19.13,4.33,6.38
N20002281,Downshire_West_E3,143,508,651,28.15,78.03,2,649,651,0.31,289,7,651,44.39,1.08,43,325,651,6.61,49.92,166,26,651,25.5,3.99,300,127,27,13,651,46.08,19.51,4.15,2
N20002282,Downshire_West_F4,82,339,421,24.19,80.52,2,419,421,0.48,142,21,419,33.89,5.01,88,125,421,20.9,29.69,49,26,421,11.64,6.18,127,71,52,50,421,30.17,16.86,12.35,11.88
N20002283,Downshire_West_F5,22,195,217,11.28,89.86,3,213,216,1.39,46,6,217,21.2,2.76,36,96,214,16.82,44.86,41,11,216,18.98,5.09,56,49,13,12,217,25.81,22.58,5.99,5.53
N20002284,Downshire_West_G3,203,636,839,31.92,75.8,11,828,839,1.31,405,8,839,48.27,0.95,112,290,837,13.38,34.65,117,33,839,13.95,3.93,281,176,157,35,839,33.49,20.98,18.71,4.17
N20002285,Downshire_West_G4,95,447,542,21.25,82.47,3,539,542,0.55,207,3,543,38.12,0.55,73,218,541,13.49,40.3,86,27,541,15.9,4.99,170,141,81,14,542,31.37,26.01,14.94,2.58
N20002286,Downshire_West_G5,77,310,387,24.84,80.1,3,383,386,0.78,151,3,387,39.02,0.78,69,104,387,17.83,26.87,56,15,387,14.47,3.88,119,47,70,25,387,30.75,12.14,18.09,6.46
N20002287,Killultagh_B1,147,381,528,38.58,72.16,15,516,531,2.82,252,25,530,47.55,4.72,70,154,531,13.18,29,63,24,531,11.86,4.52,152,140,94,80,531,28.63,26.37,17.7,15.07
N20002288,Killultagh_A1,286,607,893,47.12,67.97,27,866,893,3.02,448,108,895,50.06,12.07,60,244,893,6.72,27.32,65,28,892,7.29,3.14,204,340,172,104,892,22.87,38.12,19.28,11.66
N20002289,Killultagh_B2,191,714,905,26.75,78.9,10,894,904,1.11,314,30,906,34.66,3.31,163,216,904,18.03,23.89,80,39,905,8.84,4.31,161,188,210,131,906,17.77,20.75,23.18,14.46
N20002290,Killultagh_A2,138,345,483,40,71.43,12,471,483,2.48,249,38,483,51.55,7.87,42,152,483,8.7,31.47,50,17,483,10.35,3.52,142,142,89,55,483,29.4,29.4,18.43,11.39
N20002291,Killultagh_A3,116,268,384,43.28,69.79,12,372,384,3.13,115,87,383,30.03,22.72,57,73,383,14.88,19.06,21,30,382,5.5,7.85,50,99,87,100,384,13.02,25.78,22.66,26.04
N20002292,Killultagh_A4,253,428,681,59.11,62.85,18,665,683,2.64,415,82,682,60.85,12.02,30,197,681,4.41,28.93,77,17,681,11.31,2.5,204,268,121,73,681,29.96,39.35,17.77,10.72
N20002293,Killultagh_C1,143,371,514,38.54,72.18,14,500,514,2.72,262,13,515,50.87,2.52,63,161,514,12.26,31.32,59,26,511,11.55,5.09,182,112,109,30,513,35.48,21.83,21.25,5.85
N20002294,Killultagh_C2,101,411,512,24.57,80.27,8,504,512,1.56,193,15,512,37.7,2.93,102,127,512,19.92,24.8,43,33,513,8.38,6.43,83,101,142,44,512,16.21,19.73,27.73,8.59
N20002295,Killultagh_C3,133,492,625,27.03,78.72,11,614,625,1.76,241,26,625,38.56,4.16,112,186,625,17.92,29.76,66,38,626,10.54,6.07,148,151,130,59,625,23.68,24.16,20.8,9.44
N20002296,Killultagh_B3,218,502,720,43.43,69.72,20,700,720,2.78,358,81,720,49.72,11.25,69,171,720,9.58,23.75,54,21,722,7.48,2.91,115,309,156,83,720,15.97,42.92,21.67,11.53
N20002297,Killultagh_B4,91,480,571,18.96,84.06,6,566,572,1.05,135,29,572,23.6,5.07,120,145,572,20.98,25.35,38,45,572,6.64,7.87,73,143,131,68,570,12.81,25.09,22.98,11.93
N20002298,Killultagh_C4,94,372,466,25.27,79.83,1,464,465,0.22,175,7,465,37.63,1.51,66,138,465,14.19,29.68,54,15,464,11.64,3.23,124,121,76,44,465,26.67,26.02,16.34,9.46
N20002299,Killultagh_C5,109,393,502,27.74,78.29,4,498,502,0.8,227,7,502,45.22,1.39,56,194,502,11.16,38.65,78,19,503,15.51,3.78,172,127,77,25,502,34.26,25.3,15.34,4.98
N20002300,Killultagh_F1,186,394,580,47.21,67.93,11,569,580,1.9,332,37,580,57.24,6.38,49,157,579,8.46,27.12,64,8,581,11.02,1.38,177,192,98,66,580,30.52,33.1,16.9,11.38
N20002301,Killultagh_G1,58,275,333,21.09,82.58,7,326,333,2.1,112,2,333,33.63,0.60,51,98,333,15.32,29.43,35,15,330,10.61,4.55,62,78,78,19,333,18.62,23.42,23.42,5.71
N20002302,Killultagh_G2,100,366,466,27.32,78.54,10,457,467,2.14,168,14,467,35.97,3.00,73,135,468,15.6,28.85,48,31,468,10.26,6.62,104,114,81,38,466,22.32,24.46,17.38,8.15
N20002303,Killultagh_F2,144,412,556,34.95,74.1,15,541,556,2.7,273,18,553,49.37,3.25,50,181,557,8.98,32.5,67,10,559,11.99,1.79,164,162,120,46,556,29.5,29.14,21.58,8.27
N20002304,Killultagh_F3,83,299,382,27.76,78.27,2,377,379,0.53,146,21,382,38.22,5.50,57,119,378,15.08,31.48,52,15,379,13.72,3.96,77,133,68,35,379,20.32,35.09,17.94,9.23
N20002305,Killultagh_D1,187,377,564,49.6,66.84,6,558,564,1.06,360,34,564,63.83,6.03,23,260,565,4.07,46.02,136,6,563,24.16,1.07,303,161,54,23,564,53.72,28.55,9.57,4.08
N20002306,Killultagh_D2,185,400,585,46.25,68.38,10,575,585,1.71,348,35,585,59.49,5.98,31,242,585,5.3,41.37,95,8,582,16.32,1.37,229,224,86,23,585,39.15,38.29,14.7,3.93
N20002307,Killultagh_D3,62,279,341,22.22,81.82,9,333,342,2.63,137,0,340,40.29,0.00,29,167,341,8.5,48.97,82,10,341,24.05,2.93,158,81,27,17,343,46.06,23.62,7.87,4.96
N20002308,Killultagh_E1,151,344,495,43.9,69.49,4,492,496,0.81,265,44,496,53.43,8.87,24,178,496,4.84,35.89,70,12,495,14.14,2.42,179,173,73,45,496,36.09,34.88,14.72,9.07
N20002309,Killultagh_E2,155,412,567,37.62,72.66,3,564,567,0.53,291,38,572,50.87,6.64,22,212,568,3.87,37.32,77,9,569,13.53,1.58,151,245,81,48,567,26.63,43.21,14.29,8.47
N20002310,Killultagh_D4,207,574,781,36.06,73.5,7,774,781,0.9,401,29,781,51.34,3.71,42,330,782,5.37,42.2,144,13,782,18.41,1.66,352,209,85,34,781,45.07,26.76,10.88,4.35
N20002311,Killultagh_G3,91,337,428,27,78.74,6,422,428,1.4,158,11,428,36.92,2.57,59,156,429,13.75,36.36,58,23,428,13.55,5.37,150,77,49,17,430,34.88,17.91,11.4,3.95
N20002312,Killultagh_E3,175,408,583,42.89,69.98,7,576,583,1.2,280,64,583,48.03,10.98,52,194,582,8.93,33.33,53,12,583,9.09,2.06,156,222,99,60,583,26.76,38.08,16.98,10.29
N20002313,Killultagh_E4,119,412,531,28.88,77.59,13,518,531,2.45,239,33,531,45.01,6.21,63,124,530,11.89,23.4,39,14,533,7.32,2.63,90,206,127,51,532,16.92,38.72,23.87,9.59
N20002314,Killultagh_E5,84,218,302,38.53,72.19,4,298,302,1.32,153,34,302,50.66,11.26,27,69,303,8.91,22.77,21,7,301,6.98,2.33,45,125,76,41,302,14.9,41.39,25.17,13.58
N20002315,Killultagh_E6,90,344,434,26.16,79.26,10,424,434,2.3,165,44,434,38.02,10.14,68,102,434,15.67,23.5,30,22,439,6.83,5.01,58,127,97,90,434,13.36,29.26,22.35,20.74
N20002316,Killultagh_E7,86,245,331,35.1,74.02,3,328,331,0.91,148,27,330,44.85,8.18,44,76,331,13.29,22.96,22,16,331,6.65,4.83,69,77,68,75,331,20.85,23.26,20.54,22.66
N20002317,Killultagh_C6,96,499,595,19.24,83.87,17,578,595,2.86,202,20,598,33.78,3.34,94,200,594,15.82,33.67,71,63,594,11.95,10.61,134,185,91,53,595,22.52,31.09,15.29,8.91
N20002318,Killultagh_G4,55,785,840,7.01,93.45,19,821,840,2.26,97,13,837,11.59,1.55,175,237,840,20.83,28.21,63,224,840,7.5,26.67,108,68,44,22,842,12.83,8.08,5.23,2.61
N20002319,Killultagh_F4,205,531,736,38.61,72.15,9,727,736,1.22,324,67,736,44.02,9.10,101,191,736,13.72,25.95,66,40,739,8.93,5.41,159,217,162,89,735,21.63,29.52,22.04,12.11
N20002320,Killultagh_H1,221,527,748,41.94,70.45,13,735,748,1.74,419,41,748,56.02,5.48,40,265,748,5.35,35.43,92,11,748,12.3,1.47,205,325,131,59,748,27.41,43.45,17.51,7.89
N20002321,Killultagh_H2,171,389,560,43.96,69.46,10,550,560,1.79,337,31,560,60.18,5.54,33,181,560,5.89,32.32,68,8,560,12.14,1.43,170,192,107,57,561,30.3,34.22,19.07,10.16
N20002322,Killultagh_H3,137,507,644,27.02,78.73,7,637,644,1.09,254,34,644,39.44,5.28,63,194,644,9.78,30.12,67,29,646,10.37,4.49,141,203,110,73,644,21.89,31.52,17.08,11.34
N20002323,Killultagh_H4,202,421,623,47.98,67.58,11,613,624,1.76,350,37,624,56.09,5.93,54,175,624,8.65,28.04,47,11,624,7.53,1.76,150,183,166,76,622,24.12,29.42,26.69,12.22
N20002324,Killultagh_G5,125,540,665,23.15,81.2,8,656,664,1.2,216,18,666,32.43,2.70,102,198,667,15.29,29.69,69,30,666,10.36,4.5,151,144,142,67,666,22.67,21.62,21.32,10.06
N20002325,Killultagh_H5,100,457,557,21.88,82.05,10,547,557,1.8,186,21,557,33.39,3.77,105,102,557,18.85,18.31,38,31,560,6.79,5.54,63,174,114,78,557,11.31,31.24,20.47,14
N20002326,Lisburn_South_A1,104,470,574,22.13,81.88,7,567,574,1.22,179,25,580,30.86,4.31,79,200,573,13.79,34.9,86,21,573,15.01,3.66,161,130,53,37,574,28.05,22.65,9.23,6.45
N20002327,Lisburn_South_A2,49,320,369,15.31,86.72,6,363,369,1.63,88,14,371,23.72,3.77,55,126,368,14.95,34.24,48,19,369,13.01,5.15,78,93,44,19,370,21.08,25.14,11.89,5.14
N20002328,Lisburn_South_A3,84,396,480,21.21,82.5,7,473,480,1.46,155,21,481,32.22,4.37,74,130,477,15.51,27.25,32,18,479,6.68,3.76,55,163,88,54,480,11.46,33.96,18.33,11.25
N20002329,Lisburn_South_B1,177,480,657,36.88,73.06,8,649,657,1.22,195,133,657,29.68,20.24,168,81,657,25.57,12.33,15,76,657,2.28,11.57,24,147,150,222,657,3.65,22.37,22.83,33.79
N20002330,Lisburn_South_C1,91,434,525,20.97,82.67,5,520,525,0.95,160,20,525,30.48,3.81,76,177,527,14.42,33.59,69,25,527,13.09,4.74,97,141,59,52,524,18.51,26.91,11.26,9.92
N20002331,Lisburn_South_C2,213,194,407,109.79,47.67,25,382,407,6.14,139,214,407,34.15,52.58,50,36,407,12.29,8.85,5,33,407,1.23,8.11,3,73,75,255,408,0.74,17.89,18.38,62.5
N20002332,Lisburn_South_B2,153,475,628,32.21,75.64,18,610,628,2.87,174,90,629,27.66,14.31,149,82,630,23.65,13.02,19,53,628,3.03,8.44,31,124,129,201,629,4.93,19.71,20.51,31.96
N20002333,Lisburn_South_C3,69,318,387,21.7,82.17,5,382,387,1.29,114,23,388,29.38,5.93,56,133,386,14.51,34.46,51,16,389,13.11,4.11,107,84,56,25,387,27.65,21.71,14.47,6.46
N20002334,Lisburn_South_B3,248,461,709,53.8,65.02,37,672,709,5.22,181,265,711,25.46,37.27,154,68,709,21.72,9.59,8,52,711,1.13,7.31,17,116,152,385,709,2.4,16.36,21.44,54.3
N20002335,Lisburn_South_B4,158,307,465,51.47,66.02,37,428,465,7.96,85,199,465,18.28,42.80,131,53,464,28.23,11.42,11,67,462,2.38,14.5,24,71,90,233,465,5.16,15.27,19.35,50.11
N20002336,Lisburn_South_E1,155,495,650,31.31,76.15,5,645,650,0.77,309,37,652,47.39,5.67,46,212,650,7.08,32.62,74,23,650,11.38,3.54,175,268,88,67,649,26.96,41.29,13.56,10.32
N20002337,Lisburn_South_C4,95,373,468,25.47,79.7,7,464,471,1.49,179,23,469,38.17,4.90,60,148,470,12.77,31.49,53,21,471,11.25,4.46,93,134,48,35,471,19.75,28.45,10.19,7.43
N20002338,Lisburn_South_C5,46,212,258,21.7,82.17,0,258,258,0,95,9,257,36.96,3.50,38,87,258,14.73,33.72,36,9,258,13.95,3.49,80,49,11,16,260,30.77,18.85,4.23,6.15
N20002339,Lisburn_South_C6,66,362,428,18.23,84.58,5,424,429,1.17,130,15,429,30.3,3.50,58,125,429,13.52,29.14,51,25,427,11.94,5.85,79,105,68,31,429,18.41,24.48,15.85,7.23
N20002340,Lisburn_South_D1,37,195,232,18.97,84.05,5,226,231,2.16,36,30,231,15.58,12.99,88,28,231,38.1,12.12,8,35,231,3.46,15.15,8,44,25,72,233,3.43,18.88,10.73,30.9
N20002341,Lisburn_South_D2,113,420,533,26.9,78.8,10,523,533,1.88,198,41,533,37.15,7.69,107,119,530,20.19,22.45,37,52,530,6.98,9.81,84,135,112,102,531,15.82,25.42,21.09,19.21
N20002342,Lisburn_South_G1,131,369,500,35.5,73.8,9,491,500,1.8,233,36,498,46.79,7.23,24,189,500,4.8,37.8,66,4,501,13.17,0.8,126,228,103,32,500,25.2,45.6,20.6,6.4
N20002343,Lisburn_South_C7,73,285,358,25.61,79.61,7,351,358,1.96,141,18,360,39.17,5.00,55,105,358,15.36,29.33,26,12,356,7.3,3.37,66,82,53,48,358,18.44,22.91,14.8,13.41
N20002344,Lisburn_South_E2,155,459,614,33.77,74.76,4,610,614,0.65,312,38,614,50.81,6.19,46,201,613,7.5,32.79,56,7,614,9.12,1.14,143,247,133,64,614,23.29,40.23,21.66,10.42
N20002345,Lisburn_South_D3,68,306,374,22.22,81.82,9,365,374,2.41,97,49,371,26.15,13.21,102,49,374,27.27,13.1,15,47,373,4.02,12.6,17,76,74,135,374,4.55,20.32,19.79,36.1
N20002346,Lisburn_South_F1,91,289,380,31.49,76.05,9,371,380,2.37,164,27,379,43.27,7.12,64,81,380,16.84,21.32,24,23,378,6.35,6.08,62,105,50,97,380,16.32,27.63,13.16,25.53
N20002347,Lisburn_South_D4,121,411,532,29.44,77.26,19,512,531,3.58,157,77,532,29.51,14.47,141,84,530,26.6,15.85,20,64,530,3.77,12.08,23,135,78,174,531,4.33,25.42,14.69,32.77
N20002348,Lisburn_South_D5,85,327,412,25.99,79.37,8,404,412,1.94,148,37,413,35.84,8.96,74,92,412,17.96,22.33,27,29,413,6.54,7.02,35,146,63,85,412,8.5,35.44,15.29,20.63
N20002349,Lisburn_South_E3,236,421,657,56.06,64.08,5,653,658,0.76,436,43,657,66.36,6.54,31,223,654,4.74,34.1,73,4,656,11.13,0.61,194,258,151,33,656,29.57,39.33,23.02,5.03
N20002350,Lisburn_South_F2,81,415,496,19.52,83.67,5,491,496,1.01,147,24,496,29.64,4.84,103,120,495,20.81,24.24,56,29,498,11.24,5.82,74,166,56,55,493,15.01,33.67,11.36,11.16
N20002351,Lisburn_South_G2,217,454,671,47.8,67.66,19,653,672,2.83,321,87,671,47.84,12.97,44,243,671,6.56,36.21,85,19,670,12.69,2.84,191,250,117,102,672,28.42,37.2,17.41,15.18
N20002352,Lisburn_South_F3,58,450,508,12.89,88.58,3,504,507,0.59,84,14,507,16.57,2.76,156,82,507,30.77,16.17,22,42,510,4.31,8.24,28,115,59,63,507,5.52,22.68,11.64,12.43
N20002353,Lisburn_South_E4,258,565,823,45.66,68.65,21,803,824,2.55,457,70,823,55.53,8.51,75,185,823,9.11,22.48,55,29,823,6.68,3.52,145,290,171,181,823,17.62,35.24,20.78,21.99
N20002354,Lisburn_South_H1,54,257,311,21.01,82.64,6,305,311,1.93,78,41,314,24.84,13.06,95,46,311,30.55,14.79,14,31,308,4.55,10.06,11,76,64,91,311,3.54,24.44,20.58,29.26
N20002355,Lisburn_South_H2,108,384,492,28.13,78.05,10,480,490,2.04,122,78,488,25,15.98,133,70,488,27.25,14.34,9,43,489,1.84,8.79,21,100,90,178,490,4.29,20.41,18.37,36.33
N20002356,Lisburn_South_J1,91,385,476,23.64,80.88,15,461,476,3.15,134,48,476,28.15,10.08,113,84,473,23.89,17.76,25,42,473,5.29,8.88,40,92,114,129,475,8.42,19.37,24,27.16
N20002357,Lisburn_South_H3,94,338,432,27.81,78.24,16,416,432,3.7,159,29,433,36.72,6.70,78,82,432,18.06,18.98,21,32,431,4.87,7.42,50,122,88,84,432,11.57,28.24,20.37,19.44
N20002358,Lisburn_South_E5,103,265,368,38.87,72.01,1,367,368,0.27,179,42,366,48.91,11.48,22,126,368,5.98,34.24,39,8,368,10.6,2.17,79,169,60,42,366,21.58,46.17,16.39,11.48
N20002359,Lisburn_South_H4,44,180,224,24.44,80.36,2,222,224,0.89,62,31,223,27.8,13.90,70,42,224,31.25,18.75,6,25,224,2.68,11.16,7,60,45,72,224,3.13,26.79,20.09,32.14
N20002360,Lisburn_South_E6,147,354,501,41.53,70.66,6,493,499,1.2,228,38,499,45.69,7.62,85,137,499,17.03,27.45,43,24,501,8.58,4.79,98,163,45,61,497,19.72,32.8,9.05,12.27
N20002361,Lisburn_South_G3,133,256,389,51.95,65.81,9,380,389,2.31,144,89,389,37.02,22.88,90,39,388,23.2,10.05,9,33,391,2.3,8.44,27,81,85,152,389,6.94,20.82,21.85,39.07
N20002362,Lisburn_South_H5,125,532,657,23.5,80.97,19,638,657,2.89,184,72,657,28.01,10.96,164,112,657,24.96,17.05,23,59,658,3.5,8.97,39,144,146,157,656,5.95,21.95,22.26,23.93
N20002363,Lisburn_South_H6,99,414,513,23.91,80.7,14,499,513,2.73,101,69,511,19.77,13.50,114,95,513,22.22,18.52,15,46,513,2.92,8.97,36,126,98,159,513,7.02,24.56,19.1,30.99
N20002364,Lisburn_South_G4,131,338,469,38.76,72.07,23,446,469,4.9,127,104,471,26.96,22.08,107,82,469,22.81,17.48,22,49,469,4.69,10.45,34,104,66,174,469,7.25,22.17,14.07,37.1
N20002365,Lisburn_South_K1,91,207,298,43.96,69.46,12,286,298,4.03,52,104,298,17.45,34.90,82,21,296,27.7,7.09,4,32,298,1.34,10.74,2,70,54,141,298,0.67,23.49,18.12,47.32
N20002366,Lisburn_South_J2,93,398,491,23.37,81.06,4,487,491,0.81,124,58,491,25.25,11.81,102,102,493,20.69,20.69,25,44,491,5.09,8.96,36,159,74,130,491,7.33,32.38,15.07,26.48
N20002367,Lisburn_South_G5,109,346,455,31.5,76.04,10,443,453,2.21,156,58,456,34.21,12.72,126,64,455,27.69,14.07,9,39,457,1.97,8.53,29,98,107,132,455,6.37,21.54,23.52,29.01
N20002368,Lisburn_South_K2,143,368,511,38.86,72.02,13,498,511,2.54,118,141,511,23.09,27.59,106,64,510,20.78,12.55,8,65,512,1.56,12.7,23,79,109,239,512,4.49,15.43,21.29,46.68
N20002369,Lisburn_South_G6,72,354,426,20.34,83.1,5,421,426,1.17,137,18,427,32.08,4.22,108,88,425,25.41,20.71,28,38,426,6.57,8.92,45,94,89,78,425,10.59,22.12,20.94,18.35
N20002370,Lisburn_South_K3,168,309,477,54.37,64.78,18,459,477,3.77,159,148,478,33.26,30.96,110,48,477,23.06,10.06,8,38,477,1.68,7.97,18,73,99,223,477,3.77,15.3,20.75,46.75
N20002371,Lisburn_South_K4,126,315,441,40,71.43,19,421,440,4.32,88,116,440,20,26.36,115,49,440,26.14,11.14,4,59,439,0.91,13.44,16,88,54,206,440,3.64,20,12.27,46.82
N20002372,Lisburn_South_J3,90,600,690,15,86.96,7,682,689,1.02,165,27,690,23.91,3.91,162,212,690,23.48,30.72,90,57,690,13.04,8.26,117,170,69,43,690,16.96,24.64,10,6.23
N20002373,Lisburn_South_J4,161,538,699,29.93,76.97,19,680,699,2.72,187,125,700,26.71,17.86,173,124,699,24.75,17.74,19,97,698,2.72,13.9,42,140,108,264,700,6,20,15.43,37.71
N20002374,Lisburn_South_K5,129,371,500,34.77,74.2,20,480,500,4,113,100,500,22.6,20.00,131,58,502,26.1,11.55,10,62,502,1.99,12.35,13,92,67,257,500,2.6,18.4,13.4,51.4
N20002375,Lisburn_South_K6,155,255,410,60.78,62.2,21,389,410,5.12,118,136,409,28.85,33.25,74,45,411,18,10.95,7,28,407,1.72,6.88,13,77,69,210,410,3.17,18.78,16.83,51.22
N20002376,Lisburn_North_A1,8,218,226,3.67,96.46,2,224,226,0.88,8,10,226,3.54,4.42,76,49,227,33.48,21.59,18,31,227,7.93,13.66,26,20,32,89,227,11.45,8.81,14.1,39.21
N20002377,Lisburn_North_B1,187,491,678,38.09,72.42,17,661,678,2.51,336,72,678,49.56,10.62,67,218,677,9.9,32.2,72,32,676,10.65,4.73,184,217,134,82,678,27.14,32.01,19.76,12.09
N20002378,Lisburn_North_D1,107,428,535,25,80,6,531,537,1.12,211,8,538,39.22,1.49,101,155,536,18.84,28.92,62,42,535,11.59,7.85,170,90,52,34,535,31.78,16.82,9.72,6.36
N20002379,Lisburn_North_A2,102,653,755,15.62,86.49,11,744,755,1.46,144,58,755,19.07,7.68,233,133,755,30.86,17.62,35,83,755,4.64,10.99,54,145,128,210,755,7.15,19.21,16.95,27.81
N20002380,Lisburn_North_C1,90,333,423,27.03,78.72,16,407,423,3.78,111,62,424,26.18,14.62,114,50,422,27.01,11.85,14,33,423,3.31,7.8,22,96,96,121,422,5.21,22.75,22.75,28.67
N20002381,Lisburn_North_B2,116,343,459,33.82,74.73,12,447,459,2.61,191,59,459,41.61,12.85,75,117,460,16.3,25.43,32,35,461,6.94,7.59,81,115,97,120,459,17.65,25.05,21.13,26.14
N20002382,Lisburn_North_C2,133,507,640,26.23,79.22,18,622,640,2.81,155,104,640,24.22,16.25,183,88,642,28.5,13.71,31,90,639,4.85,14.08,31,156,121,166,640,4.84,24.38,18.91,25.94
N20002383,Lisburn_North_A3,10,398,408,2.51,97.55,4,404,408,0.98,10,15,410,2.44,3.66,122,120,408,29.9,29.41,36,75,408,8.82,18.38,49,82,47,115,407,12.04,20.15,11.55,28.26
N20002384,Lisburn_North_B3,126,370,496,34.05,74.6,16,480,496,3.23,159,81,495,32.12,16.36,131,60,500,26.2,12,11,43,497,2.21,8.65,23,83,145,168,496,4.64,16.73,29.23,33.87
N20002385,Lisburn_North_D2,146,471,617,31,76.34,4,613,617,0.65,277,26,616,44.97,4.22,50,263,618,8.09,42.56,91,24,617,14.75,3.89,259,168,46,26,617,41.98,27.23,7.46,4.21
N20002386,Lisburn_North_C3,182,457,639,39.82,71.52,16,623,639,2.5,243,104,639,38.03,16.28,96,132,639,15.02,20.66,40,25,639,6.26,3.91,84,188,152,160,639,13.15,29.42,23.79,25.04
N20002387,Lisburn_North_C4,156,471,627,33.12,75.12,17,611,628,2.71,237,78,629,37.68,12.40,62,229,628,9.87,36.46,67,37,630,10.63,5.87,132,206,80,147,628,21.02,32.8,12.74,23.41
N20002388,Lisburn_North_C5,208,372,580,55.91,64.14,28,552,580,4.83,147,224,580,25.34,38.62,114,74,580,19.66,12.76,15,54,583,2.57,9.26,16,151,72,276,581,2.75,25.99,12.39,47.5
N20002389,Lisburn_North_D3,185,381,566,48.56,67.31,10,555,565,1.77,342,37,565,60.53,6.55,27,225,565,4.78,39.82,92,11,563,16.34,1.95,228,201,69,34,565,40.35,35.58,12.21,6.02
N20002390,Lisburn_North_E1,113,475,588,23.79,80.78,12,576,588,2.04,225,18,587,38.33,3.07,79,179,591,13.37,30.29,55,35,588,9.35,5.95,142,144,95,43,587,24.19,24.53,16.18,7.33
N20002391,Lisburn_North_E2,56,202,258,27.72,78.29,6,252,258,2.33,91,24,257,35.41,9.34,28,77,259,10.81,29.73,26,13,257,10.12,5.06,41,92,58,17,257,15.95,35.8,22.57,6.61
N20002392,Lisburn_North_E3,230,540,770,42.59,70.13,12,759,771,1.56,459,25,772,59.46,3.24,42,370,770,5.45,48.05,172,13,770,22.34,1.69,378,251,51,9,769,49.15,32.64,6.63,1.17
N20002393,Lisburn_North_F1,106,466,572,22.75,81.47,9,563,572,1.57,186,30,569,32.69,5.27,76,197,572,13.29,34.44,65,18,573,11.34,3.14,121,193,73,39,572,21.15,33.74,12.76,6.82
N20002394,Lisburn_North_F2,89,378,467,23.54,80.94,8,459,467,1.71,114,53,467,24.41,11.35,115,84,470,24.47,17.87,27,42,468,5.77,8.97,43,105,87,146,467,9.21,22.48,18.63,31.26
N20002395,Lisburn_North_E4,103,293,396,35.15,73.99,5,391,396,1.26,190,37,395,48.1,9.37,10,186,396,2.53,46.97,77,6,397,19.4,1.51,149,164,44,22,396,37.63,41.41,11.11,5.56
N20002396,Lisburn_North_F3,55,295,350,18.64,84.29,1,349,350,0.29,118,0,347,34.01,0.00,47,122,350,13.43,34.86,34,22,348,9.77,6.32,69,88,48,33,351,19.66,25.07,13.68,9.4
N20002397,Lisburn_North_F4,58,418,476,13.88,87.82,5,471,476,1.05,107,22,477,22.43,4.61,54,217,476,11.34,45.59,83,28,475,17.47,5.89,115,125,44,50,475,24.21,26.32,9.26,10.53
N20002398,Lisburn_North_F5,149,305,454,48.85,67.18,12,442,454,2.64,151,103,453,33.33,22.74,42,97,454,9.25,21.37,34,17,454,7.49,3.74,68,142,65,148,457,14.88,31.07,14.22,32.39
N20002399,Lisburn_North_G1,146,558,704,26.16,79.26,14,691,705,1.99,287,15,704,40.77,2.13,60,315,706,8.5,44.62,143,19,704,20.31,2.7,249,191,56,29,705,35.32,27.09,7.94,4.11
N20002400,Lisburn_North_F6,42,261,303,16.09,86.14,2,302,304,0.66,75,8,304,24.67,2.63,83,81,304,27.3,26.64,36,23,304,11.84,7.57,47,77,44,6,304,15.46,25.33,14.47,1.97
N20002401,Lisburn_North_H1,112,290,402,38.62,72.14,4,398,402,1,219,17,398,55.03,4.27,50,141,403,12.41,34.99,69,19,402,17.16,4.73,152,81,47,29,402,37.81,20.15,11.69,7.21
N20002402,Lisburn_North_F7,71,342,413,20.76,82.81,5,408,413,1.21,122,37,415,29.4,8.92,75,75,411,18.25,18.25,23,19,413,5.57,4.6,26,134,107,50,413,6.3,32.45,25.91,12.11
N20002403,Lisburn_North_D4,66,337,403,19.58,83.62,4,399,403,0.99,110,20,403,27.3,4.96,35,153,403,8.68,37.97,58,13,404,14.36,3.22,87,116,65,50,403,21.59,28.78,16.13,12.41
N20002404,Lisburn_North_G2,195,850,1045,22.94,81.34,11,1034,1045,1.05,344,29,1045,32.92,2.78,87,286,1045,8.33,27.37,138,34,1045,13.21,3.25,225,145,93,36,1045,21.53,13.88,8.9,3.44
N20002405,Lisburn_North_H2,126,388,514,32.47,75.49,12,502,514,2.33,192,25,514,37.35,4.86,61,127,514,11.87,24.71,56,24,515,10.87,4.66,95,132,108,57,514,18.48,25.68,21.01,11.09
N20002406,Lisburn_North_H3,103,460,563,22.39,81.71,5,558,563,0.89,199,11,563,35.35,1.95,46,275,563,8.17,48.85,142,16,561,25.31,2.85,186,116,17,13,563,33.04,20.6,3.02,2.31
N20002407,Lisburn_North_J1,53,198,251,26.77,78.88,12,239,251,4.78,67,29,249,26.91,11.65,58,39,247,23.48,15.79,12,22,251,4.78,8.76,23,75,51,50,251,9.16,29.88,20.32,19.92
N20002408,Lisburn_North_G3,94,471,565,19.96,83.36,14,550,564,2.48,163,42,564,28.9,7.45,83,178,564,14.72,31.56,59,29,564,10.46,5.14,109,160,96,27,565,19.29,28.32,16.99,4.78
N20002409,Lisburn_North_J2,125,288,413,43.4,69.73,23,390,413,5.57,101,107,417,24.22,25.66,78,51,410,19.02,12.44,12,37,414,2.9,8.94,26,79,67,170,413,6.3,19.13,16.22,41.16
N20002410,Lisburn_North_H4,66,332,398,19.88,83.42,2,396,398,0.5,127,21,396,32.07,5.30,41,152,398,10.3,38.19,67,15,401,16.71,3.74,97,91,46,27,398,24.37,22.86,11.56,6.78
N20002411,Lisburn_North_J3,106,484,590,21.9,82.03,9,581,590,1.53,138,72,591,23.35,12.18,88,176,589,14.94,29.88,59,42,592,9.97,7.09,105,192,71,129,591,17.77,32.49,12.01,21.83
N20002412,Lisburn_North_G4,130,345,475,37.68,72.63,16,459,475,3.37,192,57,473,40.59,12.05,63,154,474,13.29,32.49,68,31,474,14.35,6.54,156,97,52,73,474,32.91,20.46,10.97,15.4
N20002413,Lisburn_North_H5,56,247,303,22.67,81.52,2,301,303,0.66,105,6,304,34.54,1.97,31,141,303,10.23,46.53,72,11,305,23.61,3.61,104,51,6,26,304,34.21,16.78,1.97,8.55
N20002414,Lisburn_North_J4,117,414,531,28.26,77.97,18,512,530,3.4,149,71,531,28.06,13.37,95,117,532,17.86,21.99,27,56,534,5.06,10.49,41,169,82,156,531,7.72,31.83,15.44,29.38
N20002415,Lisburn_North_J5,92,350,442,26.29,79.19,11,431,442,2.49,144,51,444,32.43,11.49,99,83,442,22.4,18.78,22,32,443,4.97,7.22,25,126,81,154,443,5.64,28.44,18.28,34.76
N20002416,Lisburn_North_G5,70,342,412,20.47,83.01,9,403,412,2.18,115,26,411,27.98,6.33,74,121,411,18,29.44,60,19,411,14.6,4.62,100,82,23,35,412,24.27,19.9,5.58,8.5
N20002417,Lisburn_North_G6,77,437,514,17.62,85.02,8,506,514,1.56,159,14,514,30.93,2.72,88,227,514,17.12,44.16,100,26,513,19.49,5.07,185,84,11,11,514,35.99,16.34,2.14,2.14
N20002418,Lisburn_North_K1,79,344,423,22.97,81.32,7,417,424,1.65,86,73,422,20.38,17.30,88,78,424,20.75,18.4,18,23,424,4.25,5.42,33,120,90,125,424,7.78,28.3,21.23,29.48
N20002419,Lisburn_North_K2,54,224,278,24.11,80.58,2,276,278,0.72,83,16,278,29.86,5.76,43,88,277,15.52,31.77,28,16,278,10.07,5.76,49,91,50,34,278,17.63,32.73,17.99,12.23
N20002420,Lisburn_North_K3,91,384,475,23.7,80.84,10,465,475,2.11,105,70,475,22.11,14.74,131,69,475,27.58,14.53,14,58,472,2.97,12.29,21,113,80,151,473,4.44,23.89,16.91,31.92
N20002421,Lisburn_North_K4,26,250,276,10.4,90.58,6,270,276,2.17,22,29,277,7.94,10.47,69,68,277,24.91,24.55,11,47,276,3.99,17.03,32,45,31,96,274,11.68,16.42,11.31,35.04
N20002422,Lisburn_North_K5,29,240,269,12.08,89.22,5,264,269,1.86,46,12,269,17.1,4.46,68,62,271,25.09,22.88,22,39,272,8.09,14.34,19,57,21,74,270,7.04,21.11,7.78,27.41
N20002423,Lisburn_North_K6,131,371,502,35.31,73.9,13,488,501,2.59,144,101,503,28.63,20.08,146,66,500,29.2,13.2,7,73,502,1.39,14.54,18,118,78,188,502,3.59,23.51,15.54,37.45
N20002424,Downshire_East_A1,117,416,533,28.13,78.05,7,526,533,1.31,208,25,533,39.02,4.69,35,281,534,6.55,52.62,131,24,536,24.44,4.48,222,114,16,26,534,41.57,21.35,3,4.87
N20002425,Downshire_East_A2,154,467,621,32.98,75.2,4,618,622,0.64,294,9,622,47.27,1.45,57,281,624,9.13,45.03,137,32,622,22.03,5.14,257,127,52,35,622,41.32,20.42,8.36,5.63
N20002426,Downshire_East_A3,97,363,460,26.72,78.91,2,458,460,0.43,193,16,460,41.96,3.48,29,231,459,6.32,50.33,96,15,460,20.87,3.26,183,127,29,16,461,39.7,27.55,6.29,3.47
N20002427,Downshire_East_A4,94,424,518,22.17,81.85,6,512,518,1.16,178,21,519,34.3,4.05,62,219,516,12.02,42.44,93,25,517,17.99,4.84,130,140,55,30,518,25.1,27.03,10.62,5.79
N20002428,Downshire_East_B1,44,191,235,23.04,81.28,4,231,235,1.7,56,16,233,24.03,6.87,53,42,235,22.55,17.87,13,12,235,5.53,5.11,25,49,49,53,238,10.5,20.59,20.59,22.27
N20002429,Downshire_East_B2,202,370,572,54.59,64.69,19,553,572,3.32,189,136,572,33.04,23.78,128,62,572,22.38,10.84,11,59,572,1.92,10.31,21,104,107,281,572,3.67,18.18,18.71,49.13
N20002430,Downshire_East_A5,118,312,430,37.82,72.56,4,425,429,0.93,225,3,426,52.82,0.70,52,148,428,12.15,34.58,85,20,431,19.72,4.64,188,92,37,20,432,43.52,21.3,8.56,4.63
N20002431,Downshire_East_B3,139,299,438,46.49,68.26,8,430,438,1.83,165,63,438,37.67,14.38,113,47,439,25.74,10.71,5,50,438,1.14,11.42,4,93,76,207,437,0.92,21.28,17.39,47.37
N20002432,Downshire_East_B4,81,403,484,20.1,83.26,12,472,484,2.48,110,46,485,22.68,9.48,163,70,483,33.75,14.49,11,102,483,2.28,21.12,18,85,55,183,484,3.72,17.56,11.36,37.81
N20002433,Downshire_East_A6,128,306,434,41.83,70.51,7,427,434,1.61,220,16,434,50.69,3.69,38,177,434,8.76,40.78,76,17,434,17.51,3.92,186,80,65,16,434,42.86,18.43,14.98,3.69
N20002434,Downshire_East_A7,50,217,267,23.04,81.27,3,264,267,1.12,79,17,267,29.59,6.37,52,63,268,19.4,23.51,22,18,268,8.21,6.72,30,75,49,49,266,11.28,28.2,18.42,18.42
N20002435,Downshire_East_C1,149,520,669,28.65,77.73,6,663,669,0.9,278,22,669,41.55,3.29,87,256,668,13.02,38.32,118,25,671,17.59,3.73,230,193,45,35,669,34.38,28.85,6.73,5.23
N20002436,Downshire_East_C2,95,355,450,26.76,78.89,8,442,450,1.78,177,19,451,39.25,4.21,39,203,452,8.63,44.91,101,11,456,22.15,2.41,165,127,33,27,450,36.67,28.22,7.33,6
N20002437,Downshire_East_C3,182,529,711,34.4,74.4,11,700,711,1.55,359,19,711,50.49,2.67,42,329,713,5.89,46.14,151,18,711,21.24,2.53,335,181,60,27,711,47.12,25.46,8.44,3.8
N20002438,Downshire_East_D1,94,382,476,24.61,80.25,8,468,476,1.68,174,26,475,36.63,5.47,45,200,475,9.47,42.11,80,12,475,16.84,2.53,158,89,46,42,476,33.19,18.7,9.66,8.82
N20002439,Downshire_East_D2,182,583,765,31.22,76.21,8,758,766,1.04,343,26,766,44.78,3.39,101,238,764,13.22,31.15,96,35,765,12.55,4.58,211,152,158,44,766,27.55,19.84,20.63,5.74
N20002440,Downshire_East_E1,122,522,644,23.37,81.06,5,639,644,0.78,200,34,644,31.06,5.28,100,230,641,15.6,35.88,86,45,647,13.29,6.96,183,127,94,73,644,28.42,19.72,14.6,11.34
N20002441,Downshire_East_E2,155,463,618,33.48,74.92,12,606,618,1.94,290,25,621,46.7,4.03,44,254,615,7.15,41.3,120,15,620,19.35,2.42,225,189,68,28,618,36.41,30.58,11,4.53
N20002442,Downshire_East_D3,134,413,547,32.45,75.5,6,540,546,1.1,246,20,547,44.97,3.66,63,180,548,11.5,32.85,74,16,548,13.5,2.92,179,141,83,28,548,32.66,25.73,15.15,5.11
N20002443,Downshire_East_E3,80,332,412,24.1,80.58,4,408,412,0.97,173,2,412,41.99,0.49,22,202,413,5.33,48.91,95,13,410,23.17,3.17,157,69,32,13,412,38.11,16.75,7.77,3.16
N20002444,Downshire_East_E4,128,448,576,28.57,77.78,1,572,573,0.17,230,14,575,40,2.43,47,220,576,8.16,38.19,93,10,575,16.17,1.74,196,145,81,26,576,34.03,25.17,14.06,4.51
N20002445,Downshire_East_D4,109,474,583,23,81.3,4,579,583,0.69,214,9,580,36.9,1.55,60,229,583,10.29,39.28,92,22,581,15.83,3.79,194,129,102,24,580,33.45,22.24,17.59,4.14
N20002446,Downshire_East_E5,122,481,603,25.36,79.77,11,592,603,1.82,231,12,602,38.37,1.99,77,213,605,12.73,35.21,84,21,602,13.95,3.49,157,178,81,34,603,26.04,29.52,13.43,5.64
N20002447,Downshire_East_F1,111,470,581,23.62,80.9,9,573,582,1.55,209,7,582,35.91,1.20,62,229,581,10.67,39.41,103,25,582,17.7,4.3,165,136,81,43,582,28.35,23.37,13.92,7.39
N20002448,Downshire_East_E6,94,391,485,24.04,80.62,15,470,485,3.09,161,28,485,33.2,5.77,73,154,485,15.05,31.75,57,16,483,11.8,3.31,101,141,82,62,484,20.87,29.13,16.94,12.81
N20002449,Downshire_East_F2,87,462,549,18.83,84.15,7,542,549,1.28,163,23,551,29.58,4.17,48,228,548,8.76,41.61,69,21,550,12.55,3.82,167,153,92,21,547,30.53,27.97,16.82,3.84
N20002450,Downshire_East_F3,136,396,532,34.34,74.44,5,527,532,0.94,232,30,532,43.61,5.64,42,218,534,7.87,40.82,93,20,532,17.48,3.76,186,175,56,20,532,34.96,32.89,10.53,3.76
N20002451,Downshire_East_G1,120,474,594,25.32,79.8,7,587,594,1.18,210,11,595,35.29,1.85,95,174,593,16.02,29.34,63,27,593,10.62,4.55,122,120,147,45,594,20.54,20.2,24.75,7.58
N20002452,Downshire_East_F4,115,390,505,29.49,77.23,6,499,505,1.19,215,9,505,42.57,1.78,54,174,504,10.71,34.52,72,15,507,14.2,2.96,145,91,119,39,506,28.66,17.98,23.52,7.71
N20002453,Downshire_East_G2,114,342,456,33.33,75,8,448,456,1.75,193,34,456,42.32,7.46,63,126,456,13.82,27.63,40,19,457,8.75,4.16,86,112,126,42,456,18.86,24.56,27.63,9.21
N20002454,Downshire_East_G3,208,414,622,50.24,66.56,23,599,622,3.7,336,75,624,53.85,12.02,87,117,623,13.96,18.78,31,39,621,4.99,6.28,84,170,170,130,623,13.48,27.29,27.29,20.87
N20002455,Downshire_East_G4,101,274,375,36.86,73.07,9,366,375,2.4,132,54,375,35.2,14.40,59,75,376,15.69,19.95,27,17,375,7.2,4.53,38,102,81,84,372,10.22,27.42,21.77,22.58
N20002456,Castlereagh_South_A1,138,529,667,26.09,79.31,13,654,667,1.95,248,50,667,37.18,7.50,67,288,668,10.03,43.11,119,30,667,17.84,4.5,219,178,86,63,667,32.83,26.69,12.89,9.45
N20002457,Castlereagh_South_A2,103,390,493,26.41,79.11,11,482,493,2.23,199,30,491,40.53,6.11,57,203,493,11.56,41.18,83,17,493,16.84,3.45,182,127,45,40,494,36.84,25.71,9.11,8.1
N20002458,Castlereagh_South_B1,99,470,569,21.06,82.6,8,561,569,1.41,212,9,571,37.13,1.58,43,303,569,7.56,53.25,137,18,570,24.04,3.16,264,137,30,16,569,46.4,24.08,5.27,2.81
N20002459,Castlereagh_South_A3,96,396,492,24.24,80.49,12,481,493,2.43,172,31,492,34.96,6.30,85,176,489,17.38,35.99,57,26,492,11.59,5.28,108,146,65,40,492,21.95,29.67,13.21,8.13
N20002460,Castlereagh_South_B2,40,207,247,19.32,83.81,3,244,247,1.21,62,21,246,25.2,8.54,29,97,246,11.79,39.43,28,14,249,11.24,5.62,61,77,36,42,246,24.8,31.3,14.63,17.07
N20002461,Castlereagh_South_C1,131,595,726,22.02,81.96,11,715,726,1.52,193,75,727,26.55,10.32,78,335,729,10.7,45.95,128,40,726,17.63,5.51,222,201,67,82,727,30.54,27.65,9.22,11.28
N20002462,Castlereagh_South_C2,100,380,480,26.32,79.17,20,460,480,4.17,119,65,480,24.79,13.54,91,136,480,18.96,28.33,35,48,479,7.31,10.02,52,150,83,92,480,10.83,31.25,17.29,19.17
N20002463,Castlereagh_South_A4,107,344,451,31.1,76.27,5,446,451,1.11,211,20,449,46.99,4.45,48,179,452,10.62,39.6,67,18,451,14.86,3.99,155,133,52,29,454,34.14,29.3,11.45,6.39
N20002464,Castlereagh_South_B3,88,349,437,25.21,79.86,7,430,437,1.6,149,24,437,34.1,5.49,58,179,437,13.27,40.96,78,16,437,17.85,3.66,141,98,39,16,437,32.27,22.43,8.92,3.66
N20002465,Castlereagh_South_B4,78,347,425,22.48,81.65,12,413,425,2.82,144,25,426,33.8,5.87,43,169,424,10.14,39.86,69,18,425,16.24,4.24,126,102,53,34,425,29.65,24,12.47,8
N20002466,Castlereagh_South_C3,44,196,240,22.45,81.67,3,237,240,1.25,81,14,241,33.61,5.81,30,93,238,12.61,39.08,28,8,238,11.76,3.36,43,65,51,23,241,17.84,26.97,21.16,9.54
N20002467,Castlereagh_South_B5,132,525,657,25.14,79.91,17,640,657,2.59,254,36,655,38.78,5.50,66,251,657,10.05,38.2,105,23,657,15.98,3.5,203,187,55,46,658,30.85,28.42,8.36,6.99
N20002468,Castlereagh_South_A5,130,427,557,30.44,76.66,9,551,560,1.61,232,28,555,41.8,5.05,57,242,557,10.23,43.45,84,26,556,15.11,4.68,178,174,23,43,555,32.07,31.35,4.14,7.75
N20002469,Castlereagh_South_B6,71,296,367,23.99,80.65,5,362,367,1.36,147,19,366,40.16,5.19,27,162,367,7.36,44.14,60,8,369,16.26,2.17,138,137,41,15,367,37.6,37.33,11.17,4.09
N20002470,Castlereagh_South_C4,147,527,674,27.89,78.19,8,666,674,1.19,289,30,673,42.94,4.46,51,292,674,7.57,43.32,136,19,675,20.15,2.81,297,154,27,38,674,44.07,22.85,4.01,5.64
N20002471,Castlereagh_South_B7,68,346,414,19.65,83.57,3,407,410,0.73,134,27,412,32.52,6.55,44,186,412,10.68,45.15,75,14,413,18.16,3.39,156,97,54,45,412,37.86,23.54,13.11,10.92
N20002472,Castlereagh_South_E1,92,373,465,24.66,80.22,2,461,463,0.43,185,7,465,39.78,1.51,51,206,464,10.99,44.4,95,20,464,20.47,4.31,175,76,53,14,466,37.55,16.31,11.37,3
N20002473,Castlereagh_South_D1,87,358,445,24.3,80.45,3,442,445,0.67,173,9,445,38.88,2.02,51,190,445,11.46,42.7,86,18,447,19.24,4.03,141,118,35,15,445,31.69,26.52,7.87,3.37
N20002474,Castlereagh_South_D2,134,580,714,23.1,81.23,14,700,714,1.96,276,20,712,38.76,2.81,27,380,715,3.78,53.15,185,20,719,25.73,2.78,362,188,55,26,711,50.91,26.44,7.74,3.66
N20002475,Castlereagh_South_D3,78,388,466,20.1,83.26,1,466,467,0.21,148,7,467,31.69,1.50,55,241,467,11.78,51.61,90,16,466,19.31,3.43,156,87,26,15,467,33.4,18.63,5.57,3.21
N20002476,Castlereagh_South_E2,167,526,693,31.75,75.9,9,684,693,1.3,334,29,693,48.2,4.18,37,330,695,5.32,47.48,140,18,693,20.2,2.6,316,192,73,42,692,45.66,27.75,10.55,6.07
N20002477,Castlereagh_South_D4,69,340,409,20.29,83.13,2,407,409,0.49,127,8,409,31.05,1.96,21,230,409,5.13,56.23,102,9,409,24.94,2.2,170,116,19,9,410,41.46,28.29,4.63,2.2
N20002478,Castlereagh_South_D5,143,651,794,21.97,81.99,9,785,794,1.13,318,6,794,40.05,0.76,87,410,794,10.96,51.64,184,76,794,23.17,9.57,405,129,25,14,794,51.01,16.25,3.15,1.76
N20002479,Castlereagh_South_E3,76,259,335,29.34,77.31,4,332,336,1.19,144,11,338,42.6,3.25,41,135,335,12.24,40.3,44,8,336,13.1,2.38,102,120,52,30,337,30.27,35.61,15.43,8.9
N20002480,Castlereagh_South_E4,236,377,613,62.6,61.5,6,608,614,0.98,470,17,615,76.42,2.76,28,293,613,4.57,47.8,182,6,613,29.69,0.98,379,142,59,14,613,61.83,23.16,9.62,2.28
N20002481,Castlereagh_South_F1,172,560,732,30.71,76.5,33,699,732,4.51,238,108,727,32.74,14.86,110,210,732,15.03,28.69,82,83,732,11.2,11.34,192,175,82,148,732,26.23,23.91,11.2,20.22
N20002482,Castlereagh_South_E5,249,450,699,55.33,64.38,9,690,699,1.29,470,27,699,67.24,3.86,30,330,699,4.29,47.21,160,12,698,22.92,1.72,405,181,45,34,699,57.94,25.89,6.44,4.86
N20002483,Castlereagh_South_E6,162,651,813,24.88,80.07,12,798,810,1.48,338,20,807,41.88,2.48,52,386,814,6.39,47.42,174,32,816,21.32,3.92,412,171,66,35,813,50.68,21.03,8.12,4.31
N20002484,Castlereagh_South_F2,158,682,840,23.17,81.19,14,826,840,1.67,316,16,840,37.62,1.90,160,279,838,19.09,33.29,119,144,840,14.17,17.14,244,132,65,66,840,29.05,15.71,7.74,7.86
N20002485,Castlereagh_South_J1,86,320,406,26.88,78.82,11,395,406,2.71,167,19,405,41.23,4.69,31,166,407,7.62,40.79,77,18,404,19.06,4.46,129,120,36,30,406,31.77,29.56,8.87,7.39
N20002486,Castlereagh_South_J2,37,231,268,16.02,86.19,4,263,267,1.5,68,5,268,25.37,1.87,40,124,266,15.04,46.62,51,19,267,19.1,7.12,89,45,29,11,267,33.33,16.85,10.86,4.12
N20002487,Castlereagh_South_J3,135,599,734,22.54,81.61,11,724,735,1.5,269,29,733,36.7,3.96,39,379,734,5.31,51.63,153,19,732,20.9,2.6,356,190,55,32,735,48.44,25.85,7.48,4.35
N20002488,Castlereagh_South_J4,150,407,557,36.86,73.07,6,550,556,1.08,283,22,558,50.72,3.94,48,248,562,8.54,44.13,102,20,560,18.21,3.57,237,151,55,21,557,42.55,27.11,9.87,3.77
N20002489,Castlereagh_South_G1,60,278,338,21.58,82.25,5,333,338,1.48,92,27,336,27.38,8.04,42,117,339,12.39,34.51,45,18,337,13.35,5.34,78,107,34,29,338,23.08,31.66,10.06,8.58
N20002490,Castlereagh_South_G2,113,516,629,21.9,82.03,12,617,629,1.91,213,21,630,33.81,3.33,113,211,628,17.99,33.6,89,50,629,14.15,7.95,146,131,63,27,629,23.21,20.83,10.02,4.29
N20002491,Castlereagh_South_G3,113,440,553,25.68,79.57,11,545,556,1.98,222,23,555,40,4.14,61,195,556,10.97,35.07,90,22,553,16.27,3.98,147,134,63,37,556,26.44,24.1,11.33,6.65
N20002492,Castlereagh_South_H1,68,280,348,24.29,80.46,12,337,349,3.44,94,46,348,27.01,13.22,67,83,348,19.25,23.85,20,19,350,5.71,5.43,42,122,67,74,349,12.03,34.96,19.2,21.2
N20002493,Castlereagh_South_H2,114,240,354,47.5,67.8,15,339,354,4.24,62,110,353,17.56,31.16,78,40,354,22.03,11.3,14,49,354,3.95,13.84,25,54,45,136,354,7.06,15.25,12.71,38.42
N20002494,Castlereagh_South_H3,109,306,415,35.62,73.73,3,412,415,0.72,152,65,415,36.63,15.66,31,157,415,7.47,37.83,66,9,416,15.87,2.16,131,153,67,40,415,31.57,36.87,16.14,9.64
N20002495,Castlereagh_South_G4,176,488,664,36.07,73.49,11,653,664,1.66,339,25,662,51.21,3.78,49,259,666,7.36,38.89,116,22,662,17.52,3.32,297,203,44,34,664,44.73,30.57,6.63,5.12
N20002496,Castlereagh_South_H4,201,537,738,37.43,72.76,18,720,738,2.44,358,67,740,48.38,9.05,62,234,738,8.4,31.71,70,22,737,9.5,2.99,174,294,120,74,736,23.64,39.95,16.3,10.05
N20002497,Castlereagh_South_H5,121,353,474,34.28,74.47,4,470,474,0.84,203,38,474,42.83,8.02,50,146,474,10.55,30.8,43,23,474,9.07,4.85,107,155,86,74,473,22.62,32.77,18.18,15.64
N20002498,Castlereagh_South_J5,89,313,402,28.43,77.86,4,398,402,1,190,11,404,47.03,2.72,31,149,402,7.71,37.06,66,15,402,16.42,3.73,110,117,69,32,402,27.36,29.1,17.16,7.96
N20002499,Castlereagh_South_J6,165,524,689,31.49,76.05,7,682,689,1.02,305,14,689,44.27,2.03,60,273,689,8.71,39.62,118,22,688,17.15,3.2,292,178,56,34,689,42.38,25.83,8.13,4.93
N20002500,Castlereagh_East_A1,183,734,917,24.93,80.04,12,905,917,1.31,389,30,919,42.33,3.26,134,262,918,14.6,28.54,86,36,917,9.38,3.93,212,335,142,65,917,23.12,36.53,15.49,7.09
N20002501,Castlereagh_East_A2,81,423,504,19.15,83.93,4,501,505,0.79,182,3,505,36.04,0.59,58,199,504,11.51,39.48,75,11,504,14.88,2.18,146,144,60,38,504,28.97,28.57,11.9,7.54
N20002502,Castlereagh_East_C1,69,347,416,19.88,83.41,7,407,414,1.69,131,18,416,31.49,4.33,57,95,413,13.8,23,31,18,414,7.49,4.35,69,126,74,51,414,16.67,30.43,17.87,12.32
N20002503,Castlereagh_East_C2,113,454,567,24.89,80.07,7,560,567,1.23,211,13,568,37.15,2.29,57,193,567,10.05,34.04,60,20,568,10.56,3.52,122,226,95,45,567,21.52,39.86,16.75,7.94
N20002504,Castlereagh_East_C3,65,238,303,27.31,78.55,7,296,303,2.31,95,26,302,31.46,8.61,43,67,303,14.19,22.11,19,12,299,6.35,4.01,34,87,70,49,303,11.22,28.71,23.1,16.17
N20002505,Castlereagh_East_B1,194,337,531,57.57,63.47,13,518,531,2.45,382,8,530,72.08,1.51,19,215,533,3.56,40.34,86,6,531,16.2,1.13,240,190,53,23,530,45.28,35.85,10,4.34
N20002506,Castlereagh_East_C4,56,270,326,20.74,82.82,6,320,326,1.84,87,8,325,26.77,2.46,58,86,325,17.85,26.46,16,16,325,4.92,4.92,48,100,56,51,324,14.81,30.86,17.28,15.74
N20002507,Castlereagh_East_C5,25,202,227,12.38,88.99,5,222,227,2.2,40,11,228,17.54,4.82,59,50,227,25.99,22.03,6,24,227,2.64,10.57,20,61,28,30,225,8.89,27.11,12.44,13.33
N20002508,Castlereagh_East_D1,67,453,520,14.79,87.12,10,510,520,1.92,97,35,519,18.69,6.74,72,203,522,13.79,38.89,61,31,520,11.73,5.96,95,167,48,77,520,18.27,32.12,9.23,14.81
N20002509,Castlereagh_East_B2,151,413,564,36.56,73.23,5,559,564,0.89,293,21,564,51.95,3.72,35,236,564,6.21,41.84,97,8,565,17.17,1.42,200,217,66,46,564,35.46,38.48,11.7,8.16
N20002510,Castlereagh_East_E1,58,286,344,20.28,83.14,8,336,344,2.33,52,59,346,15.03,17.05,77,47,344,22.38,13.66,9,39,344,2.62,11.34,11,93,83,111,344,3.2,27.03,24.13,32.27
N20002511,Castlereagh_East_A3,114,388,502,29.38,77.29,14,489,503,2.78,112,84,502,22.31,16.73,113,71,502,22.51,14.14,19,39,502,3.78,7.77,38,86,113,158,501,7.58,17.17,22.55,31.54
N20002512,Castlereagh_East_E2,93,378,471,24.6,80.25,8,463,471,1.7,108,51,470,22.98,10.85,110,104,471,23.35,22.08,36,44,471,7.64,9.34,63,95,64,109,471,13.38,20.17,13.59,23.14
N20002513,Castlereagh_East_B3,47,312,359,15.06,86.91,12,347,359,3.34,67,19,359,18.66,5.29,87,70,354,24.58,19.77,19,48,360,5.28,13.33,33,101,32,84,359,9.19,28.13,8.91,23.4
N20002514,Castlereagh_East_A4,126,470,596,26.81,78.86,15,581,596,2.52,150,99,596,25.17,16.61,145,68,596,24.33,11.41,20,60,596,3.36,10.07,23,132,108,186,596,3.86,22.15,18.12,31.21
N20002515,Castlereagh_East_B4,137,424,561,32.31,75.58,17,544,561,3.03,245,59,561,43.67,10.52,59,165,561,10.52,29.41,71,16,561,12.66,2.85,143,202,99,58,561,25.49,36.01,17.65,10.34
N20002516,Castlereagh_East_D2,119,465,584,25.59,79.62,13,571,584,2.23,195,37,584,33.39,6.34,63,211,583,10.81,36.19,48,16,586,8.19,2.73,82,263,66,68,584,14.04,45.03,11.3,11.64
N20002517,Castlereagh_East_E3,103,206,309,50,66.67,10,299,309,3.24,114,46,310,36.77,14.84,73,33,309,23.62,10.68,13,30,309,4.21,9.71,2,98,76,98,309,0.65,31.72,24.6,31.72
N20002518,Castlereagh_East_B5,100,363,463,27.55,78.4,8,454,462,1.73,228,16,465,49.03,3.44,37,163,463,7.99,35.21,55,6,463,11.88,1.3,102,215,56,44,463,22.03,46.44,12.1,9.5
N20002519,Castlereagh_East_D3,60,240,300,25,80,1,299,300,0.33,123,11,299,41.14,3.68,25,96,300,8.33,32,45,7,298,15.1,2.35,67,118,51,10,300,22.33,39.33,17,3.33
N20002520,Castlereagh_East_C6,124,415,539,29.88,76.99,11,528,539,2.04,178,46,539,33.02,8.53,103,149,539,19.11,27.64,45,40,538,8.36,7.43,93,165,52,72,540,17.22,30.56,9.63,13.33
N20002521,Castlereagh_East_F1,109,380,489,28.68,77.71,17,473,490,3.47,99,106,490,20.2,21.63,107,72,490,21.84,14.69,12,43,489,2.45,8.79,38,120,108,155,490,7.76,24.49,22.04,31.63
N20002522,Castlereagh_East_F2,79,291,370,27.15,78.65,11,359,370,2.97,86,70,370,23.24,18.92,100,44,370,27.03,11.89,9,28,370,2.43,7.57,10,93,70,99,370,2.7,25.14,18.92,26.76
N20002523,Castlereagh_East_F3,80,281,361,28.47,77.84,12,349,361,3.32,77,75,362,21.27,20.72,111,39,361,30.75,10.8,11,40,361,3.05,11.08,22,69,58,167,360,6.11,19.17,16.11,46.39
N20002524,Castlereagh_East_D4,96,429,525,22.38,81.71,12,513,525,2.29,161,35,526,30.61,6.65,69,163,526,13.12,30.99,45,35,527,8.54,6.64,74,149,98,88,524,14.12,28.44,18.7,16.79
N20002525,Castlereagh_East_E4,73,295,368,24.75,80.16,7,361,368,1.9,120,22,368,32.61,5.98,75,98,368,20.38,26.63,37,34,369,10.03,9.21,83,77,60,61,368,22.55,20.92,16.3,16.58
N20002526,Castlereagh_East_H1,154,412,566,37.38,72.79,4,562,566,0.71,314,23,567,55.38,4.06,22,250,567,3.88,44.09,80,7,566,14.13,1.24,159,263,67,54,566,28.09,46.47,11.84,9.54
N20002527,Castlereagh_East_F4,153,481,634,31.81,75.87,18,616,634,2.84,175,118,636,27.52,18.55,162,85,634,25.55,13.41,20,76,634,3.15,11.99,28,154,101,266,634,4.42,24.29,15.93,41.96
N20002528,Castlereagh_East_H2,105,239,344,43.93,69.48,3,341,344,0.87,195,30,344,56.69,8.72,4,153,344,1.16,44.48,49,2,345,14.2,0.58,127,148,46,18,344,36.92,43.02,13.37,5.23
N20002529,Castlereagh_East_F5,71,278,349,25.54,79.66,11,338,349,3.15,87,54,349,24.93,15.47,105,46,348,30.17,13.22,11,37,346,3.18,10.69,19,69,76,102,349,5.44,19.77,21.78,29.23
N20002530,Castlereagh_East_E5,89,372,461,23.92,80.69,16,447,463,3.46,109,56,462,23.59,12.12,145,43,461,31.45,9.33,12,44,462,2.6,9.52,20,101,91,130,462,4.33,21.86,19.7,28.14
N20002531,Castlereagh_East_G1,32,291,323,11,90.09,4,320,324,1.23,59,21,321,18.38,6.54,45,108,324,13.89,33.33,31,23,324,9.57,7.1,41,123,47,28,324,12.65,37.96,14.51,8.64
N20002532,Castlereagh_East_G2,89,375,464,23.73,80.82,12,452,464,2.59,175,30,463,37.8,6.48,44,160,465,9.46,34.41,62,23,463,13.39,4.97,139,119,58,54,464,29.96,25.65,12.5,11.64
N20002533,Castlereagh_East_H3,92,246,338,37.4,72.78,14,324,338,4.14,89,79,340,26.18,23.24,88,40,338,26.04,11.83,8,36,340,2.35,10.59,19,78,55,142,337,5.64,23.15,16.32,42.14
N20002534,Castlereagh_East_G3,115,426,541,27,78.74,14,527,541,2.59,181,50,541,33.46,9.24,92,141,541,17.01,26.06,39,41,542,7.2,7.56,71,168,70,105,541,13.12,31.05,12.94,19.41
N20002535,Castlereagh_East_H4,88,276,364,31.88,75.82,7,356,363,1.93,173,13,364,47.53,3.57,33,134,364,9.07,36.81,49,11,364,13.46,3.02,78,152,43,26,363,21.49,41.87,11.85,7.16
N20002536,Castlereagh_East_G4,100,464,564,21.55,82.27,5,559,564,0.89,195,31,563,34.64,5.51,66,193,564,11.7,34.22,79,25,566,13.96,4.42,147,167,77,24,564,26.06,29.61,13.65,4.26
N20002537,Castlereagh_East_G5,42,288,330,14.58,87.27,6,324,330,1.82,85,2,330,25.76,0.61,59,102,330,17.88,30.91,40,17,328,12.2,5.18,52,99,28,15,330,15.76,30,8.48,4.55
N20002538,Castlereagh_East_H5,107,328,435,32.62,75.4,9,426,435,2.07,214,13,435,49.2,2.99,24,177,435,5.52,40.69,66,5,436,15.14,1.15,167,135,87,32,435,38.39,31.03,20,7.36
N20002539,Castlereagh_East_H6,106,307,413,34.53,74.33,14,402,416,3.37,210,26,416,50.48,6.25,14,193,416,3.37,46.39,91,7,417,21.82,1.68,189,131,55,20,416,45.43,31.49,13.22,4.81
N20002540,Castlereagh_East_J1,70,361,431,19.39,83.76,9,422,431,2.09,144,5,432,33.33,1.16,54,173,429,12.59,40.33,76,15,432,17.59,3.47,129,112,52,22,429,30.07,26.11,12.12,5.13
N20002541,Castlereagh_East_J2,104,357,461,29.13,77.44,8,453,461,1.74,181,9,462,39.18,1.95,60,153,461,13.02,33.19,70,22,463,15.12,4.75,132,96,78,26,461,28.63,20.82,16.92,5.64
N20002542,Castlereagh_East_J3,63,305,368,20.66,82.88,5,363,368,1.36,121,12,370,32.7,3.24,62,108,366,16.94,29.51,53,27,369,14.36,7.32,104,99,34,23,367,28.34,26.98,9.26,6.27
N20002543,Castlereagh_East_J4,48,219,267,21.92,82.02,3,264,267,1.12,76,26,268,28.36,9.70,54,62,266,20.3,23.31,25,18,268,9.33,6.72,34,73,33,32,266,12.78,27.44,12.41,12.03
N20002544,Castlereagh_East_K1,73,310,383,23.55,80.94,5,378,383,1.31,128,36,383,33.42,9.40,89,69,383,23.24,18.02,25,28,383,6.53,7.31,47,84,103,56,383,12.27,21.93,26.89,14.62
N20002545,Castlereagh_East_K2,138,462,600,29.87,77,9,591,600,1.5,249,20,599,41.57,3.34,62,194,600,10.33,32.33,73,23,601,12.15,3.83,178,172,77,63,600,29.67,28.67,12.83,10.5
N20002546,Castlereagh_East_K3,117,494,611,23.68,80.85,3,610,613,0.49,250,12,611,40.92,1.96,61,210,612,9.97,34.31,106,26,610,17.38,4.26,179,197,77,23,611,29.3,32.24,12.6,3.76
N20002547,Castlereagh_East_J5,137,495,632,27.68,78.32,7,630,637,1.1,238,8,632,37.66,1.27,108,184,632,17.09,29.11,73,37,634,11.51,5.84,188,137,94,28,634,29.65,21.61,14.83,4.42
N20002548,Bannside_A1,165,485,650,34.02,74.62,9,641,650,1.38,307,27,652,47.09,4.14,122,147,649,18.8,22.65,47,32,650,7.23,4.92,96,140,197,76,650,14.77,21.54,30.31,11.69
N20002549,Bannside_A2,124,436,560,28.44,77.86,10,550,560,1.79,261,0,560,46.61,0.00,120,125,558,21.51,22.4,47,43,558,8.42,7.71,98,117,172,43,560,17.5,20.89,30.71,7.68
N20002550,Bannside_C1,149,443,592,33.63,74.83,7,585,592,1.18,329,5,596,55.2,0.84,93,132,592,15.71,22.3,47,28,590,7.97,4.75,125,126,174,56,592,21.11,21.28,29.39,9.46
N20002551,Bannside_A3,78,341,419,22.87,81.38,3,416,419,0.72,133,20,416,31.97,4.81,93,113,418,22.25,27.03,35,20,418,8.37,4.78,57,80,124,52,419,13.6,19.09,29.59,12.41
N20002552,Bannside_C2,119,338,457,35.21,73.96,3,454,457,0.66,208,29,457,45.51,6.35,82,113,457,17.94,24.73,46,17,461,9.98,3.69,91,112,101,57,457,19.91,24.51,22.1,12.47
N20002553,Bannside_C3,101,333,434,30.33,76.73,6,428,434,1.38,187,14,434,43.09,3.23,82,97,434,18.89,22.35,33,15,434,7.6,3.46,76,107,115,43,436,17.43,24.54,26.38,9.86
N20002554,Bannside_B1,87,267,354,32.58,75.42,8,346,354,2.26,87,58,355,24.51,16.34,104,43,354,29.38,12.15,11,50,354,3.11,14.12,18,54,65,144,354,5.08,15.25,18.36,40.68
N20002555,Bannside_B2,100,411,511,24.33,80.43,11,500,511,2.15,167,32,512,32.62,6.25,99,137,511,19.37,26.81,41,34,512,8.01,6.64,86,100,101,85,513,16.76,19.49,19.69,16.57
N20002556,Bannside_B3,119,386,505,30.83,76.44,8,497,505,1.58,129,85,505,25.54,16.83,155,43,505,30.69,8.51,8,68,505,1.58,13.47,10,104,89,204,504,1.98,20.63,17.66,40.48
N20002557,Bannside_B4,108,463,571,23.33,81.09,6,566,572,1.05,202,38,570,35.44,6.67,102,135,571,17.86,23.64,42,27,571,7.36,4.73,94,131,129,65,570,16.49,22.98,22.63,11.4
N20002558,Bannside_B5,55,285,340,19.3,83.82,13,327,340,3.82,62,47,338,18.34,13.91,127,45,340,37.35,13.24,10,42,343,2.92,12.24,17,46,59,118,340,5,13.53,17.35,34.71
N20002559,Bannside_B6,55,323,378,17.03,85.45,3,375,378,0.79,87,23,377,23.08,6.10,99,80,378,26.19,21.16,24,31,377,6.37,8.22,46,85,71,74,377,12.2,22.55,18.83,19.63
N20002560,Bannside_D1,103,281,384,36.65,73.18,5,379,384,1.3,126,74,385,32.73,19.22,70,74,384,18.23,19.27,9,39,384,2.34,10.16,31,77,78,120,379,8.18,20.32,20.58,31.66
N20002561,Bannside_D2,106,325,431,32.62,75.41,8,422,430,1.86,173,40,431,40.14,9.28,84,94,431,19.49,21.81,25,27,431,5.8,6.26,65,81,129,110,433,15.01,18.71,29.79,25.4
N20002562,Bannside_D3,115,440,555,26.14,79.28,7,548,555,1.26,164,54,559,29.34,9.66,106,128,555,19.1,23.06,37,53,555,6.67,9.55,79,130,98,135,555,14.23,23.42,17.66,24.32
N20002563,Bannside_C4,183,557,740,32.85,75.27,9,731,740,1.22,336,18,740,45.41,2.43,130,184,741,17.54,24.83,49,25,740,6.62,3.38,97,210,211,50,741,13.09,28.34,28.48,6.75
N20002564,Bannside_A4,100,564,664,17.73,84.94,9,655,664,1.36,189,14,665,28.42,2.11,134,192,665,20.15,28.87,54,33,665,8.12,4.96,102,138,149,72,664,15.36,20.78,22.44,10.84
N20002565,Bannside_E1,42,245,287,17.14,85.37,3,283,286,1.05,91,11,286,31.82,3.85,27,111,287,9.41,38.68,57,11,286,19.93,3.85,88,88,41,27,287,30.66,30.66,14.29,9.41
N20002566,Bannside_E2,94,297,391,31.65,75.96,12,379,391,3.07,169,23,392,43.11,5.87,74,93,391,18.93,23.79,32,14,391,8.18,3.58,65,91,89,60,391,16.62,23.27,22.76,15.35
N20002567,Bannside_E3,137,424,561,32.31,75.58,18,543,561,3.21,171,90,563,30.37,15.99,106,91,560,18.93,16.25,24,29,561,4.28,5.17,40,164,125,146,561,7.13,29.23,22.28,26.02
N20002568,Bannside_E4,71,259,330,27.41,78.48,7,323,330,2.12,100,41,331,30.21,12.39,60,88,330,18.18,26.67,25,22,331,7.55,6.65,58,82,58,89,328,17.68,25,17.68,27.13
N20002569,Bannside_E5,72,300,372,24,80.65,3,368,371,0.81,150,17,372,40.32,4.57,37,158,372,9.95,42.47,55,6,372,14.78,1.61,127,131,19,20,371,34.23,35.31,5.12,5.39
N20002570,Bannside_E6,91,331,422,27.49,78.44,3,419,422,0.71,177,15,424,41.75,3.54,56,179,422,13.27,42.42,73,16,423,17.26,3.78,132,133,21,16,421,31.35,31.59,4.99,3.8
N20002571,Bannside_F1,116,382,498,30.37,76.71,6,492,498,1.2,215,18,498,43.17,3.61,97,118,498,19.48,23.69,40,24,497,8.05,4.83,79,134,94,75,498,15.86,26.91,18.88,15.06
N20002572,Bannside_F2,79,470,549,16.81,85.61,8,541,549,1.46,165,15,547,30.16,2.74,90,118,549,16.39,21.49,33,20,549,6.01,3.64,73,158,99,91,549,13.3,28.78,18.03,16.58
N20002573,Bannside_E7,94,399,493,23.56,80.93,5,486,491,1.02,177,18,491,36.05,3.67,77,172,490,15.71,35.1,56,29,489,11.45,5.93,121,138,55,45,491,24.64,28.11,11.2,9.16
N20002574,Bannside_F3,127,527,654,24.1,80.58,9,646,655,1.37,256,34,654,39.14,5.20,91,186,652,13.96,28.53,54,16,654,8.26,2.45,123,195,140,90,654,18.81,29.82,21.41,13.76
N20002575,Bannside_F4,25,153,178,16.34,85.96,5,173,178,2.81,20,28,178,11.24,15.73,77,18,177,43.5,10.17,2,31,171,1.17,18.13,10,12,17,74,182,5.49,6.59,9.34,40.66
N20002576,Bannside_G1,150,418,568,35.89,73.59,7,560,567,1.23,201,89,563,35.7,15.81,141,66,567,24.87,11.64,17,45,567,3,7.94,28,106,150,192,568,4.93,18.66,26.41,33.8
N20002577,Bannside_H1,123,465,588,26.45,79.08,9,581,590,1.53,241,6,587,41.06,1.02,110,158,590,18.64,26.78,43,41,586,7.34,7,108,129,157,52,588,18.37,21.94,26.7,8.84
N20002578,Bannside_G2,135,398,533,33.92,74.67,6,527,533,1.13,251,49,534,47,9.18,79,145,534,14.79,27.15,47,28,530,8.87,5.28,112,183,97,85,533,21.01,34.33,18.2,15.95
N20002579,Bannside_G3,141,418,559,33.73,74.78,14,544,558,2.51,231,69,559,41.32,12.34,90,124,559,16.1,22.18,37,25,558,6.63,4.48,68,174,119,101,558,12.19,31.18,21.33,18.1
N20002580,Bannside_H2,134,409,543,32.76,75.32,10,533,543,1.84,218,19,543,40.15,3.50,109,144,543,20.07,26.52,46,24,543,8.47,4.42,136,109,127,55,543,25.05,20.07,23.39,10.13
N20002581,Bannside_J1,139,494,633,28.14,78.04,5,628,633,0.79,245,6,631,38.83,0.95,102,190,633,16.11,30.02,64,27,634,10.09,4.26,137,145,153,26,633,21.64,22.91,24.17,4.11
N20002582,Bannside_J2,126,503,629,25.05,79.97,4,625,629,0.64,254,14,630,40.32,2.22,110,210,625,17.6,33.6,81,32,628,12.9,5.1,129,129,155,76,631,20.44,20.44,24.56,12.04
N20002583,Bannside_H3,170,443,613,38.37,72.27,8,606,614,1.3,298,25,614,48.53,4.07,76,184,614,12.38,29.97,55,38,615,8.94,6.18,178,126,122,58,613,29.04,20.55,19.9,9.46
N20002584,Bannside_J3,170,516,686,32.95,75.22,4,682,686,0.58,306,38,688,44.48,5.52,110,193,687,16.01,28.09,59,31,684,8.63,4.53,148,162,166,86,689,21.48,23.51,24.09,12.48
N20002585,Bannside_H4,167,440,607,37.95,72.49,14,593,607,2.31,288,20,607,47.45,3.29,77,186,606,12.71,30.69,42,26,606,6.93,4.29,149,125,175,33,607,24.55,20.59,28.83,5.44
N20002586,Bannside_J4,181,427,608,42.39,70.23,12,595,607,1.98,272,77,603,45.11,12.77,98,151,606,16.17,24.92,45,26,606,7.43,4.29,89,182,166,61,607,14.66,29.98,27.35,10.05
N20002587,Ballymena_A1,93,245,338,37.96,72.49,13,325,338,3.85,95,76,336,28.27,22.62,95,24,338,28.11,7.1,4,37,338,1.18,10.95,6,66,73,138,338,1.78,19.53,21.6,40.83
N20002588,Ballymena_A2,172,396,568,43.43,69.72,25,543,568,4.4,118,162,568,20.77,28.52,168,48,569,29.53,8.44,8,82,568,1.41,14.44,11,74,115,313,569,1.93,13.01,20.21,55.01
N20002589,Ballymena_A3,158,349,507,45.27,68.84,25,482,507,4.93,124,148,507,24.46,29.19,134,60,507,26.43,11.83,8,80,507,1.58,15.78,17,76,92,248,507,3.35,14.99,18.15,48.92
N20002590,Ballymena_D1,118,349,467,33.81,74.73,11,456,467,2.36,208,41,468,44.44,8.76,58,138,466,12.45,29.61,43,18,468,9.19,3.85,108,131,98,49,468,23.08,27.99,20.94,10.47
N20002591,Ballymena_B1,64,302,366,21.19,82.51,5,361,366,1.37,105,27,367,28.61,7.36,77,106,365,21.1,29.04,35,15,365,9.59,4.11,51,53,66,45,364,14.01,14.56,18.13,12.36
N20002592,Ballymena_C1,89,352,441,25.28,79.82,9,432,441,2.04,136,34,441,30.84,7.71,94,88,440,21.36,20,22,26,440,5,5.91,51,82,120,71,442,11.54,18.55,27.15,16.06
N20002593,Ballymena_D2,145,510,655,28.43,77.86,10,645,655,1.53,218,57,655,33.28,8.70,121,145,655,18.47,22.14,45,40,656,6.86,6.1,88,212,142,118,655,13.44,32.37,21.68,18.02
N20002594,Ballymena_A4,142,367,509,38.69,72.1,24,486,510,4.71,125,95,509,24.56,18.66,152,59,510,29.8,11.57,11,100,511,2.15,19.57,30,61,82,256,509,5.89,11.98,16.11,50.29
N20002595,Ballymena_B2,103,477,580,21.59,82.24,13,567,580,2.24,164,49,580,28.28,8.45,102,170,580,17.59,29.31,63,36,580,10.86,6.21,85,125,68,97,580,14.66,21.55,11.72,16.72
N20002596,Ballymena_C2,67,266,333,25.19,79.88,9,324,333,2.7,90,24,332,27.11,7.23,108,53,333,32.43,15.92,9,34,334,2.69,10.18,18,48,79,106,333,5.41,14.41,23.72,31.83
N20002597,Ballymena_B3,50,343,393,14.58,87.28,5,385,390,1.28,85,17,391,21.74,4.35,86,82,393,21.88,20.87,22,25,393,5.6,6.36,31,93,60,86,393,7.89,23.66,15.27,21.88
N20002598,Ballymena_D3,90,298,388,30.2,76.8,5,383,388,1.29,146,19,388,37.63,4.90,50,122,388,12.89,31.44,38,13,387,9.82,3.36,91,115,62,39,389,23.39,29.56,15.94,10.03
N20002599,Ballymena_B4,83,328,411,25.3,79.81,11,400,411,2.68,143,22,413,34.62,5.33,78,110,411,18.98,26.76,41,32,410,10,7.8,65,86,83,55,411,15.82,20.92,20.19,13.38
N20002600,Ballymena_B5,76,485,561,15.67,86.45,6,555,561,1.07,151,15,561,26.92,2.67,101,168,558,18.1,30.11,52,36,561,9.27,6.42,86,132,93,63,561,15.33,23.53,16.58,11.23
N20002601,Ballymena_C3,103,357,460,28.85,77.61,17,443,460,3.7,113,62,460,24.57,13.48,181,55,456,39.69,12.06,9,70,460,1.96,15.22,3,72,98,181,462,0.65,15.58,21.21,39.18
N20002602,Ballymena_C4,143,342,485,41.81,70.52,7,478,485,1.44,191,61,483,39.54,12.63,85,97,485,17.53,20,26,30,484,5.37,6.2,58,119,119,104,485,11.96,24.54,24.54,21.44
N20002603,Ballymena_B6,121,486,607,24.9,80.07,9,597,606,1.49,189,23,607,31.14,3.79,107,146,607,17.63,24.05,53,65,607,8.73,10.71,88,166,66,84,604,14.57,27.48,10.93,13.91
N20002604,Ballymena_D4,104,593,697,17.54,85.08,13,684,697,1.87,161,46,696,23.13,6.61,219,149,697,31.42,21.38,36,85,697,5.16,12.2,52,113,130,169,697,7.46,16.21,18.65,24.25
N20002605,Ballymena_C5,131,424,555,30.9,76.4,6,549,555,1.08,198,34,556,35.61,6.12,136,113,555,24.5,20.36,17,40,555,3.06,7.21,40,113,154,129,555,7.21,20.36,27.75,23.24
N20002606,Ballymena_E1,135,603,738,22.39,81.71,13,725,738,1.76,161,81,737,21.85,10.99,167,145,737,22.66,19.67,40,66,738,5.42,8.94,66,136,114,164,740,8.92,18.38,15.41,22.16
N20002607,Ballymena_F1,49,259,308,18.92,84.09,2,306,308,0.65,96,0,308,31.17,0.00,63,96,308,20.45,31.17,33,14,308,10.71,4.55,55,60,32,36,308,17.86,19.48,10.39,11.69
N20002608,Ballymena_C6,30,182,212,16.48,85.85,6,206,212,2.83,23,35,217,10.6,16.13,58,45,216,26.85,20.83,6,31,212,2.83,14.62,7,50,20,88,213,3.29,23.47,9.39,41.31
N20002609,Ballymena_F2,52,352,404,14.77,87.13,3,401,404,0.74,95,14,403,23.57,3.47,61,134,406,15.02,33,51,20,406,12.56,4.93,71,120,51,44,404,17.57,29.7,12.62,10.89
N20002610,Ballymena_F3,58,305,363,19.02,84.02,5,359,364,1.37,93,27,365,25.48,7.40,86,92,364,23.63,25.27,23,27,363,6.34,7.44,36,88,66,66,364,9.89,24.18,18.13,18.13
N20002611,Ballymena_E2,110,446,556,24.66,80.22,6,550,556,1.08,156,28,556,28.06,5.04,176,96,558,31.54,17.2,30,54,557,5.39,9.69,56,115,98,189,556,10.07,20.68,17.63,33.99
N20002612,Ballymena_D5,99,406,505,24.38,80.4,10,495,505,1.98,133,53,504,26.39,10.52,118,94,508,23.23,18.5,13,59,505,2.57,11.68,27,122,100,158,506,5.34,24.11,19.76,31.23
N20002613,Ballymena_E3,178,577,755,30.85,76.42,10,744,754,1.33,220,63,754,29.18,8.36,220,123,753,29.22,16.33,43,50,752,5.72,6.65,81,211,179,216,754,10.74,27.98,23.74,28.65
N20002614,Ballymena_G1,55,349,404,15.76,86.39,4,400,404,0.99,72,26,405,17.78,6.42,182,46,404,45.05,11.39,13,68,404,3.22,16.83,10,61,52,119,403,2.48,15.14,12.9,29.53
N20002615,Ballymena_E4,128,431,559,29.7,77.1,7,552,559,1.25,98,73,559,17.53,13.06,215,63,559,38.46,11.27,4,60,561,0.71,10.7,12,74,126,255,558,2.15,13.26,22.58,45.7
N20002616,Ballymena_G2,99,250,349,39.6,71.63,18,331,349,5.16,98,66,349,28.08,18.91,94,33,349,26.93,9.46,8,41,349,2.29,11.75,13,52,65,177,350,3.71,14.86,18.57,50.57
N20002617,Ballymena_G3,191,594,785,32.15,75.67,20,766,786,2.54,128,81,785,16.31,10.32,331,69,782,42.33,8.82,13,67,784,1.66,8.55,30,130,189,387,785,3.82,16.56,24.08,49.3
N20002618,Ballymena_F4,75,338,413,22.19,81.84,3,410,413,0.73,149,13,411,36.25,3.16,67,162,413,16.22,39.23,59,25,413,14.29,6.05,122,75,33,33,413,29.54,18.16,7.99,7.99
N20002619,Ballymena_H1,150,423,573,35.46,73.82,20,555,575,3.48,85,164,574,14.81,28.57,228,40,573,39.79,6.98,8,82,573,1.4,14.31,10,63,52,347,573,1.75,10.99,9.08,60.56
N20002620,Ballymena_G4,79,467,546,16.92,85.53,13,533,546,2.38,59,42,543,10.87,7.73,240,59,546,43.96,10.81,15,99,546,2.75,18.13,17,100,93,218,546,3.11,18.32,17.03,39.93
N20002621,Ballymena_F5,88,338,426,26.04,79.34,4,422,426,0.94,162,29,427,37.94,6.79,48,184,425,11.29,43.29,83,18,428,19.39,4.21,157,99,24,28,425,36.94,23.29,5.65,6.59
N20002622,Ballymena_H2,137,303,440,45.21,68.86,15,425,440,3.41,78,162,440,17.73,36.82,134,35,442,30.32,7.92,1,68,438,0.23,15.53,6,64,76,251,440,1.36,14.55,17.27,57.05
N20002623,Ballymena_F6,48,300,348,16,86.21,2,346,348,0.57,102,5,348,29.31,1.44,59,136,347,17,39.19,59,24,348,16.95,6.9,80,55,39,15,351,22.79,15.67,11.11,4.27
N20002624,Ballymena_F7,66,378,444,17.46,85.14,3,441,444,0.68,128,28,441,29.02,6.35,77,186,444,17.34,41.89,80,23,444,18.02,5.18,119,77,54,25,446,26.68,17.26,12.11,5.61
N20002625,Ballymena_J1,71,270,341,26.3,79.18,4,338,342,1.17,51,58,338,15.09,17.16,137,34,340,40.29,10,2,43,342,0.58,12.57,8,44,41,196,339,2.36,12.98,12.09,57.82
N20002626,Ballymena_H3,84,282,366,29.79,77.05,5,360,365,1.37,103,64,366,28.14,17.49,106,36,366,28.96,9.84,6,42,366,1.64,11.48,6,71,69,145,364,1.65,19.51,18.96,39.84
N20002627,Ballymena_J2,43,184,227,23.37,81.06,8,218,226,3.54,43,34,226,19.03,15.04,89,28,227,39.21,12.33,3,34,226,1.33,15.04,1,45,28,91,225,0.44,20,12.44,40.44
N20002628,Ballymena_G5,131,406,537,32.27,75.61,6,531,537,1.12,195,57,537,36.31,10.61,131,90,538,24.35,16.73,18,48,537,3.35,8.94,49,138,133,176,537,9.12,25.7,24.77,32.77
N20002629,Ballymena_J3,125,479,604,26.1,79.3,21,583,604,3.48,141,90,604,23.34,14.90,210,65,604,34.77,10.76,14,82,606,2.31,13.53,19,71,132,272,603,3.15,11.77,21.89,45.11
N20002630,Ballymena_K1,87,239,326,36.4,73.31,3,324,327,0.92,131,25,329,39.82,7.60,44,94,324,13.58,29.01,30,5,330,9.09,1.52,65,78,89,45,326,19.94,23.93,27.3,13.8
N20002631,Ballymena_H4,57,335,392,17.01,85.46,11,381,392,2.81,70,41,392,17.86,10.46,143,38,392,36.48,9.69,13,58,392,3.32,14.8,6,68,82,117,392,1.53,17.35,20.92,29.85
N20002632,Ballymena_H5,95,366,461,25.96,79.39,7,454,461,1.52,157,34,461,34.06,7.38,87,111,461,18.87,24.08,25,15,459,5.45,3.27,61,142,80,106,458,13.32,31,17.47,23.14
N20002633,Ballymena_K2,83,404,487,20.54,82.96,5,482,487,1.03,169,17,487,34.7,3.49,90,142,487,18.48,29.16,43,23,488,8.81,4.71,85,117,70,57,487,17.45,24.02,14.37,11.7
N20002634,Ballymena_K3,104,365,469,28.49,77.83,7,462,469,1.49,129,71,469,27.51,15.14,68,130,469,14.5,27.72,43,14,469,9.17,2.99,103,162,72,55,468,22.01,34.62,15.38,11.75
N20002635,Ballymena_K4,111,296,407,37.5,72.73,4,402,406,0.99,203,31,407,49.88,7.62,46,116,406,11.33,28.57,40,7,407,9.83,1.72,122,99,65,49,405,30.12,24.44,16.05,12.1
N20002636,Ballymena_K5,75,205,280,36.59,73.21,4,276,280,1.43,105,53,279,37.63,19.00,55,64,281,19.57,22.78,20,17,280,7.14,6.07,38,61,60,80,280,13.57,21.79,21.43,28.57
N20002637,Ballymena_K6,138,418,556,33.01,75.18,8,548,556,1.44,243,53,556,43.71,9.53,62,183,556,11.15,32.91,67,15,553,12.12,2.71,148,175,84,71,555,26.67,31.53,15.14,12.79
N20002638,Ballymena_K7,125,268,393,46.64,68.19,6,387,393,1.53,156,83,394,39.59,21.07,57,90,393,14.5,22.9,21,22,393,5.34,5.6,36,111,113,104,393,9.16,28.24,28.75,26.46
N20002639,Braid_A1,152,529,681,28.73,77.68,7,672,679,1.03,318,14,678,46.9,2.06,135,176,679,19.88,25.92,48,47,679,7.07,6.92,94,156,213,72,679,13.84,22.97,31.37,10.6
N20002640,Braid_A2,208,506,714,41.11,70.87,14,700,714,1.96,291,95,713,40.81,13.32,103,139,714,14.43,19.47,49,54,713,6.87,7.57,92,187,159,167,714,12.89,26.19,22.27,23.39
N20002641,Braid_A3,139,347,486,40.06,71.4,6,480,486,1.23,282,14,486,58.02,2.88,67,154,486,13.79,31.69,57,31,486,11.73,6.38,167,91,94,49,488,34.22,18.65,19.26,10.04
N20002642,Braid_B1,152,433,585,35.1,74.02,5,581,586,0.85,228,25,586,38.91,4.27,106,152,586,18.09,25.94,38,41,586,6.48,7,103,155,145,44,585,17.61,26.5,24.79,7.52
N20002643,Braid_C1,135,380,515,35.53,73.79,8,510,518,1.54,248,29,513,48.34,5.65,77,122,518,14.86,23.55,31,20,517,6,3.87,84,102,189,44,520,16.15,19.62,36.35,8.46
N20002644,Braid_A4,83,270,353,30.74,76.49,3,350,353,0.85,151,16,353,42.78,4.53,85,78,353,24.08,22.1,21,9,352,5.97,2.56,60,81,102,43,353,17,22.95,28.9,12.18
N20002645,Braid_A5,165,513,678,32.16,75.66,9,669,678,1.33,330,16,679,48.6,2.36,124,179,679,18.26,26.36,76,28,678,11.21,4.13,148,167,147,61,678,21.83,24.63,21.68,9
N20002646,Braid_C2,195,543,738,35.91,73.58,3,735,738,0.41,377,19,740,50.95,2.57,90,204,738,12.2,27.64,70,30,739,9.47,4.06,195,142,230,64,738,26.42,19.24,31.17,8.67
N20002647,Braid_C3,183,539,722,33.95,74.65,8,714,722,1.11,347,22,722,48.06,3.05,109,212,722,15.1,29.36,57,31,721,7.91,4.3,176,166,162,66,722,24.38,22.99,22.44,9.14
N20002648,Braid_B2,159,528,687,30.11,76.86,19,669,688,2.76,306,9,687,44.54,1.31,107,195,689,15.53,28.3,70,27,687,10.19,3.93,177,117,165,51,687,25.76,17.03,24.02,7.42
N20002649,Braid_B3,78,327,405,23.85,80.74,4,401,405,0.99,144,23,405,35.56,5.68,91,102,404,22.52,25.25,33,27,404,8.17,6.68,64,91,119,33,405,15.8,22.47,29.38,8.15
N20002650,Braid_C4,92,315,407,29.21,77.4,4,403,407,0.98,171,20,407,42.01,4.91,83,97,405,20.49,23.95,34,36,405,8.4,8.89,68,74,112,59,409,16.63,18.09,27.38,14.43
N20002651,Braid_B4,91,356,447,25.56,79.64,3,446,449,0.67,160,9,449,35.63,2.00,94,108,447,21.03,24.16,40,33,449,8.91,7.35,95,111,86,38,452,21.02,24.56,19.03,8.41
N20002652,Braid_D1,129,475,604,27.16,78.64,10,593,603,1.66,183,57,605,30.25,9.42,141,137,604,23.34,22.68,56,47,604,9.27,7.78,106,146,93,101,606,17.49,24.09,15.35,16.67
N20002653,Braid_C5,89,435,524,20.46,83.02,6,518,524,1.15,164,16,522,31.42,3.07,121,139,524,23.09,26.53,42,43,523,8.03,8.22,85,109,115,59,526,16.16,20.72,21.86,11.22
N20002654,Braid_E1,124,547,671,22.67,81.52,9,662,671,1.34,263,16,673,39.08,2.38,127,196,671,18.93,29.21,80,14,670,11.94,2.09,161,195,90,52,674,23.89,28.93,13.35,7.72
N20002655,Braid_C6,137,420,557,32.62,75.4,8,549,557,1.44,247,40,557,44.34,7.18,100,137,558,17.92,24.55,41,35,560,7.32,6.25,96,151,118,87,556,17.27,27.16,21.22,15.65
N20002656,Braid_D2,77,412,489,18.69,84.25,8,482,490,1.63,122,30,490,24.9,6.12,153,81,491,31.16,16.5,23,59,490,4.69,12.04,35,105,108,94,491,7.13,21.38,22,19.14
N20002657,Braid_E2,56,227,283,24.67,80.21,17,266,283,6.01,67,45,283,23.67,15.90,86,43,283,30.39,15.19,7,29,281,2.49,10.32,11,56,52,68,279,3.94,20.07,18.64,24.37
N20002658,Braid_H1,130,475,605,27.37,78.51,12,594,606,1.98,263,27,601,43.76,4.49,105,158,606,17.33,26.07,52,23,606,8.58,3.8,129,132,143,65,606,21.29,21.78,23.6,10.73
N20002659,Braid_D3,86,192,278,44.79,69.06,13,265,278,4.68,106,52,279,37.99,18.64,50,67,278,17.99,24.1,19,27,280,6.79,9.64,53,74,45,82,278,19.06,26.62,16.19,29.5
N20002660,Braid_E3,84,327,411,25.69,79.56,2,410,412,0.49,147,17,414,35.51,4.11,57,135,411,13.87,32.85,40,11,411,9.73,2.68,102,93,40,28,411,24.82,22.63,9.73,6.81
N20002661,Braid_E4,62,295,357,21.02,82.63,7,353,360,1.94,108,25,357,30.25,7.00,80,81,360,22.22,22.5,23,25,362,6.35,6.91,33,82,76,82,361,9.14,22.71,21.05,22.71
N20002662,Braid_F1,168,489,657,34.36,74.43,12,645,657,1.83,299,17,656,45.58,2.59,135,159,655,20.61,24.27,64,39,657,9.74,5.94,135,117,192,61,657,20.55,17.81,29.22,9.28
N20002663,Braid_H2,175,573,748,30.54,76.6,6,742,748,0.8,287,24,749,38.32,3.20,123,204,746,16.49,27.35,80,36,748,10.7,4.81,154,203,195,34,748,20.59,27.14,26.07,4.55
N20002664,Braid_F2,149,434,583,34.33,74.44,9,574,583,1.54,270,29,586,46.08,4.95,79,174,583,13.55,29.85,52,28,585,8.89,4.79,135,138,150,55,584,23.12,23.63,25.68,9.42
N20002665,Braid_G1,48,220,268,21.82,82.09,9,259,268,3.36,39,47,269,14.5,17.47,107,25,269,39.78,9.29,7,41,268,2.61,15.3,8,21,37,114,271,2.95,7.75,13.65,42.07
N20002666,Braid_G2,106,395,501,26.84,78.84,14,484,498,2.81,103,66,497,20.72,13.28,184,46,498,36.95,9.24,18,71,499,3.61,14.23,4,107,65,231,498,0.8,21.49,13.05,46.39
N20002667,Braid_J1,70,281,351,24.91,80.06,11,338,349,3.15,84,36,353,23.8,10.20,91,69,352,25.85,19.6,21,22,350,6,6.29,25,68,119,77,350,7.14,19.43,34,22
N20002668,Braid_F3,96,475,571,20.21,83.19,9,562,571,1.58,185,8,570,32.46,1.40,109,156,571,19.09,27.32,43,27,571,7.53,4.73,118,106,152,53,568,20.77,18.66,26.76,9.33
N20002669,Braid_G3,97,395,492,24.56,80.28,9,483,492,1.83,152,35,495,30.71,7.07,152,56,492,30.89,11.38,13,59,492,2.64,11.99,25,82,73,195,493,5.07,16.63,14.81,39.55
N20002670,Braid_J2,82,474,556,17.3,85.25,5,551,556,0.9,122,27,557,21.9,4.85,160,110,556,28.78,19.78,30,82,556,5.4,14.75,66,102,86,81,558,11.83,18.28,15.41,14.52
N20002671,Braid_G4,209,470,679,44.47,69.22,18,661,679,2.65,148,201,679,21.8,29.60,210,55,679,30.93,8.1,10,112,679,1.47,16.49,32,99,83,366,679,4.71,14.58,12.22,53.9
N20002672,Braid_J3,27,186,213,14.52,87.32,4,209,213,1.88,41,10,214,19.16,4.67,56,53,214,26.17,24.77,21,10,213,9.86,4.69,23,47,41,18,212,10.85,22.17,19.34,8.49
N20002673,Braid_G5,136,308,444,44.16,69.37,7,437,444,1.58,88,151,444,19.82,34.01,143,22,444,32.21,4.95,2,78,446,0.45,17.49,3,92,68,236,445,0.67,20.67,15.28,53.03
N20002674,Braid_H3,85,349,434,24.36,80.41,8,426,434,1.84,169,12,434,38.94,2.76,79,101,437,18.08,23.11,36,15,439,8.2,3.42,77,113,84,29,434,17.74,26.04,19.35,6.68
N20002675,Braid_H4,75,244,319,30.74,76.49,0,319,319,0,125,23,319,39.18,7.21,56,75,316,17.72,23.73,32,14,315,10.16,4.44,70,77,67,37,317,22.08,24.29,21.14,11.67
N20002676,Braid_H5,135,544,679,24.82,80.12,9,670,679,1.33,241,18,676,35.65,2.66,93,175,681,13.66,25.7,65,30,679,9.57,4.42,139,180,141,66,679,20.47,26.51,20.77,9.72
N20002677,Braid_F4,109,462,571,23.59,80.91,4,564,568,0.7,210,11,568,36.97,1.94,134,156,567,23.63,27.51,61,46,565,10.8,8.14,127,139,87,26,568,22.36,24.47,15.32,4.58
N20002678,Braid_H6,142,498,640,28.51,77.81,10,630,640,1.56,219,25,641,34.17,3.90,106,170,640,16.56,26.56,57,36,643,8.86,5.6,133,163,113,57,641,20.75,25.43,17.63,8.89
N20002679,Braid_F5,86,357,443,24.09,80.59,2,441,443,0.45,173,9,443,39.05,2.03,82,104,443,18.51,23.48,33,17,445,7.42,3.82,84,141,87,29,443,18.96,31.83,19.64,6.55
N20002680,Braid_K1,92,323,415,28.48,77.83,9,406,415,2.17,114,75,416,27.4,18.03,109,59,415,26.27,14.22,12,49,416,2.88,11.78,23,85,99,137,415,5.54,20.48,23.86,33.01
N20002681,Braid_K2,156,450,606,34.67,74.26,14,592,606,2.31,259,46,605,42.81,7.60,86,138,605,14.21,22.81,36,38,605,5.95,6.28,86,193,151,102,607,14.17,31.8,24.88,16.8
N20002682,Braid_K3,168,490,658,34.29,74.47,13,645,658,1.98,298,57,658,45.29,8.66,104,130,657,15.83,19.79,34,43,658,5.17,6.53,86,227,144,109,659,13.05,34.45,21.85,16.54
N20002683,Braid_K4,94,346,440,27.17,78.64,11,431,442,2.49,179,23,437,40.96,5.26,66,105,441,14.97,23.81,38,23,440,8.64,5.23,81,138,94,61,441,18.37,31.29,21.32,13.83
N20002684,Braid_F6,55,304,359,18.09,84.68,0,358,358,0,113,10,359,31.48,2.79,60,116,359,16.71,32.31,34,15,359,9.47,4.18,72,81,80,16,359,20.06,22.56,22.28,4.46
N20002685,Coast_Road_B1,71,284,355,25,80,6,349,355,1.69,132,12,355,37.18,3.38,62,86,356,17.42,24.16,23,31,355,6.48,8.73,66,51,99,53,355,18.59,14.37,27.89,14.93
N20002686,Coast_Road_A1,93,329,422,28.27,77.96,15,407,422,3.55,93,66,422,22.04,15.64,101,62,423,23.88,14.66,17,31,421,4.04,7.36,44,50,86,142,422,10.43,11.85,20.38,33.65
N20002687,Coast_Road_A2,130,466,596,27.9,78.19,5,591,596,0.84,197,71,593,33.22,11.97,111,118,599,18.53,19.7,29,64,599,4.84,10.68,59,151,141,152,596,9.9,25.34,23.66,25.5
N20002688,Coast_Road_A3,91,363,454,25.07,79.96,10,447,457,2.19,120,47,458,26.2,10.26,134,80,458,29.26,17.47,19,64,456,4.17,14.04,22,91,100,110,457,4.81,19.91,21.88,24.07
N20002689,Coast_Road_B2,84,389,473,21.59,82.24,7,466,473,1.48,98,49,473,20.72,10.36,118,132,472,25,27.97,42,51,473,8.88,10.78,101,55,81,112,473,21.35,11.63,17.12,23.68
N20002690,Coast_Road_B3,102,315,417,32.38,75.54,9,408,417,2.16,165,16,418,39.47,3.83,73,91,414,17.63,21.98,24,20,416,5.77,4.81,46,78,187,38,417,11.03,18.71,44.84,9.11
N20002691,Coast_Road_C1,123,521,644,23.61,80.9,9,635,644,1.4,194,22,644,30.12,3.42,97,177,644,15.06,27.48,68,33,644,10.56,5.12,133,131,156,50,643,20.68,20.37,24.26,7.78
N20002692,Coast_Road_C2,112,361,473,31.02,76.32,4,469,473,0.85,227,15,473,47.99,3.17,46,174,476,9.66,36.55,63,24,473,13.32,5.07,147,115,50,32,473,31.08,24.31,10.57,6.77
N20002693,Coast_Road_C3,35,308,343,11.36,89.8,2,341,343,0.58,80,9,343,23.32,2.62,37,166,343,10.79,48.4,67,17,344,19.48,4.94,73,62,33,16,343,21.28,18.08,9.62,4.66
N20002694,Coast_Road_C4,84,344,428,24.42,80.37,3,424,427,0.7,152,14,428,35.51,3.27,65,122,431,15.08,28.31,47,21,430,10.93,4.88,74,72,132,52,429,17.25,16.78,30.77,12.12
N20002695,Coast_Road_D1,58,403,461,14.39,87.42,2,459,461,0.43,120,16,464,25.86,3.45,62,179,462,13.42,38.74,65,31,461,14.1,6.72,115,100,52,37,461,24.95,21.69,11.28,8.03
N20002696,Coast_Road_D2,72,348,420,20.69,82.86,9,413,422,2.13,108,29,417,25.9,6.95,84,123,419,20.05,29.36,43,38,420,10.24,9.05,53,110,73,51,420,12.62,26.19,17.38,12.14
N20002697,Coast_Road_D3,74,370,444,20,83.33,6,440,446,1.35,117,34,444,26.35,7.66,69,132,448,15.4,29.46,60,34,447,13.42,7.61,107,122,44,33,443,24.15,27.54,9.93,7.45
N20002698,Coast_Road_D4,122,325,447,37.54,72.71,24,423,447,5.37,141,91,448,31.47,20.31,118,44,447,26.4,9.84,14,60,447,3.13,13.42,11,85,95,167,447,2.46,19.02,21.25,37.36
N20002699,Coast_Road_F1,70,452,522,15.49,86.59,10,512,522,1.92,128,29,519,24.66,5.59,89,142,522,17.05,27.2,53,25,522,10.15,4.79,79,106,114,86,524,15.08,20.23,21.76,16.41
N20002700,Coast_Road_F2,92,324,416,28.4,77.88,8,408,416,1.92,174,27,417,41.73,6.47,44,97,416,10.58,23.32,36,11,416,8.65,2.64,88,143,87,47,416,21.15,34.38,20.91,11.3
N20002701,Coast_Road_D5,67,305,372,21.97,81.99,6,366,372,1.61,110,30,372,29.57,8.06,79,71,371,21.29,19.14,20,27,371,5.39,7.28,22,105,62,89,372,5.91,28.23,16.67,23.92
N20002702,Coast_Road_E1,75,230,305,32.61,75.41,5,298,303,1.65,77,51,305,25.25,16.72,56,39,303,18.48,12.87,11,36,303,3.63,11.88,25,61,60,103,303,8.25,20.13,19.8,33.99
N20002703,Coast_Road_E2,33,216,249,15.28,86.75,3,246,249,1.2,40,25,252,15.87,9.92,60,38,249,24.1,15.26,14,23,249,5.62,9.24,16,44,46,69,249,6.43,17.67,18.47,27.71
N20002704,Coast_Road_E3,53,256,309,20.7,82.85,9,299,308,2.92,43,51,309,13.92,16.50,91,45,306,29.74,14.71,11,26,309,3.56,8.41,9,50,64,96,309,2.91,16.18,20.71,31.07
N20002705,Coast_Road_F3,96,304,400,31.58,76,11,389,400,2.75,169,39,401,42.14,9.73,60,76,400,15,19,16,23,397,4.03,5.79,42,142,107,60,400,10.5,35.5,26.75,15
N20002706,Coast_Road_F4,59,234,293,25.21,79.86,6,288,294,2.04,107,23,292,36.64,7.88,43,61,293,14.68,20.82,20,13,293,6.83,4.44,28,111,67,39,292,9.59,38.01,22.95,13.36
N20002707,Coast_Road_G1,84,319,403,26.33,79.16,4,399,403,0.99,137,38,403,34,9.43,84,57,405,20.74,14.07,15,27,404,3.71,6.68,15,95,141,66,403,3.72,23.57,34.99,16.38
N20002708,Coast_Road_E4,66,285,351,23.16,81.2,15,336,351,4.27,66,62,351,18.8,17.66,127,39,348,36.49,11.21,4,44,351,1.14,12.54,12,46,67,132,351,3.42,13.11,19.09,37.61
N20002709,Coast_Road_G2,188,526,714,35.74,73.67,24,690,714,3.36,181,175,714,25.35,24.51,201,68,714,28.15,9.52,12,93,713,1.68,13.04,23,141,131,290,714,3.22,19.75,18.35,40.62
N20002710,Coast_Road_H1,141,393,534,35.88,73.6,11,523,534,2.06,107,147,532,20.11,27.63,155,51,534,29.03,9.55,13,60,533,2.44,11.26,17,97,94,216,534,3.18,18.16,17.6,40.45
N20002711,Coast_Road_H2,72,312,384,23.08,81.25,16,368,384,4.17,70,62,387,18.09,16.02,113,51,385,29.35,13.25,10,39,383,2.61,10.18,8,78,67,127,384,2.08,20.31,17.45,33.07
N20002712,Coast_Road_H3,48,251,299,19.12,83.95,8,290,298,2.68,42,42,299,14.05,14.05,96,48,299,32.11,16.05,5,39,298,1.68,13.09,5,37,61,93,301,1.66,12.29,20.27,30.9
N20002713,Coast_Road_J1,64,388,452,16.49,85.84,5,447,452,1.11,102,26,454,22.47,5.73,89,113,452,19.69,25,32,39,452,7.08,8.63,54,100,80,48,450,12,22.22,17.78,10.67
N20002714,Coast_Road_G3,75,338,413,22.19,81.84,11,402,413,2.66,63,79,413,15.25,19.13,104,60,413,25.18,14.53,10,47,413,2.42,11.38,18,84,59,160,413,4.36,20.34,14.29,38.74
N20002715,Coast_Road_E5,76,430,506,17.67,84.98,10,496,506,1.98,118,39,506,23.32,7.71,125,115,510,24.51,22.55,38,54,508,7.48,10.63,50,82,122,48,506,9.88,16.21,24.11,9.49
N20002716,Coast_Road_F5,262,511,773,51.27,66.11,23,750,773,2.98,341,151,773,44.11,19.53,76,142,776,9.79,18.3,56,39,772,7.25,5.05,106,290,176,183,775,13.68,37.42,22.71,23.61
N20002717,Coast_Road_E6,47,245,292,19.18,83.9,5,287,292,1.71,66,28,292,22.6,9.59,79,41,292,27.05,14.04,5,34,293,1.71,11.6,11,60,48,96,292,3.77,20.55,16.44,32.88
N20002718,Coast_Road_G4,55,388,443,14.18,87.58,4,437,441,0.91,94,20,437,21.51,4.58,106,95,442,23.98,21.49,23,44,443,5.19,9.93,35,87,95,93,441,7.94,19.73,21.54,21.09
N20002719,Coast_Road_H4,130,305,435,42.62,70.11,23,412,435,5.29,93,134,435,21.38,30.80,135,46,435,31.03,10.57,8,84,435,1.84,19.31,13,58,69,208,435,2.99,13.33,15.86,47.82
N20002720,Coast_Road_J2,61,349,410,17.48,85.12,10,400,410,2.44,70,52,410,17.07,12.68,108,83,410,26.34,20.24,21,53,410,5.12,12.93,43,54,61,105,410,10.49,13.17,14.88,25.61
N20002721,Coast_Road_J3,10,191,201,5.24,95.02,9,195,204,4.41,16,4,204,7.84,1.96,106,17,200,53,8.5,5,47,204,2.45,23.04,18,16,30,46,201,8.96,7.96,14.93,22.89
N20002722,Coast_Road_J4,66,343,409,19.24,83.86,6,404,410,1.46,106,26,412,25.73,6.31,70,121,409,17.11,29.58,45,20,411,10.95,4.87,29,107,54,62,411,7.06,26.03,13.14,15.09
N20002723,Coast_Road_H5,123,300,423,41,70.92,25,398,423,5.91,87,138,423,20.57,32.62,123,46,422,29.15,10.9,9,67,422,2.13,15.88,18,59,77,200,423,4.26,13.95,18.2,47.28
N20002724,Coast_Road_J5,41,276,317,14.86,87.07,16,301,317,5.05,49,34,317,15.46,10.73,96,45,317,30.28,14.2,16,49,317,5.05,15.46,23,47,47,134,317,7.26,14.83,14.83,42.27
N20002725,Larne_Lough_A1,33,235,268,14.04,87.69,1,267,268,0.37,68,13,268,25.37,4.85,64,55,268,23.88,20.52,14,20,272,5.15,7.35,27,45,42,63,266,10.15,16.92,15.79,23.68
N20002726,Larne_Lough_A2,70,474,544,14.77,87.13,10,535,545,1.83,123,14,543,22.65,2.58,99,173,543,18.23,31.86,58,37,544,10.66,6.8,60,152,59,46,543,11.05,27.99,10.87,8.47
N20002727,Larne_Lough_B1,72,357,429,20.17,83.22,13,416,429,3.03,63,56,429,14.69,13.05,109,82,430,25.35,19.07,16,56,430,3.72,13.02,34,90,83,116,428,7.94,21.03,19.39,27.1
N20002728,Larne_Lough_A3,91,324,415,28.09,78.07,5,410,415,1.2,128,46,420,30.48,10.95,53,112,415,12.77,26.99,26,33,413,6.3,7.99,51,144,44,69,413,12.35,34.87,10.65,16.71
N20002729,Larne_Lough_B2,0,151,151,0,100,1,150,151,0.66,0,0,150,0,0.00,87,15,153,56.86,9.8,2,47,154,1.3,30.52,2,2,11,46,151,1.32,1.32,7.28,30.46
N20002730,Larne_Lough_C1,115,326,441,35.28,73.92,10,431,441,2.27,230,23,441,52.15,5.22,33,124,441,7.48,28.12,40,13,441,9.07,2.95,96,168,124,37,441,21.77,38.1,28.12,8.39
N20002731,Larne_Lough_C2,130,447,577,29.08,77.47,16,562,578,2.77,209,52,578,36.16,9.00,64,136,578,11.07,23.53,36,26,579,6.22,4.49,84,181,133,107,580,14.48,31.21,22.93,18.45
N20002732,Larne_Lough_B3,74,345,419,21.45,82.34,6,413,419,1.43,104,55,419,24.82,13.13,90,73,422,21.33,17.3,15,40,420,3.57,9.52,49,82,102,111,419,11.69,19.57,24.34,26.49
N20002733,Larne_Lough_C3,130,308,438,42.21,70.32,11,427,438,2.51,262,22,439,59.68,5.01,19,137,438,4.34,31.28,30,7,438,6.85,1.6,117,143,118,37,438,26.71,32.65,26.94,8.45
N20002734,Larne_Lough_B4,43,240,283,17.92,84.81,12,271,283,4.24,36,36,283,12.72,12.72,92,34,285,32.28,11.93,10,51,285,3.51,17.89,13,42,60,100,282,4.61,14.89,21.28,35.46
N20002735,Larne_Lough_B5,74,441,515,16.78,85.63,4,508,512,0.78,99,38,509,19.45,7.47,148,89,512,28.91,17.38,19,65,512,3.71,12.7,32,114,101,106,512,6.25,22.27,19.73,20.7
N20002736,Larne_Lough_B6,62,327,389,18.96,84.06,6,383,389,1.54,131,13,389,33.68,3.34,66,109,389,16.97,28.02,32,18,392,8.16,4.59,57,90,78,49,384,14.84,23.44,20.31,12.76
N20002737,Larne_Lough_C4,145,421,566,34.44,74.38,12,554,566,2.12,258,48,566,45.58,8.48,72,137,566,12.72,24.2,38,18,566,6.71,3.18,97,214,133,69,565,17.17,37.88,23.54,12.21
N20002738,Larne_Lough_C5,121,303,424,39.93,71.46,14,413,427,3.28,179,60,424,42.22,14.15,28,109,424,6.6,25.71,29,9,424,6.84,2.12,58,195,82,55,424,13.68,45.99,19.34,12.97
N20002739,Larne_Lough_E1,94,521,615,18.04,84.72,15,600,615,2.44,178,16,616,28.9,2.60,102,171,616,16.56,27.76,46,39,617,7.46,6.32,84,148,114,89,615,13.66,24.07,18.54,14.47
N20002740,Larne_Lough_C6,133,468,601,28.42,77.87,15,586,601,2.5,191,72,602,31.73,11.96,113,110,601,18.8,18.3,30,39,601,4.99,6.49,60,173,127,128,599,10.02,28.88,21.2,21.37
N20002741,Larne_Lough_F1,84,388,472,21.65,82.2,15,457,472,3.18,118,54,471,25.05,11.46,116,91,469,24.73,19.4,21,28,472,4.45,5.93,32,114,91,113,472,6.78,24.15,19.28,23.94
N20002742,Larne_Lough_D1,189,656,845,28.81,77.63,11,835,846,1.3,329,24,846,38.89,2.84,155,203,847,18.3,23.97,59,58,847,6.97,6.85,127,220,217,82,846,15.01,26,25.65,9.69
N20002743,Larne_Lough_E2,179,703,882,25.46,79.71,17,864,881,1.93,313,40,880,35.57,4.55,120,246,881,13.62,27.92,99,41,881,11.24,4.65,178,224,195,58,880,20.23,25.45,22.16,6.59
N20002744,Larne_Lough_D2,167,619,786,26.98,78.75,7,778,785,0.89,320,12,783,40.87,1.53,89,234,786,11.32,29.77,91,35,785,11.59,4.46,142,232,171,58,785,18.09,29.55,21.78,7.39
N20002745,Larne_Lough_F2,140,386,526,36.27,73.38,11,515,526,2.09,190,70,526,36.12,13.31,82,116,527,15.56,22.01,37,28,531,6.97,5.27,76,167,121,68,526,14.45,31.75,23,12.93
N20002746,Larne_Lough_D3,111,558,669,19.89,83.41,1,664,665,0.15,224,11,670,33.43,1.64,93,197,668,13.92,29.49,79,27,668,11.83,4.04,117,199,153,14,667,17.54,29.84,22.94,2.1
N20002747,Larne_Lough_F3,124,482,606,25.73,79.54,7,599,606,1.16,222,21,606,36.63,3.47,96,149,606,15.84,24.59,50,30,606,8.25,4.95,73,175,148,58,607,12.03,28.83,24.38,9.56
N20002748,Larne_Lough_F4,111,348,459,31.9,75.82,10,449,459,2.18,126,63,460,27.39,13.70,64,85,459,13.94,18.52,20,26,459,4.36,5.66,57,123,100,112,459,12.42,26.8,21.79,24.4
N20002749,Larne_Lough_G1,75,289,364,25.95,79.4,8,354,362,2.21,131,17,361,36.29,4.71,42,121,364,11.54,33.24,43,23,362,11.88,6.35,65,93,55,46,366,17.76,25.41,15.03,12.57
N20002750,Larne_Lough_G2,105,258,363,40.7,71.07,10,353,363,2.75,176,48,362,48.62,13.26,37,96,363,10.19,26.45,30,4,361,8.31,1.11,80,112,101,39,364,21.98,30.77,27.75,10.71
N20002751,Larne_Lough_E3,105,463,568,22.68,81.51,8,560,568,1.41,193,30,568,33.98,5.28,73,172,567,12.87,30.34,66,27,569,11.6,4.75,109,164,106,45,569,19.16,28.82,18.63,7.91
N20002752,Larne_Lough_G3,74,255,329,29.02,77.51,10,320,330,3.03,113,41,327,34.56,12.54,63,62,331,19.03,18.73,16,21,330,4.85,6.36,56,71,69,59,330,16.97,21.52,20.91,17.88
N20002753,Larne_Lough_G4,103,328,431,31.4,76.1,12,419,431,2.78,169,40,432,39.12,9.26,56,114,431,12.99,26.45,41,22,431,9.51,5.1,93,107,75,73,431,21.58,24.83,17.4,16.94
N20002754,Larne_Lough_H1,79,217,296,36.41,73.31,4,290,294,1.36,104,39,298,34.9,13.09,35,82,296,11.82,27.7,22,13,296,7.43,4.39,43,101,61,38,297,14.48,34.01,20.54,12.79
N20002755,Larne_Lough_J1,65,429,494,15.15,86.84,3,492,495,0.61,138,6,495,27.88,1.21,67,195,495,13.54,39.39,90,17,494,18.22,3.44,105,148,40,16,496,21.17,29.84,8.06,3.23
N20002756,Larne_Lough_H2,72,312,384,23.08,81.25,9,375,384,2.34,78,59,387,20.16,15.25,104,51,386,26.94,13.21,15,49,384,3.91,12.76,16,66,72,129,385,4.16,17.14,18.7,33.51
N20002757,Larne_Lough_J2,117,372,489,31.45,76.07,10,479,489,2.04,184,53,489,37.63,10.84,50,138,489,10.22,28.22,53,17,489,10.84,3.48,76,174,95,63,489,15.54,35.58,19.43,12.88
N20002758,Larne_Lough_F5,54,360,414,15,86.96,3,411,414,0.72,114,4,414,27.54,0.97,44,129,414,10.63,31.16,49,18,414,11.84,4.35,66,100,67,30,414,15.94,24.15,16.18,7.25
N20002759,Larne_Lough_H3,31,189,220,16.4,85.91,7,213,220,3.18,38,26,220,17.27,11.82,64,44,220,29.09,20,8,30,217,3.69,13.82,10,54,31,66,220,4.55,24.55,14.09,30
N20002760,Larne_Lough_H4,93,372,465,25,80,15,450,465,3.23,108,62,465,23.23,13.33,77,109,463,16.63,23.54,32,36,468,6.84,7.69,68,99,79,105,465,14.62,21.29,16.99,22.58
N20002761,Larne_Lough_J3,91,469,560,19.4,83.75,7,552,559,1.25,156,39,557,28.01,7.00,96,211,559,17.17,37.75,87,39,556,15.65,7.01,129,122,50,45,560,23.04,21.79,8.93,8.04
N20002762,Larne_Lough_J4,88,544,632,16.18,86.08,8,621,629,1.27,183,12,628,29.14,1.91,72,270,627,11.48,43.06,103,29,627,16.43,4.63,151,134,43,59,627,24.08,21.37,6.86,9.41
N20002763,Carrick_Castle_A1,79,366,445,21.58,82.25,12,434,446,2.69,163,10,445,36.63,2.25,38,145,444,8.56,32.66,53,21,444,11.94,4.73,93,132,78,34,445,20.9,29.66,17.53,7.64
N20002764,Carrick_Castle_A2,123,425,548,28.94,77.55,12,536,548,2.19,245,27,545,44.95,4.95,41,155,548,7.48,28.28,56,8,547,10.24,1.46,133,225,62,65,547,24.31,41.13,11.33,11.88
N20002765,Carrick_Castle_A3,144,445,589,32.36,75.55,15,574,589,2.55,288,43,592,48.65,7.26,49,158,589,8.32,26.83,43,6,587,7.33,1.02,119,250,132,41,588,20.24,42.52,22.45,6.97
N20002766,Carrick_Castle_A4,55,238,293,23.11,81.23,4,289,293,1.37,101,7,293,34.47,2.39,19,115,292,6.51,39.38,52,8,293,17.75,2.73,91,86,14,25,293,31.06,29.35,4.78,8.53
N20002767,Carrick_Castle_B1,97,311,408,31.19,76.23,10,399,409,2.44,125,46,409,30.56,11.25,70,87,410,17.07,21.22,27,36,408,6.62,8.82,66,126,89,61,408,16.18,30.88,21.81,14.95
N20002768,Carrick_Castle_C1,191,644,835,29.66,77.13,29,808,837,3.46,405,41,836,48.44,4.90,88,255,836,10.53,30.5,84,29,835,10.06,3.47,203,311,173,60,836,24.28,37.2,20.69,7.18
N20002769,Carrick_Castle_A5,171,393,564,43.51,69.68,7,557,564,1.24,327,43,565,57.88,7.61,22,179,564,3.9,31.74,82,5,562,14.59,0.89,176,243,86,46,562,31.32,43.24,15.3,8.19
N20002770,Carrick_Castle_C2,216,485,701,44.54,69.19,22,682,704,3.13,429,60,702,61.11,8.55,47,173,701,6.7,24.68,74,15,701,10.56,2.14,195,288,127,60,701,27.82,41.08,18.12,8.56
N20002771,Carrick_Castle_E1,78,248,326,31.45,76.07,6,320,326,1.84,148,20,326,45.4,6.13,28,94,327,8.56,28.75,27,7,325,8.31,2.15,107,106,48,25,329,32.52,32.22,14.59,7.6
N20002772,Carrick_Castle_D1,133,248,381,53.63,65.09,33,348,381,8.66,89,144,381,23.36,37.80,90,34,383,23.5,8.88,9,39,381,2.36,10.24,16,67,52,217,381,4.2,17.59,13.65,56.96
N20002773,Carrick_Castle_D2,45,339,384,13.27,88.28,5,381,386,1.3,89,23,386,23.06,5.96,85,85,385,22.08,22.08,25,32,386,6.48,8.29,32,108,65,38,385,8.31,28.05,16.88,9.87
N20002774,Carrick_Castle_E2,141,621,762,22.71,81.5,23,739,762,3.02,248,51,759,32.67,6.72,74,266,762,9.71,34.91,85,24,762,11.15,3.15,216,238,122,67,762,28.35,31.23,16.01,8.79
N20002775,Carrick_Castle_C3,115,654,769,17.58,85.05,15,754,769,1.95,244,25,769,31.73,3.25,94,237,767,12.26,30.9,89,26,769,11.57,3.38,144,278,138,59,769,18.73,36.15,17.95,7.67
N20002776,Carrick_Castle_D3,56,217,273,25.81,79.49,5,268,273,1.83,85,32,272,31.25,11.76,42,45,274,15.33,16.42,12,11,272,4.41,4.04,21,111,55,30,273,7.69,40.66,20.15,10.99
N20002777,Carrick_Castle_E3,82,343,425,23.91,80.71,14,414,428,3.27,162,20,426,38.03,4.69,49,130,426,11.5,30.52,39,8,426,9.15,1.88,94,120,58,61,424,22.17,28.3,13.68,14.39
N20002778,Carrick_Castle_B2,134,555,689,24.14,80.55,20,668,688,2.91,240,51,689,34.83,7.40,113,135,688,16.42,19.62,41,38,689,5.95,5.52,71,196,155,135,689,10.3,28.45,22.5,19.59
N20002779,Carrick_Castle_B3,109,335,444,32.54,75.45,24,420,444,5.41,111,79,445,24.94,17.75,98,65,444,22.07,14.64,21,60,446,4.71,13.45,49,95,78,138,443,11.06,21.44,17.61,31.15
N20002780,Carrick_Castle_D4,91,473,564,19.24,83.87,17,548,565,3.01,99,71,564,17.55,12.59,188,70,563,33.39,12.43,27,76,564,4.79,13.48,22,120,61,152,563,3.91,21.31,10.83,27
N20002781,Carrick_Castle_D5,164,428,592,38.32,72.3,25,567,592,4.22,110,164,591,18.61,27.75,180,57,593,30.35,9.61,10,121,592,1.69,20.44,17,106,90,273,592,2.87,17.91,15.2,46.11
N20002782,Carrick_Castle_E4,64,301,365,21.26,82.47,9,356,365,2.47,88,39,365,24.11,10.68,68,68,366,18.58,18.58,22,24,365,6.03,6.58,41,94,60,75,364,11.26,25.82,16.48,20.6
N20002783,Carrick_Castle_C4,45,341,386,13.2,88.34,7,379,386,1.81,79,12,386,20.47,3.11,65,140,387,16.8,36.18,48,16,386,12.44,4.15,56,72,44,23,386,14.51,18.65,11.4,5.96
N20002784,Carrick_Castle_B4,87,274,361,31.75,75.9,16,345,361,4.43,115,53,361,31.86,14.68,54,63,361,14.96,17.45,19,26,362,5.25,7.18,34,112,74,63,361,9.42,31.02,20.5,17.45
N20002785,Carrick_Castle_F1,59,292,351,20.21,83.19,7,344,351,1.99,104,31,351,29.63,8.83,54,108,351,15.38,30.77,48,7,351,13.68,1.99,53,80,53,44,351,15.1,22.79,15.1,12.54
N20002786,Carrick_Castle_E5,80,425,505,18.82,84.16,9,496,505,1.78,140,34,508,27.56,6.69,83,124,505,16.44,24.55,37,25,502,7.37,4.98,88,179,49,73,505,17.43,35.45,9.7,14.46
N20002787,Carrick_Castle_F2,72,331,403,21.75,82.13,22,382,404,5.45,81,61,403,20.1,15.14,89,67,402,22.14,16.67,22,36,402,5.47,8.96,37,111,67,108,403,9.18,27.54,16.63,26.8
N20002788,Carrick_Castle_F3,73,365,438,20,83.33,12,425,437,2.75,133,32,437,30.43,7.32,94,82,438,21.46,18.72,28,30,438,6.39,6.85,52,89,87,48,437,11.9,20.37,19.91,10.98
N20002789,Carrick_Castle_F4,60,450,510,13.33,88.24,3,507,510,0.59,107,9,509,21.02,1.77,111,144,510,21.76,28.24,47,33,509,9.23,6.48,77,105,63,49,510,15.1,20.59,12.35,9.61
N20002790,Carrick_Castle_G1,95,444,539,21.4,82.37,12,530,542,2.21,116,68,538,21.56,12.64,104,137,539,19.29,25.42,55,43,541,10.17,7.95,101,159,63,104,540,18.7,29.44,11.67,19.26
N20002791,Carrick_Castle_F5,80,285,365,28.07,78.08,9,356,365,2.47,122,40,365,33.42,10.96,67,60,368,18.21,16.3,19,28,365,5.21,7.67,42,105,66,86,365,11.51,28.77,18.08,23.56
N20002792,Carrick_Castle_G2,58,402,460,14.43,87.39,10,450,460,2.17,50,60,460,10.87,13.04,152,75,459,33.12,16.34,24,61,459,5.23,13.29,22,70,63,145,460,4.78,15.22,13.7,31.52
N20002793,Carrick_Castle_G3,21,278,299,7.55,92.98,7,292,299,2.34,15,2,299,5.02,0.67,114,64,300,38,21.33,17,48,300,5.67,16,9,29,30,45,299,3.01,9.7,10.03,15.05
N20002794,Carrick_Castle_H1,105,333,438,31.53,76.03,13,425,438,2.97,112,74,438,25.57,16.89,127,64,439,28.93,14.58,13,46,439,2.96,10.48,27,109,81,128,438,6.16,24.89,18.49,29.22
N20002795,Carrick_Castle_G4,56,443,499,12.64,88.78,17,478,495,3.43,46,56,497,9.26,11.27,198,79,493,40.16,16.02,22,114,495,4.44,23.03,17,82,34,128,495,3.43,16.57,6.87,25.86
N20002796,Carrick_Castle_H2,78,330,408,23.64,80.88,19,390,409,4.65,42,84,408,10.29,20.59,90,73,410,21.95,17.8,17,42,409,4.16,10.27,23,72,76,171,409,5.62,17.6,18.58,41.81
N20002797,Carrick_Castle_H3,108,382,490,28.27,77.96,25,465,490,5.1,167,69,488,34.22,14.14,99,87,490,20.2,17.76,26,59,491,5.3,12.02,51,125,101,170,488,10.45,25.61,20.7,34.84
N20002798,Carrick_Castle_J1,44,347,391,12.68,88.75,18,373,391,4.6,50,29,388,12.89,7.47,121,77,391,30.95,19.69,29,84,391,7.42,21.48,41,56,67,145,392,10.46,14.29,17.09,36.99
N20002799,Carrick_Castle_J2,122,380,502,32.11,75.7,15,487,502,2.99,149,73,499,29.86,14.63,91,105,502,18.13,20.92,22,31,502,4.38,6.18,71,139,102,104,502,14.14,27.69,20.32,20.72
N20002800,Carrick_Castle_J3,46,468,514,9.83,91.05,10,504,514,1.95,59,23,514,11.48,4.47,116,164,514,22.57,31.91,64,47,516,12.4,9.11,48,100,56,93,514,9.34,19.46,10.89,18.09
N20002801,Carrick_Castle_J4,9,206,215,4.37,95.81,2,212,214,0.93,14,6,214,6.54,2.80,67,47,216,31.02,21.76,13,15,213,6.1,7.04,14,32,13,22,219,6.39,14.61,5.94,10.05
N20002802,Knockagh_A1,179,734,913,24.39,80.39,13,900,913,1.42,336,20,915,36.72,2.19,121,222,913,13.25,24.32,85,36,913,9.31,3.94,170,247,245,68,913,18.62,27.05,26.83,7.45
N20002803,Knockagh_B1,60,381,441,15.75,86.39,9,432,441,2.04,111,23,441,25.17,5.22,83,114,441,18.82,25.85,44,37,441,9.98,8.39,71,106,63,46,442,16.06,23.98,14.25,10.41
N20002804,Knockagh_B2,72,548,620,13.14,88.39,9,612,621,1.45,149,8,621,23.99,1.29,83,225,620,13.39,36.29,90,33,621,14.49,5.31,116,134,96,45,622,18.65,21.54,15.43,7.23
N20002805,Knockagh_C1,90,390,480,23.08,81.25,13,468,481,2.7,188,30,480,39.17,6.25,60,120,481,12.47,24.95,45,20,481,9.36,4.16,87,154,124,60,481,18.09,32.02,25.78,12.47
N20002806,Knockagh_C2,107,368,475,29.08,77.47,21,454,475,4.42,177,54,476,37.18,11.34,47,140,475,9.89,29.47,46,20,474,9.7,4.22,117,168,88,68,475,24.63,35.37,18.53,14.32
N20002807,Knockagh_C3,17,264,281,6.44,93.95,5,277,282,1.77,52,2,279,18.64,0.72,78,57,281,27.76,20.28,25,15,283,8.83,5.3,33,53,55,28,282,11.7,18.79,19.5,9.93
N20002808,Knockagh_B3,78,577,655,13.52,88.09,10,645,655,1.53,145,22,649,22.34,3.39,105,174,654,16.06,26.61,74,43,655,11.3,6.56,108,186,97,75,656,16.46,28.35,14.79,11.43
N20002809,Knockagh_A2,107,537,644,19.93,83.39,11,633,644,1.71,191,21,648,29.48,3.24,107,189,643,16.64,29.39,67,28,641,10.45,4.37,121,167,128,37,643,18.82,25.97,19.91,5.75
N20002810,Knockagh_C4,55,366,421,15.03,86.94,10,409,419,2.39,102,22,417,24.46,5.28,60,100,419,14.32,23.87,40,28,417,9.59,6.71,64,119,96,49,419,15.27,28.4,22.91,11.69
N20002811,Knockagh_D1,76,280,356,27.14,78.65,20,338,358,5.59,53,74,354,14.97,20.90,94,47,356,26.4,13.2,12,40,356,3.37,11.24,4,79,77,113,356,1.12,22.19,21.63,31.74
N20002812,Knockagh_F1,63,194,257,32.47,75.49,16,242,258,6.2,73,43,259,28.19,16.60,45,39,257,17.51,15.18,19,18,257,7.39,7,37,56,64,55,257,14.4,21.79,24.9,21.4
N20002813,Knockagh_D2,141,325,466,43.38,69.74,23,443,466,4.94,132,134,466,28.33,28.76,93,58,466,19.96,12.45,5,46,464,1.08,9.91,9,105,90,220,466,1.93,22.53,19.31,47.21
N20002814,Knockagh_C5,96,542,638,17.71,84.95,9,628,637,1.41,174,28,635,27.4,4.41,113,118,637,17.74,18.52,38,42,637,5.97,6.59,84,191,129,75,638,13.17,29.94,20.22,11.76
N20002815,Knockagh_D3,72,212,284,33.96,74.65,18,265,283,6.36,78,64,284,27.46,22.54,77,34,285,27.02,11.93,7,32,282,2.48,11.35,9,55,57,108,283,3.18,19.43,20.14,38.16
N20002816,Knockagh_D4,85,259,344,32.82,75.29,9,335,344,2.62,65,83,344,18.9,24.13,76,42,344,22.09,12.21,11,40,344,3.2,11.63,16,63,93,116,348,4.6,18.1,26.72,33.33
N20002817,Knockagh_E1,107,304,411,35.2,73.97,17,395,412,4.13,147,63,410,35.85,15.37,112,44,410,27.32,10.73,7,65,412,1.7,15.78,18,98,73,162,411,4.38,23.84,17.76,39.42
N20002818,Knockagh_E2,167,340,507,49.12,67.06,29,477,506,5.73,100,178,507,19.72,35.11,139,37,507,27.42,7.3,4,72,507,0.79,14.2,3,81,84,298,507,0.59,15.98,16.57,58.78
N20002819,Knockagh_F2,128,428,556,29.91,76.98,17,539,556,3.06,125,102,555,22.52,18.38,147,49,555,26.49,8.83,14,73,556,2.52,13.13,13,128,86,223,556,2.34,23.02,15.47,40.11
N20002820,Knockagh_F3,76,301,377,25.25,79.84,4,373,377,1.06,107,58,377,28.38,15.38,84,72,378,22.22,19.05,27,24,377,7.16,6.37,72,94,64,82,376,19.15,25,17.02,21.81
N20002821,Knockagh_E3,167,461,628,36.23,73.41,33,595,628,5.25,161,134,628,25.64,21.34,176,78,625,28.16,12.48,24,73,628,3.82,11.62,43,108,127,259,629,6.84,17.17,20.19,41.18
N20002822,Knockagh_F4,138,444,582,31.08,76.29,18,564,582,3.09,227,71,580,39.14,12.24,71,110,581,12.22,18.93,38,19,588,6.46,3.23,99,164,179,86,582,17.01,28.18,30.76,14.78
N20002823,Knockagh_F5,132,558,690,23.66,80.87,16,674,690,2.32,232,51,690,33.62,7.39,86,230,689,12.48,33.38,101,34,689,14.66,4.93,187,203,59,79,687,27.22,29.55,8.59,11.5
N20002824,Knockagh_F6,38,204,242,18.63,84.3,5,237,242,2.07,61,22,242,25.21,9.09,19,107,241,7.88,44.4,28,10,242,11.57,4.13,60,83,26,12,242,24.79,34.3,10.74,4.96
N20002825,Knockagh_G1,163,559,722,29.16,77.42,4,719,723,0.55,317,28,726,43.66,3.86,37,329,723,5.12,45.5,136,19,723,18.81,2.63,281,199,56,35,722,38.92,27.56,7.76,4.85
N20002826,Knockagh_G2,120,458,578,26.2,79.24,6,571,577,1.04,231,31,576,40.1,5.38,56,254,577,9.71,44.02,121,22,577,20.97,3.81,226,149,27,22,576,39.24,25.87,4.69,3.82
N20002827,Knockagh_G3,130,353,483,36.83,73.08,13,470,483,2.69,269,27,483,55.69,5.59,23,202,482,4.77,41.91,72,8,485,14.85,1.65,181,190,49,28,483,37.47,39.34,10.14,5.8
N20002828,Knockagh_H1,78,298,376,26.17,79.26,7,369,376,1.86,130,31,377,34.48,8.22,42,131,375,11.2,34.93,43,18,377,11.41,4.77,90,120,47,43,376,23.94,31.91,12.5,11.44
N20002829,Knockagh_H2,134,429,563,31.24,76.2,24,539,563,4.26,143,89,564,25.35,15.78,123,90,564,21.81,15.96,23,55,563,4.09,9.77,40,158,101,177,563,7.1,28.06,17.94,31.44
N20002830,Knockagh_J1,75,418,493,17.94,84.79,10,484,494,2.02,157,16,493,31.85,3.25,52,208,492,10.57,42.28,75,34,495,15.15,6.87,107,112,66,55,493,21.7,22.72,13.39,11.16
N20002831,Knockagh_H3,43,268,311,16.04,86.17,10,301,311,3.22,53,39,313,16.93,12.46,103,38,311,33.12,12.22,18,39,314,5.73,12.42,19,54,38,116,311,6.11,17.36,12.22,37.3
N20002832,Knockagh_G4,148,387,535,38.24,72.34,13,522,535,2.43,265,37,534,49.63,6.93,33,206,535,6.17,38.5,76,15,535,14.21,2.8,196,191,36,34,535,36.64,35.7,6.73,6.36
N20002833,Knockagh_H4,88,315,403,27.94,78.16,12,391,403,2.98,69,82,401,17.21,20.45,91,59,404,22.52,14.6,19,46,404,4.7,11.39,19,92,76,160,403,4.71,22.83,18.86,39.7
N20002834,Knockagh_H5,75,272,347,27.57,78.39,6,341,347,1.73,69,70,349,19.77,20.06,104,45,347,29.97,12.97,19,40,346,5.49,11.56,34,99,43,109,347,9.8,28.53,12.39,31.41
N20002835,Knockagh_J2,167,461,628,36.23,73.41,23,605,628,3.66,244,96,628,38.85,15.29,86,174,622,13.83,27.97,62,40,628,9.87,6.37,129,164,129,160,628,20.54,26.11,20.54,25.48
N20002836,Knockagh_J3,93,474,567,19.62,83.6,6,561,567,1.06,192,12,567,33.86,2.12,49,274,569,8.61,48.15,114,21,566,20.14,3.71,223,162,43,47,566,39.4,28.62,7.6,8.3
N20002837,Carntogher_B1,130,284,414,45.77,68.6,12,402,414,2.9,236,14,412,57.28,3.40,87,71,414,21.01,17.15,18,35,413,4.36,8.47,51,92,130,68,414,12.32,22.22,31.4,16.43
N20002838,Carntogher_A1,271,745,1016,36.38,73.33,7,1009,1016,0.69,453,58,1017,44.54,5.70,138,263,1016,13.58,25.89,78,55,1017,7.67,5.41,184,217,311,126,1016,18.11,21.36,30.61,12.4
N20002839,Carntogher_B2,166,442,608,37.56,72.7,10,598,608,1.64,308,25,608,50.66,4.11,124,129,608,20.39,21.22,32,45,608,5.26,7.4,98,151,203,50,609,16.09,24.79,33.33,8.21
N20002840,Carntogher_A2,181,502,683,36.06,73.5,9,674,683,1.32,334,24,683,48.9,3.51,127,151,683,18.59,22.11,57,40,685,8.32,5.84,124,143,223,65,683,18.16,20.94,32.65,9.52
N20002841,Carntogher_D1,180,374,554,48.13,67.51,11,543,554,1.99,306,24,554,55.23,4.33,74,116,554,13.36,20.94,29,33,554,5.23,5.96,116,95,228,49,555,20.9,17.12,41.08,8.83
N20002842,Carntogher_B3,113,377,490,29.97,76.94,6,483,489,1.23,177,31,489,36.2,6.34,84,100,489,17.18,20.45,25,28,489,5.11,5.73,65,97,172,64,490,13.27,19.8,35.1,13.06
N20002843,Carntogher_A3,148,517,665,28.63,77.74,12,652,664,1.81,249,42,665,37.44,6.32,202,105,665,30.38,15.79,35,77,665,5.26,11.58,34,132,170,162,665,5.11,19.85,25.56,24.36
N20002844,Carntogher_B4,155,381,536,40.68,71.08,11,525,536,2.05,273,18,534,51.12,3.37,98,112,535,18.32,20.93,29,35,536,5.41,6.53,82,111,202,51,536,15.3,20.71,37.69,9.51
N20002845,Carntogher_B5,203,558,761,36.38,73.32,11,750,761,1.45,364,26,759,47.96,3.43,127,223,760,16.71,29.34,76,64,761,9.99,8.41,208,155,155,73,761,27.33,20.37,20.37,9.59
N20002846,Carntogher_A4,155,503,658,30.82,76.44,22,636,658,3.34,262,42,658,39.82,6.38,182,98,658,27.66,14.89,34,70,658,5.17,10.64,52,123,185,153,658,7.9,18.69,28.12,23.25
N20002847,Carntogher_D2,136,423,559,32.15,75.67,6,553,559,1.07,243,26,559,43.47,4.65,78,153,557,14,27.47,55,37,559,9.84,6.62,93,108,175,77,559,16.64,19.32,31.31,13.77
N20002848,Carntogher_C1,216,606,822,35.64,73.72,15,807,822,1.82,380,23,823,46.17,2.79,167,158,826,20.22,19.13,46,59,823,5.59,7.17,134,153,285,71,821,16.32,18.64,34.71,8.65
N20002849,Carntogher_C2,125,439,564,28.47,77.84,10,554,564,1.77,210,24,562,37.37,4.27,124,144,564,21.99,25.53,45,38,564,7.98,6.74,102,135,76,120,564,18.09,23.94,13.48,21.28
N20002850,Carntogher_E1,169,287,456,58.89,62.94,14,442,456,3.07,207,82,456,45.39,17.98,71,97,456,15.57,21.27,20,29,455,4.4,6.37,59,105,127,139,456,12.94,23.03,27.85,30.48
N20002851,Carntogher_E2,279,610,889,45.74,68.62,13,876,889,1.46,493,66,890,55.39,7.42,88,252,890,9.89,28.31,84,36,888,9.46,4.05,182,265,222,111,889,20.47,29.81,24.97,12.49
N20002852,Carntogher_E3,154,452,606,34.07,74.59,11,595,606,1.82,256,48,608,42.11,7.89,87,180,606,14.36,29.7,59,35,606,9.74,5.78,149,135,149,77,608,24.51,22.2,24.51,12.66
N20002853,Carntogher_C3,201,558,759,36.02,73.52,16,743,759,2.11,374,25,759,49.28,3.29,147,187,759,19.37,24.64,50,49,760,6.58,6.45,107,138,280,78,759,14.1,18.18,36.89,10.28
N20002854,Carntogher_F1,75,363,438,20.66,82.88,10,428,438,2.28,101,36,436,23.17,8.26,150,62,438,34.25,14.16,6,64,438,1.37,14.61,1,72,83,154,438,0.23,16.44,18.95,35.16
N20002855,Carntogher_F2,73,332,405,21.99,81.98,10,395,405,2.47,112,29,403,27.79,7.20,142,51,405,35.06,12.59,10,79,405,2.47,19.51,20,48,82,138,406,4.93,11.82,20.2,33.99
N20002856,Carntogher_E4,70,318,388,22.01,81.96,7,381,388,1.8,101,36,388,26.03,9.28,73,142,388,18.81,36.6,40,23,388,10.31,5.93,73,81,92,31,389,18.77,20.82,23.65,7.97
N20002857,Carntogher_F3,120,421,541,28.5,77.82,16,525,541,2.96,171,59,541,31.61,10.91,147,101,540,27.22,18.7,29,59,540,5.37,10.93,61,77,126,146,538,11.34,14.31,23.42,27.14
N20002858,Carntogher_F4,109,404,513,26.98,78.75,8,505,513,1.56,142,61,513,27.68,11.89,179,65,514,34.82,12.65,14,85,515,2.72,16.5,14,42,117,213,513,2.73,8.19,22.81,41.52
N20002859,Carntogher_C4,218,554,772,39.35,71.76,13,759,772,1.68,398,28,771,51.62,3.63,105,204,772,13.6,26.42,46,44,772,5.96,5.7,130,175,262,57,772,16.84,22.67,33.94,7.38
N20002860,Carntogher_D3,201,611,812,32.9,75.25,15,797,812,1.85,355,14,818,43.4,1.71,150,239,811,18.5,29.47,63,61,813,7.75,7.5,158,158,214,87,812,19.46,19.46,26.35,10.71
N20002861,Carntogher_C5,151,314,465,48.09,67.53,17,448,465,3.66,249,48,467,53.32,10.28,66,102,464,14.22,21.98,39,34,464,8.41,7.33,79,129,110,96,465,16.99,27.74,23.66,20.65
N20002862,Carntogher_D4,151,384,535,39.32,71.78,8,527,535,1.5,249,15,535,46.54,2.80,101,133,536,18.84,24.81,34,40,534,6.37,7.49,99,95,148,84,535,18.5,17.76,27.66,15.7
N20002863,Carntogher_D5,192,539,731,35.62,73.73,9,723,732,1.23,332,8,731,45.42,1.09,162,176,729,22.22,24.14,51,52,730,6.99,7.12,113,153,250,78,731,15.46,20.93,34.2,10.67
N20002864,Carntogher_D6,141,388,529,36.34,73.35,7,522,529,1.32,255,8,529,48.2,1.51,98,131,526,18.63,24.9,36,37,527,6.83,7.02,82,97,207,48,531,15.44,18.27,38.98,9.04
N20002865,Moyola_C1,167,402,569,41.54,70.65,8,561,569,1.41,264,28,569,46.4,4.92,103,124,570,18.07,21.75,25,37,568,4.4,6.51,57,177,176,78,569,10.02,31.11,30.93,13.71
N20002866,Moyola_A1,208,475,683,43.79,69.55,16,667,683,2.34,383,27,682,56.16,3.96,107,179,683,15.67,26.21,54,38,684,7.89,5.56,154,171,184,51,683,22.55,25.04,26.94,7.47
N20002867,Moyola_B1,230,665,895,34.59,74.3,25,871,896,2.79,426,41,894,47.65,4.59,188,175,896,20.98,19.53,53,61,896,5.92,6.81,135,209,256,119,896,15.07,23.33,28.57,13.28
N20002868,Moyola_C2,233,542,775,42.99,69.94,18,757,775,2.32,396,11,774,51.16,1.42,112,204,774,14.47,26.36,54,54,774,6.98,6.98,171,188,196,68,774,22.09,24.29,25.32,8.79
N20002869,Moyola_A2,137,454,591,30.18,76.82,6,585,591,1.02,201,78,591,34.01,13.20,155,94,593,26.14,15.85,18,70,592,3.04,11.82,30,97,187,174,590,5.08,16.44,31.69,29.49
N20002870,Moyola_A3,208,452,660,46.02,68.48,17,643,660,2.58,321,83,660,48.64,12.58,93,140,660,14.09,21.21,34,45,659,5.16,6.83,90,169,207,142,660,13.64,25.61,31.36,21.52
N20002871,Moyola_E1,197,579,776,34.02,74.61,10,767,777,1.29,344,38,777,44.27,4.89,138,216,776,17.78,27.84,60,43,774,7.75,5.56,188,170,204,58,775,24.26,21.94,26.32,7.48
N20002872,Moyola_B2,159,547,706,29.07,77.48,11,695,706,1.56,287,23,704,40.77,3.27,181,143,705,25.67,20.28,37,78,706,5.24,11.05,121,141,180,101,706,17.14,19.97,25.5,14.31
N20002873,Moyola_D1,173,324,497,53.4,65.19,20,478,498,4.02,316,41,496,63.71,8.27,55,117,498,11.04,23.49,30,16,498,6.02,3.21,105,152,155,56,499,21.04,30.46,31.06,11.22
N20002874,Moyola_D2,113,281,394,40.21,71.32,8,386,394,2.03,195,30,394,49.49,7.61,56,119,394,14.21,30.2,25,25,395,6.33,6.33,87,107,86,37,394,22.08,27.16,21.83,9.39
N20002875,Moyola_D3,112,450,562,24.89,80.07,7,554,561,1.25,141,71,561,25.13,12.66,147,99,562,26.16,17.62,26,75,562,4.63,13.35,37,82,142,147,561,6.6,14.62,25.31,26.2
N20002876,Moyola_E2,113,428,541,26.4,79.11,5,536,541,0.92,188,27,542,34.69,4.98,92,140,542,16.97,25.83,46,29,540,8.52,5.37,82,118,181,37,542,15.13,21.77,33.39,6.83
N20002877,Moyola_E3,114,429,543,26.57,79.01,6,537,543,1.1,219,6,541,40.48,1.11,102,161,546,18.68,29.49,60,37,544,11.03,6.8,135,106,121,37,543,24.86,19.52,22.28,6.81
N20002878,Moyola_D4,81,337,418,24.04,80.62,10,407,417,2.4,104,60,418,24.88,14.35,119,73,417,28.54,17.51,21,66,420,5,15.71,27,74,110,106,417,6.47,17.75,26.38,25.42
N20002879,Moyola_E4,262,798,1060,32.83,75.28,17,1043,1060,1.6,456,48,1060,43.02,4.53,188,297,1061,17.72,27.99,88,66,1060,8.3,6.23,196,272,234,122,1060,18.49,25.66,22.08,11.51
N20002880,Moyola_F1,161,403,564,39.95,71.45,23,541,564,4.08,227,69,565,40.18,12.21,135,125,562,24.02,22.24,44,63,564,7.8,11.17,117,96,134,137,564,20.74,17.02,23.76,24.29
N20002881,Moyola_F2,143,443,586,32.28,75.6,24,563,587,4.09,234,47,587,39.86,8.01,142,123,587,24.19,20.95,24,45,587,4.09,7.67,74,125,123,130,585,12.65,21.37,21.03,22.22
N20002882,Moyola_C3,223,587,810,37.99,72.47,15,795,810,1.85,373,38,810,46.05,4.69,135,206,809,16.69,25.46,51,53,810,6.3,6.54,186,172,225,63,810,22.96,21.23,27.78,7.78
N20002883,Moyola_F3,118,397,515,29.72,77.09,16,499,515,3.11,169,57,514,32.88,11.09,118,108,514,22.96,21.01,28,78,517,5.42,15.09,61,132,101,103,517,11.8,25.53,19.54,19.92
N20002884,Moyola_F4,221,461,682,47.94,67.6,31,648,679,4.57,395,70,679,58.17,10.31,96,170,679,14.14,25.04,38,33,676,5.62,4.88,119,130,242,141,679,17.53,19.15,35.64,20.77
N20002885,Moyola_G1,269,526,795,51.14,66.16,27,768,795,3.4,435,78,795,54.72,9.81,127,167,795,15.97,21.01,54,37,796,6.78,4.65,147,167,260,131,795,18.49,21.01,32.7,16.48
N20002886,Moyola_G2,113,392,505,28.83,77.62,7,498,505,1.39,205,28,505,40.59,5.54,104,113,505,20.59,22.38,26,48,505,5.15,9.5,76,123,133,74,505,15.05,24.36,26.34,14.65
N20002887,Moyola_C4,217,647,864,33.54,74.88,19,845,864,2.2,373,47,860,43.37,5.47,145,209,864,16.78,24.19,71,54,864,8.22,6.25,175,254,181,109,864,20.25,29.4,20.95,12.62
N20002888,Moyola_G3,166,391,557,42.46,70.2,7,550,557,1.26,285,15,557,51.17,2.69,118,110,559,21.11,19.68,28,30,559,5.01,5.37,78,123,195,52,554,14.08,22.2,35.2,9.39
N20002889,Moyola_H1,106,357,463,29.69,77.11,8,455,463,1.73,185,13,462,40.04,2.81,102,125,463,22.03,27,39,32,465,8.39,6.88,90,83,131,53,463,19.44,17.93,28.29,11.45
N20002890,Moyola_G4,170,470,640,36.17,73.44,12,628,640,1.88,284,15,640,44.38,2.34,132,139,639,20.66,21.75,33,60,639,5.16,9.39,81,119,227,61,642,12.62,18.54,35.36,9.5
N20002891,Moyola_H2,180,600,780,30,76.92,9,771,780,1.15,299,55,779,38.38,7.06,129,219,781,16.52,28.04,70,56,780,8.97,7.18,130,172,223,69,780,16.67,22.05,28.59,8.85
N20002892,Moyola_H3,157,426,583,36.85,73.07,9,574,583,1.54,280,32,584,47.95,5.48,89,145,584,15.24,24.83,37,27,583,6.35,4.63,100,118,183,85,583,17.15,20.24,31.39,14.58
N20002893,Moyola_H4,174,398,572,43.72,69.58,10,561,571,1.75,292,27,571,51.14,4.73,98,128,572,17.13,22.38,32,50,573,5.58,8.73,95,114,186,67,572,16.61,19.93,32.52,11.71
N20002894,Magherafelt_A1,149,485,634,30.72,76.5,8,626,634,1.26,261,32,635,41.1,5.04,62,249,635,9.76,39.21,82,22,639,12.83,3.44,183,159,147,54,634,28.86,25.08,23.19,8.52
N20002895,Magherafelt_A2,90,275,365,32.73,75.34,7,358,365,1.92,147,29,366,40.16,7.92,67,89,365,18.36,24.38,25,24,365,6.85,6.58,64,87,84,84,364,17.58,23.9,23.08,23.08
N20002896,Magherafelt_C1,102,283,385,36.04,73.51,7,380,387,1.81,182,34,386,47.15,8.81,32,157,391,8.18,40.15,62,15,387,16.02,3.88,137,118,48,34,387,35.4,30.49,12.4,8.79
N20002897,Magherafelt_A3,38,191,229,19.9,83.41,7,222,229,3.06,51,23,230,22.17,10.00,84,41,227,37,18.06,7,44,229,3.06,19.21,12,36,38,60,228,5.26,15.79,16.67,26.32
N20002898,Magherafelt_A4,89,359,448,24.79,80.13,12,436,448,2.68,173,29,451,38.36,6.43,109,108,446,24.44,24.22,34,68,448,7.59,15.18,75,97,89,70,448,16.74,21.65,19.87,15.63
N20002899,Magherafelt_B1,132,434,566,30.41,76.68,28,537,565,4.96,168,88,563,29.84,15.63,170,69,565,30.09,12.21,16,70,565,2.83,12.39,37,47,145,252,566,6.54,8.3,25.62,44.52
N20002900,Magherafelt_C2,128,288,416,44.44,69.23,7,408,415,1.69,239,19,417,57.31,4.56,14,196,416,3.37,47.12,79,9,416,18.99,2.16,150,118,76,14,417,35.97,28.3,18.23,3.36
N20002901,Magherafelt_A5,34,245,279,13.88,87.81,6,273,279,2.15,43,23,279,15.41,8.24,87,52,280,31.07,18.57,10,30,279,3.58,10.75,11,53,59,103,279,3.94,19,21.15,36.92
N20002902,Magherafelt_A6,98,387,485,25.32,79.79,9,476,485,1.86,128,56,484,26.45,11.57,154,66,485,31.75,13.61,12,70,486,2.47,14.4,26,63,104,185,484,5.37,13.02,21.49,38.22
N20002903,Magherafelt_C3,182,439,621,41.46,70.69,18,603,621,2.9,312,40,621,50.24,6.44,91,166,622,14.63,26.69,57,41,621,9.18,6.6,159,167,114,102,621,25.6,26.89,18.36,16.43
N20002904,Magherafelt_B2,133,489,622,27.2,78.62,16,605,621,2.58,132,113,621,21.26,18.20,189,71,621,30.43,11.43,12,97,621,1.93,15.62,35,74,161,216,621,5.64,11.92,25.93,34.78
N20002905,Magherafelt_A7,104,352,456,29.55,77.19,9,447,456,1.97,139,48,456,30.48,10.53,114,80,456,25,17.54,22,48,458,4.8,10.48,32,85,122,99,456,7.02,18.64,26.75,21.71
N20002906,Magherafelt_B3,76,255,331,29.8,77.04,13,318,331,3.93,106,45,331,32.02,13.60,118,39,332,35.54,11.75,9,43,330,2.73,13.03,15,50,62,130,330,4.55,15.15,18.79,39.39
N20002907,Magherafelt_B4,123,464,587,26.51,79.05,19,568,587,3.24,160,67,586,27.3,11.43,197,62,587,33.56,10.56,13,107,587,2.21,18.23,8,96,149,241,587,1.36,16.35,25.38,41.06
N20002908,Magherafelt_B5,214,541,755,39.56,71.66,21,734,755,2.78,341,82,754,45.23,10.88,137,167,755,18.15,22.12,42,54,755,5.56,7.15,89,223,217,145,754,11.8,29.58,28.78,19.23
N20002909,Magherafelt_C4,127,526,653,24.14,80.55,16,636,652,2.45,186,57,654,28.44,8.72,128,159,652,19.63,24.39,42,47,652,6.44,7.21,117,100,138,133,652,17.94,15.34,21.17,20.4
N20002910,Magherafelt_C5,119,419,538,28.4,77.88,7,531,538,1.3,208,34,538,38.66,6.32,39,231,541,7.21,42.7,100,18,538,18.59,3.35,190,136,99,43,538,35.32,25.28,18.4,7.99
N20002911,Magherafelt_D1,187,594,781,31.48,76.06,9,772,781,1.15,323,21,781,41.36,2.69,141,211,781,18.05,27.02,55,54,781,7.04,6.91,183,148,228,76,781,23.43,18.95,29.19,9.73
N20002912,Magherafelt_C6,168,534,702,31.46,76.07,28,674,702,3.99,291,49,702,41.45,6.98,105,190,698,15.04,27.22,64,32,702,9.12,4.56,69,206,155,143,702,9.83,29.34,22.08,20.37
N20002913,Magherafelt_E1,111,340,451,32.65,75.39,8,443,451,1.77,187,21,449,41.65,4.68,115,103,451,25.5,22.84,28,28,451,6.21,6.21,63,108,112,74,450,14,24,24.89,16.44
N20002914,Magherafelt_E2,123,450,573,27.33,78.53,10,563,573,1.75,233,20,573,40.66,3.49,104,167,574,18.12,29.09,47,36,575,8.17,6.26,97,122,179,52,573,16.93,21.29,31.24,9.08
N20002915,Magherafelt_D2,153,519,672,29.48,77.23,10,662,672,1.49,295,16,671,43.96,2.38,123,180,672,18.3,26.79,42,40,674,6.23,5.93,110,187,226,46,672,16.37,27.83,33.63,6.85
N20002916,Magherafelt_G1,184,444,628,41.44,70.7,14,613,627,2.23,277,83,628,44.11,13.22,110,160,628,17.52,25.48,37,48,628,5.89,7.64,100,117,203,129,628,15.92,18.63,32.32,20.54
N20002917,Magherafelt_G2,179,459,638,39,71.94,17,621,638,2.66,287,59,638,44.98,9.25,101,183,638,15.83,28.68,53,40,641,8.27,6.24,124,128,185,101,638,19.44,20.06,29,15.83
N20002918,Magherafelt_D3,163,440,603,37.05,72.97,5,598,603,0.83,320,20,603,53.07,3.32,101,149,602,16.78,24.75,54,39,605,8.93,6.45,139,123,169,70,603,23.05,20.4,28.03,11.61
N20002919,Magherafelt_E3,161,393,554,40.97,70.94,6,547,553,1.08,274,26,554,49.46,4.69,100,127,555,18.02,22.88,30,48,556,5.4,8.63,113,134,154,73,556,20.32,24.1,27.7,13.13
N20002920,Magherafelt_D4,149,521,670,28.6,77.76,9,661,670,1.34,290,18,669,43.35,2.69,138,136,667,20.69,20.39,34,39,665,5.11,5.86,83,124,249,71,669,12.41,18.54,37.22,10.61
N20002921,Magherafelt_F1,134,332,466,40.36,71.24,12,454,466,2.58,259,33,466,55.58,7.08,72,104,466,15.45,22.32,31,22,466,6.65,4.72,76,136,133,70,466,16.31,29.18,28.54,15.02
N20002922,Magherafelt_F2,140,376,516,37.23,72.87,17,499,516,3.29,198,56,515,38.45,10.87,141,107,516,27.33,20.74,22,52,513,4.29,10.14,45,114,126,142,516,8.72,22.09,24.42,27.52
N20002923,Magherafelt_F3,156,364,520,42.86,70,17,503,520,3.27,224,78,517,43.33,15.09,109,100,522,20.88,19.16,28,47,518,5.41,9.07,45,114,142,152,520,8.65,21.92,27.31,29.23
N20002924,Magherafelt_F4,173,466,639,37.12,72.93,8,631,639,1.25,261,87,637,40.97,13.66,158,127,639,24.73,19.87,27,52,640,4.22,8.13,72,126,181,164,641,11.23,19.66,28.24,25.59
N20002925,Magherafelt_G3,147,394,541,37.31,72.83,9,533,542,1.66,244,19,542,45.02,3.51,91,123,541,16.82,22.74,43,32,542,7.93,5.9,112,84,187,56,541,20.7,15.53,34.57,10.35
N20002926,Magherafelt_D5,156,449,605,34.74,74.21,16,589,605,2.64,280,18,605,46.28,2.98,155,110,605,25.62,18.18,39,51,606,6.44,8.42,69,138,154,96,603,11.44,22.89,25.54,15.92
N20002927,Magherafelt_G4,127,380,507,33.42,74.95,14,493,507,2.76,203,29,507,40.04,5.72,111,101,508,21.85,19.88,25,50,507,4.93,9.86,73,90,172,78,507,14.4,17.75,33.93,15.38
N20002928,Magherafelt_E4,242,588,830,41.16,70.84,13,817,830,1.57,442,19,831,53.19,2.29,116,225,831,13.96,27.08,72,45,832,8.65,5.41,212,223,187,56,834,25.42,26.74,22.42,6.71
N20002929,Cookstown_A1,207,442,649,46.83,68.1,5,644,649,0.77,343,25,649,52.85,3.85,117,143,650,18,22,25,49,650,3.85,7.54,59,157,247,94,650,9.08,24.15,38,14.46
N20002930,Cookstown_A2,197,507,704,38.86,72.02,6,699,705,0.85,320,28,704,45.45,3.98,142,155,704,20.17,22.02,34,60,704,4.83,8.52,100,141,243,86,704,14.2,20.03,34.52,12.22
N20002931,Cookstown_A3,134,405,539,33.09,75.14,10,529,539,1.86,252,29,542,46.49,5.35,97,135,540,17.96,25,50,22,538,9.29,4.09,101,135,134,85,539,18.74,25.05,24.86,15.77
N20002932,Cookstown_B1,118,364,482,32.42,75.52,9,471,480,1.88,218,31,484,45.04,6.40,66,122,485,13.61,25.15,33,19,481,6.86,3.95,86,126,100,93,481,17.88,26.2,20.79,19.33
N20002933,Cookstown_E1,152,341,493,44.57,69.17,16,477,493,3.25,230,42,493,46.65,8.52,98,113,493,19.88,22.92,31,54,492,6.3,10.98,98,131,114,86,495,19.8,26.46,23.03,17.37
N20002934,Cookstown_B2,123,379,502,32.45,75.5,12,490,502,2.39,176,56,501,35.13,11.18,99,108,502,19.72,21.51,36,23,502,7.17,4.58,63,114,110,96,501,12.57,22.75,21.96,19.16
N20002935,Cookstown_B3,56,255,311,21.96,81.99,5,306,311,1.61,88,22,311,28.3,7.07,84,57,310,27.1,18.39,17,34,310,5.48,10.97,31,72,62,65,310,10,23.23,20,20.97
N20002936,Cookstown_E2,132,290,422,45.52,68.72,8,414,422,1.9,199,34,420,47.38,8.10,72,113,422,17.06,26.78,28,40,423,6.62,9.46,83,74,102,82,422,19.67,17.54,24.17,19.43
N20002937,Cookstown_B4,128,495,623,25.86,79.45,12,611,623,1.93,233,34,624,37.34,5.45,161,156,622,25.88,25.08,60,60,624,9.62,9.62,95,157,110,112,623,15.25,25.2,17.66,17.98
N20002938,Cookstown_C1,186,474,660,39.24,71.82,34,626,660,5.15,220,115,660,33.33,17.42,214,52,661,32.38,7.87,16,85,658,2.43,12.92,21,97,138,292,662,3.17,14.65,20.85,44.11
N20002939,Cookstown_E3,88,220,308,40,71.43,12,299,311,3.86,129,38,305,42.3,12.46,69,51,311,22.19,16.4,12,24,307,3.91,7.82,28,60,94,64,308,9.09,19.48,30.52,20.78
N20002940,Cookstown_C2,125,457,582,27.35,78.52,7,572,579,1.21,167,56,585,28.55,9.57,190,82,582,32.65,14.09,14,48,582,2.41,8.25,23,83,115,288,582,3.95,14.26,19.76,49.48
N20002941,Cookstown_D1,206,466,672,44.21,69.35,16,656,672,2.38,348,55,672,51.79,8.18,130,128,672,19.35,19.05,41,37,671,6.11,5.51,81,173,215,118,672,12.05,25.74,31.99,17.56
N20002942,Cookstown_G1,108,549,657,19.67,83.56,16,641,657,2.44,184,22,658,27.96,3.34,198,154,658,30.09,23.4,44,73,658,6.69,11.09,66,134,149,81,658,10.03,20.36,22.64,12.31
N20002943,Cookstown_D2,153,379,532,40.37,71.24,14,518,532,2.63,227,65,533,42.59,12.20,102,103,532,19.17,19.36,26,39,532,4.89,7.33,74,99,147,168,532,13.91,18.61,27.63,31.58
N20002944,Cookstown_A4,111,350,461,31.71,75.92,6,455,461,1.3,179,26,460,38.91,5.65,71,120,463,15.33,25.92,36,30,461,7.81,6.51,67,114,104,61,462,14.5,24.68,22.51,13.2
N20002945,Cookstown_C3,58,157,215,36.94,73.02,3,212,215,1.4,38,61,214,17.76,28.50,56,32,214,26.17,14.95,8,31,214,3.74,14.49,15,22,17,119,214,7.01,10.28,7.94,55.61
N20002946,Cookstown_C4,74,300,374,24.67,80.21,6,368,374,1.6,62,40,374,16.58,10.70,141,55,374,37.7,14.71,11,59,374,2.94,15.78,18,36,91,159,375,4.8,9.6,24.27,42.4
N20002947,Cookstown_C5,45,229,274,19.65,83.58,1,272,273,0.37,53,21,277,19.13,7.58,94,40,275,34.18,14.55,8,38,274,2.92,13.87,8,31,72,103,274,2.92,11.31,26.28,37.59
N20002948,Cookstown_A5,235,575,810,40.87,70.99,14,796,810,1.73,395,30,814,48.53,3.69,180,153,810,22.22,18.89,36,91,809,4.45,11.25,117,181,237,123,809,14.46,22.37,29.3,15.2
N20002949,Cookstown_D3,95,403,498,23.57,80.92,12,489,501,2.4,161,42,501,32.14,8.38,129,103,501,25.75,20.56,29,54,500,5.8,10.8,49,77,108,118,501,9.78,15.37,21.56,23.55
N20002950,Cookstown_C6,77,353,430,21.81,82.09,4,427,431,0.93,82,42,432,18.98,9.72,151,79,431,35.03,18.33,0,38,431,0,8.82,11,78,114,182,433,2.54,18.01,26.33,42.03
N20002951,Cookstown_G2,113,335,448,33.73,74.78,7,439,446,1.57,195,20,447,43.62,4.47,86,102,449,19.15,22.72,30,30,451,6.65,6.65,59,111,113,55,448,13.17,24.78,25.22,12.28
N20002952,Cookstown_E4,160,348,508,45.98,68.5,15,492,507,2.96,261,55,509,51.28,10.81,84,101,507,16.57,19.92,22,31,506,4.35,6.13,59,124,125,103,507,11.64,24.46,24.65,20.32
N20002953,Cookstown_D4,115,460,575,25,80,9,566,575,1.57,169,36,577,29.29,6.24,133,166,571,23.29,29.07,58,47,575,10.09,8.17,116,120,95,86,575,20.17,20.87,16.52,14.96
N20002954,Cookstown_B5,163,545,708,29.91,76.98,21,687,708,2.97,262,81,712,36.8,11.38,120,182,706,17,25.78,44,40,708,6.21,5.65,61,167,171,141,709,8.6,23.55,24.12,19.89
N20002955,Cookstown_D5,80,376,456,21.28,82.46,13,443,456,2.85,118,40,457,25.82,8.75,89,139,457,19.47,30.42,40,27,457,8.75,5.91,74,103,79,86,456,16.23,22.59,17.32,18.86
N20002956,Cookstown_F1,165,508,673,32.48,75.48,12,660,672,1.79,214,84,670,31.94,12.54,188,96,671,28.02,14.31,17,86,672,2.53,12.8,39,136,139,262,672,5.8,20.24,20.68,38.99
N20002957,Cookstown_F2,138,456,594,30.26,76.77,14,578,592,2.36,172,75,592,29.05,12.67,156,98,593,26.31,16.53,18,58,592,3.04,9.8,47,99,150,189,597,7.87,16.58,25.13,31.66
N20002958,Cookstown_B6,60,227,287,26.43,79.09,9,279,288,3.13,72,51,288,25,17.71,108,33,288,37.5,11.46,5,47,288,1.74,16.32,7,37,63,116,288,2.43,12.85,21.88,40.28
N20002959,Cookstown_E5,160,467,627,34.26,74.48,14,615,629,2.23,242,41,629,38.47,6.52,150,147,629,23.85,23.37,36,68,630,5.71,10.79,108,143,161,94,629,17.17,22.73,25.6,14.94
N20002960,Cookstown_F3,77,346,423,22.25,81.8,11,410,421,2.61,79,55,421,18.76,13.06,150,58,422,35.55,13.74,13,60,423,3.07,14.18,11,48,96,147,421,2.61,11.4,22.8,34.92
N20002961,Cookstown_H1,166,354,520,46.89,68.08,10,510,520,1.92,228,90,518,44.02,17.37,66,109,520,12.69,20.96,25,24,519,4.82,4.62,69,138,161,126,520,13.27,26.54,30.96,24.23
N20002962,Cookstown_F4,138,438,576,31.51,76.04,13,562,575,2.26,142,92,576,24.65,15.97,186,82,573,32.46,14.31,11,69,576,1.91,11.98,16,90,151,212,574,2.79,15.68,26.31,36.93
N20002963,Cookstown_H2,124,376,500,32.98,75.2,12,489,501,2.4,184,59,500,36.8,11.80,90,127,503,17.89,25.25,33,34,499,6.61,6.81,74,98,112,104,501,14.77,19.56,22.36,20.76
N20002964,Cookstown_H3,149,469,618,31.77,75.89,18,600,618,2.91,212,55,616,34.42,8.93,149,103,619,24.07,16.64,24,37,620,3.87,5.97,39,112,166,196,618,6.31,18.12,26.86,31.72
N20002965,Cookstown_H4,123,338,461,36.39,73.32,12,449,461,2.6,182,53,461,39.48,11.50,113,85,462,24.46,18.4,23,41,461,4.99,8.89,55,111,125,109,461,11.93,24.08,27.11,23.64
N20002966,Cookstown_J1,240,562,802,42.7,70.07,13,789,802,1.62,314,68,802,39.15,8.48,171,166,803,21.3,20.67,37,63,803,4.61,7.85,71,166,291,147,802,8.85,20.7,36.28,18.33
N20002967,Cookstown_J2,145,431,576,33.64,74.83,7,568,575,1.22,288,20,575,50.09,3.48,98,164,576,17.01,28.47,49,36,575,8.52,6.26,122,143,145,54,575,21.22,24.87,25.22,9.39
N20002968,Cookstown_G3,83,306,389,27.12,78.66,8,381,389,2.06,151,28,389,38.82,7.20,75,93,389,19.28,23.91,33,29,389,8.48,7.46,61,101,54,78,389,15.68,25.96,13.88,20.05
N20002969,Cookstown_G4,106,388,494,27.32,78.54,8,486,494,1.62,123,32,498,24.7,6.43,107,117,495,21.62,23.64,43,40,493,8.72,8.11,71,78,85,91,494,14.37,15.79,17.21,18.42
N20002970,Cookstown_K1,173,453,626,38.19,72.36,16,613,629,2.54,267,60,632,42.25,9.49,127,131,629,20.19,20.83,26,73,630,4.13,11.59,61,137,194,135,629,9.7,21.78,30.84,21.46
N20002971,Cookstown_J3,214,551,765,38.84,72.03,10,756,766,1.31,374,59,765,48.89,7.71,136,189,765,17.78,24.71,55,53,765,7.19,6.93,130,177,229,100,765,16.99,23.14,29.93,13.07
N20002972,Cookstown_K2,138,404,542,34.16,74.54,18,524,542,3.32,176,80,540,32.59,14.81,144,90,542,26.57,16.61,17,77,540,3.15,14.26,51,96,139,183,542,9.41,17.71,25.65,33.76
N20002973,Cookstown_J4,200,521,721,38.39,72.26,12,710,722,1.66,332,50,721,46.05,6.93,146,151,721,20.25,20.94,50,51,721,6.93,7.07,117,160,210,113,721,16.23,22.19,29.13,15.67
N20002974,Cookstown_K3,135,391,526,34.53,74.33,10,517,527,1.9,203,33,527,38.52,6.26,115,120,526,21.86,22.81,28,47,532,5.26,8.83,48,97,178,87,527,9.11,18.41,33.78,16.51
N20002975,Torrent_A1,188,545,733,34.5,74.35,21,712,733,2.86,309,34,732,42.21,4.64,198,129,730,27.12,17.67,31,93,732,4.23,12.7,77,140,240,113,733,10.5,19.1,32.74,15.42
N20002976,Torrent_A2,191,476,667,40.13,71.36,8,659,667,1.2,306,77,667,45.88,11.54,140,105,666,21.02,15.77,19,69,664,2.86,10.39,52,130,217,145,665,7.82,19.55,32.63,21.8
N20002977,Torrent_A3,119,289,408,41.18,70.83,8,400,408,1.96,221,17,410,53.9,4.15,59,105,407,14.5,25.8,24,30,408,5.88,7.35,60,104,134,49,405,14.81,25.68,33.09,12.1
N20002978,Torrent_A4,170,335,505,50.75,66.34,17,488,505,3.37,193,88,506,38.14,17.39,91,98,505,18.02,19.41,24,51,506,4.74,10.08,53,149,140,122,506,10.47,29.45,27.67,24.11
N20002979,Torrent_B1,110,455,565,24.18,80.53,5,560,565,0.88,193,23,566,34.1,4.06,124,129,565,21.95,22.83,25,42,566,4.42,7.42,63,148,152,68,565,11.15,26.19,26.9,12.04
N20002980,Torrent_A5,138,422,560,32.7,75.36,20,540,560,3.57,201,48,560,35.89,8.57,147,110,560,26.25,19.64,22,89,556,3.96,16.01,59,111,176,66,560,10.54,19.82,31.43,11.79
N20002981,Torrent_B2,114,355,469,32.11,75.69,8,460,468,1.71,194,17,468,41.45,3.63,84,113,468,17.95,24.15,37,26,467,7.92,5.57,72,99,160,58,468,15.38,21.15,34.19,12.39
N20002982,Torrent_D1,182,473,655,38.48,72.21,9,646,655,1.37,302,29,655,46.11,4.43,115,169,656,17.53,25.76,47,51,657,7.15,7.76,143,122,210,74,655,21.83,18.63,32.06,11.3
N20002983,Torrent_C1,105,399,504,26.32,79.17,17,487,504,3.37,130,82,504,25.79,16.27,168,69,504,33.33,13.69,17,94,504,3.37,18.65,21,70,139,173,504,4.17,13.89,27.58,34.33
N20002984,Torrent_D2,130,460,590,28.26,77.97,10,580,590,1.69,229,36,592,38.68,6.08,106,147,590,17.97,24.92,37,57,590,6.27,9.66,61,133,210,93,589,10.36,22.58,35.65,15.79
N20002985,Torrent_B3,136,439,575,30.98,76.35,6,568,574,1.05,254,30,578,43.94,5.19,95,157,575,16.52,27.3,39,34,575,6.78,5.91,71,143,187,56,575,12.35,24.87,32.52,9.74
N20002986,Torrent_C2,151,430,581,35.12,74.01,6,575,581,1.03,202,43,580,34.83,7.41,147,118,581,25.3,20.31,36,72,581,6.2,12.39,78,124,160,98,582,13.4,21.31,27.49,16.84
N20002987,Torrent_B4,137,335,472,40.9,70.97,1,471,472,0.21,244,18,471,51.8,3.82,74,122,472,15.68,25.85,50,23,472,10.59,4.87,116,125,93,51,472,24.58,26.48,19.7,10.81
N20002988,Torrent_B5,92,374,466,24.6,80.26,7,459,466,1.5,167,21,467,35.76,4.50,92,124,466,19.74,26.61,29,34,466,6.22,7.3,79,121,109,35,466,16.95,25.97,23.39,7.51
N20002989,Torrent_D3,154,397,551,38.79,72.05,4,546,550,0.73,263,49,551,47.73,8.89,70,167,550,12.73,30.36,57,28,553,10.31,5.06,125,136,170,49,550,22.73,24.73,30.91,8.91
N20002990,Torrent_E1,188,473,661,39.75,71.56,11,650,661,1.66,327,17,661,49.47,2.57,154,138,661,23.3,20.88,35,68,661,5.3,10.29,85,101,266,91,661,12.86,15.28,40.24,13.77
N20002991,Torrent_C3,153,333,486,45.95,68.52,7,479,486,1.44,217,51,486,44.65,10.49,83,101,484,17.15,20.87,22,51,485,4.54,10.52,50,127,136,107,486,10.29,26.13,27.98,22.02
N20002992,Torrent_E2,133,393,526,33.84,74.71,9,518,527,1.71,238,17,526,45.25,3.23,117,116,526,22.24,22.05,44,40,529,8.32,7.56,85,92,162,65,526,16.16,17.49,30.8,12.36
N20002993,Torrent_C4,224,540,764,41.48,70.68,12,752,764,1.57,357,59,764,46.73,7.72,126,199,762,16.54,26.12,55,63,764,7.2,8.25,128,193,209,87,763,16.78,25.29,27.39,11.4
N20002994,Torrent_G1,165,432,597,38.19,72.36,7,590,597,1.17,238,65,597,39.87,10.89,93,130,597,15.58,21.78,27,40,597,4.52,6.7,77,165,163,117,596,12.92,27.68,27.35,19.63
N20002995,Torrent_F1,129,446,575,28.92,77.57,9,566,575,1.57,169,99,575,29.39,17.22,127,138,574,22.13,24.04,36,55,574,6.27,9.58,96,103,115,159,575,16.7,17.91,20,27.65
N20002996,Torrent_B6,86,317,403,27.13,78.66,1,402,403,0.25,165,8,401,41.15,2.00,64,119,403,15.88,29.53,31,28,401,7.73,6.98,56,99,97,57,405,13.83,24.44,23.95,14.07
N20002997,Torrent_F2,135,485,620,27.84,78.23,9,610,619,1.45,233,44,621,37.52,7.09,113,179,620,18.23,28.87,60,44,619,9.69,7.11,127,139,123,106,620,20.48,22.42,19.84,17.1
N20002998,Torrent_E3,208,510,718,40.78,71.03,7,711,718,0.97,348,53,718,48.47,7.38,133,185,718,18.52,25.77,57,58,718,7.94,8.08,126,175,186,99,718,17.55,24.37,25.91,13.79
N20002999,Torrent_F3,126,360,486,35,74.07,12,475,487,2.46,137,80,487,28.13,16.43,113,105,487,23.2,21.56,20,62,489,4.09,12.68,44,78,120,138,486,9.05,16.05,24.69,28.4
N20003000,Torrent_D4,136,434,570,31.34,76.14,6,564,570,1.05,253,26,569,44.46,4.57,90,165,571,15.76,28.9,42,41,570,7.37,7.19,113,141,135,71,570,19.82,24.74,23.68,12.46
N20003001,Torrent_H1,96,283,379,33.92,74.67,12,369,381,3.15,91,67,381,23.88,17.59,126,59,381,33.07,15.49,16,79,381,4.2,20.73,24,24,83,158,381,6.3,6.3,21.78,41.47
N20003002,Torrent_H2,129,283,412,45.58,68.69,5,404,409,1.22,100,105,410,24.39,25.61,114,69,410,27.8,16.83,14,78,410,3.41,19.02,33,59,67,174,409,8.07,14.43,16.38,42.54
N20003003,Torrent_H3,67,246,313,27.24,78.59,5,307,312,1.6,62,49,313,19.81,15.65,99,36,313,31.63,11.5,9,66,313,2.88,21.09,8,30,94,137,313,2.56,9.58,30.03,43.77
N20003004,Torrent_G2,123,367,490,33.51,74.9,2,488,490,0.41,209,36,491,42.57,7.33,81,119,489,16.56,24.34,37,27,498,7.43,5.42,69,128,150,50,490,14.08,26.12,30.61,10.2
N20003005,Torrent_H4,48,183,231,26.23,79.22,2,229,231,0.87,42,30,234,17.95,12.82,84,29,231,36.36,12.55,4,40,230,1.74,17.39,11,39,53,87,231,4.76,16.88,22.94,37.66
N20003006,Torrent_F4,250,478,728,52.3,65.66,9,719,728,1.24,348,122,728,47.8,16.76,106,148,731,14.5,20.25,29,30,732,3.96,4.1,95,186,237,176,728,13.05,25.55,32.55,24.18
N20003007,Torrent_E4,116,301,417,38.54,72.18,4,412,416,0.96,168,40,417,40.29,9.59,82,109,412,19.9,26.46,36,32,416,8.65,7.69,98,98,64,78,413,23.73,23.73,15.5,18.89
N20003008,Torrent_H5,83,282,365,29.43,77.26,8,357,365,2.19,75,53,365,20.55,14.52,115,52,365,31.51,14.25,10,52,365,2.74,14.25,20,51,98,125,363,5.51,14.05,27,34.44
N20003009,Torrent_G3,178,613,791,29.04,77.5,10,781,791,1.26,295,52,790,37.34,6.58,129,246,791,16.31,31.1,81,61,791,10.24,7.71,156,135,173,140,791,19.72,17.07,21.87,17.7
N20003010,Torrent_H6,182,403,585,45.16,68.89,12,573,585,2.05,138,175,584,23.63,29.97,132,80,586,22.53,13.65,11,73,586,1.88,12.46,20,83,167,260,585,3.42,14.19,28.55,44.44
N20003011,Torrent_H7,97,428,525,22.66,81.52,4,521,525,0.76,166,41,523,31.74,7.84,159,105,524,30.34,20.04,20,89,525,3.81,16.95,36,138,116,137,525,6.86,26.29,22.1,26.1
N20003012,Torrent_F5,200,361,561,55.4,64.35,8,555,563,1.42,293,107,559,52.42,19.14,63,116,558,11.29,20.79,32,31,559,5.72,5.55,87,160,189,110,561,15.51,28.52,33.69,19.61
N20003013,Torrent_F6,198,522,720,37.93,72.5,7,715,722,0.97,282,98,722,39.06,13.57,142,136,722,19.67,18.84,29,82,722,4.02,11.36,86,177,177,166,723,11.89,24.48,24.48,22.96
N20003014,Torrent_G4,77,274,351,28.1,78.06,5,346,351,1.42,117,45,350,33.43,12.86,95,70,351,27.07,19.94,18,44,351,5.13,12.54,35,61,86,100,350,10,17.43,24.57,28.57
N20003015,Torrent_D5,132,374,506,35.29,73.91,7,498,505,1.39,247,6,508,48.62,1.18,106,115,505,20.99,22.77,42,38,505,8.32,7.52,81,156,109,52,505,16.04,30.89,21.58,10.3
N20003016,Torrent_D6,139,342,481,40.64,71.1,3,478,481,0.62,265,16,481,55.09,3.33,71,125,481,14.76,25.99,38,36,481,7.9,7.48,100,132,145,35,481,20.79,27.44,30.15,7.28
N20003017,Torrent_D7,134,327,461,40.98,70.93,1,460,461,0.22,270,0,461,58.57,0.00,66,123,462,14.29,26.62,43,32,461,9.33,6.94,109,113,137,37,461,23.64,24.51,29.72,8.03
N20003018,Dungannon_D1,211,345,556,61.16,62.05,13,543,556,2.34,234,126,556,42.09,22.66,109,111,554,19.68,20.04,33,67,556,5.94,12.05,112,83,111,198,554,20.22,14.98,20.04,35.74
N20003019,Dungannon_G1,152,387,539,39.28,71.8,4,535,539,0.74,216,53,537,40.22,9.87,113,124,539,20.96,23.01,44,38,539,8.16,7.05,77,110,159,79,538,14.31,20.45,29.55,14.68
N20003020,Dungannon_A1,202,454,656,44.49,69.21,9,646,655,1.37,296,61,653,45.33,9.34,135,114,656,20.58,17.38,28,36,655,4.27,5.5,68,123,225,196,655,10.38,18.78,34.35,29.92
N20003021,Dungannon_G2,111,378,489,29.37,77.3,4,486,490,0.82,189,16,488,38.73,3.28,90,130,490,18.37,26.53,38,37,490,7.76,7.55,69,107,143,61,491,14.05,21.79,29.12,12.42
N20003022,Dungannon_A2,201,468,669,42.95,69.96,9,660,669,1.35,297,67,667,44.53,10.04,124,167,669,18.54,24.96,35,32,669,5.23,4.78,114,135,190,152,671,16.99,20.12,28.32,22.65
N20003023,Dungannon_B1,139,394,533,35.28,73.92,6,527,533,1.13,160,62,535,29.91,11.59,132,111,535,24.67,20.75,22,43,535,4.11,8.04,49,117,105,158,535,9.16,21.87,19.63,29.53
N20003024,Dungannon_D2,133,494,627,26.92,78.79,10,617,627,1.59,241,14,627,38.44,2.23,118,174,627,18.82,27.75,48,38,627,7.66,6.06,130,139,126,38,628,20.7,22.13,20.06,6.05
N20003025,Dungannon_B2,118,423,541,27.9,78.19,5,537,542,0.92,204,34,540,37.78,6.30,106,165,541,19.59,30.5,49,44,543,9.02,8.1,121,150,88,59,541,22.37,27.73,16.27,10.91
N20003026,Dungannon_A3,96,299,395,32.11,75.7,5,390,395,1.27,88,85,397,22.17,21.41,125,33,395,31.65,8.35,8,62,395,2.03,15.7,4,46,84,199,395,1.01,11.65,21.27,50.38
N20003027,Dungannon_D3,164,338,502,48.52,67.33,7,495,502,1.39,288,38,496,58.06,7.66,88,100,502,17.53,19.92,25,16,502,4.98,3.19,71,89,202,113,501,14.17,17.76,40.32,22.55
N20003028,Dungannon_A4,103,327,430,31.5,76.05,4,426,430,0.93,145,42,431,33.64,9.74,152,45,433,35.1,10.39,11,46,433,2.54,10.62,14,74,97,170,430,3.26,17.21,22.56,39.53
N20003029,Dungannon_A5,113,381,494,29.66,77.13,2,491,493,0.41,122,64,493,24.75,12.98,181,71,493,36.71,14.4,8,45,493,1.62,9.13,22,58,87,249,494,4.45,11.74,17.61,50.4
N20003030,Dungannon_B3,139,504,643,27.58,78.38,1,642,643,0.16,201,32,645,31.16,4.96,199,149,646,30.8,23.07,40,73,644,6.21,11.34,66,127,105,187,642,10.28,19.78,16.36,29.13
N20003031,Dungannon_A6,181,552,733,32.79,75.31,12,721,733,1.64,306,70,733,41.75,9.55,116,233,733,15.83,31.79,77,33,733,10.5,4.5,142,171,122,175,735,19.32,23.27,16.6,23.81
N20003032,Dungannon_B4,214,479,693,44.68,69.12,2,690,692,0.29,300,59,692,43.35,8.53,197,110,694,28.39,15.85,28,34,696,4.02,4.89,87,99,214,273,693,12.55,14.29,30.88,39.39
N20003033,Dungannon_F1,138,447,585,30.87,76.41,3,581,584,0.51,148,70,584,25.34,11.99,251,55,583,43.05,9.43,10,93,584,1.71,15.92,11,64,105,299,584,1.88,10.96,17.98,51.2
N20003034,Dungannon_C1,43,296,339,14.53,87.32,0,339,339,0,76,5,338,22.49,1.48,126,87,339,37.17,25.66,16,44,339,4.72,12.98,55,48,60,102,340,16.18,14.12,17.65,30
N20003035,Dungannon_F2,72,291,363,24.74,80.17,4,359,363,1.1,67,28,362,18.51,7.73,159,55,363,43.8,15.15,8,37,364,2.2,10.16,11,57,77,139,363,3.03,15.7,21.21,38.29
N20003036,Dungannon_G3,109,357,466,30.53,76.61,4,463,467,0.86,184,21,468,39.32,4.49,74,137,467,15.85,29.34,30,33,467,6.42,7.07,64,134,121,32,465,13.76,28.82,26.02,6.88
N20003037,Dungannon_C2,61,309,370,19.74,83.51,5,365,370,1.35,61,20,369,16.53,5.42,180,43,370,48.65,11.62,4,33,370,1.08,8.92,11,41,68,212,370,2.97,11.08,18.38,57.3
N20003038,Dungannon_C3,141,394,535,35.79,73.64,4,531,535,0.75,84,64,535,15.7,11.96,229,54,534,42.88,10.11,13,68,535,2.43,12.71,28,44,74,289,535,5.23,8.22,13.83,54.02
N20003039,Dungannon_E1,239,546,785,43.77,69.55,11,773,784,1.4,333,64,785,42.42,8.15,200,149,785,25.48,18.98,52,29,785,6.62,3.69,79,159,236,249,785,10.06,20.25,30.06,31.72
N20003040,Dungannon_E2,174,577,751,30.16,76.83,8,743,751,1.07,268,43,750,35.73,5.73,217,146,751,28.89,19.44,39,80,753,5.18,10.62,78,108,196,209,751,10.39,14.38,26.1,27.83
N20003041,Dungannon_F3,218,459,677,47.49,67.8,7,667,674,1.04,111,139,678,16.37,20.50,288,51,677,42.54,7.53,8,89,678,1.18,13.13,5,68,96,456,677,0.74,10.04,14.18,67.36
N20003042,Dungannon_F4,240,416,656,57.69,63.41,14,642,656,2.13,203,158,653,31.09,24.20,179,69,657,27.25,10.5,12,90,655,1.83,13.74,31,56,129,347,656,4.73,8.54,19.66,52.9
N20003043,Dungannon_F5,123,485,608,25.36,79.77,1,608,609,0.16,137,67,609,22.5,11.00,220,83,609,36.12,13.63,24,39,609,3.94,6.4,42,76,154,226,610,6.89,12.46,25.25,37.05
N20003044,Dungannon_H1,101,349,450,28.94,77.56,2,448,450,0.44,144,19,448,32.14,4.24,140,99,453,30.91,21.85,19,24,450,4.22,5.33,33,105,93,154,450,7.33,23.33,20.67,34.22
N20003045,Dungannon_E3,103,402,505,25.62,79.6,1,504,505,0.2,121,45,505,23.96,8.91,169,74,503,33.6,14.71,19,30,505,3.76,5.94,50,78,149,153,505,9.9,15.45,29.5,30.3
N20003046,Dungannon_E4,164,472,636,34.75,74.21,4,632,636,0.63,253,23,634,39.91,3.63,183,90,636,28.77,14.15,25,32,636,3.93,5.03,53,137,188,196,636,8.33,21.54,29.56,30.82
N20003047,Dungannon_H2,157,386,543,40.67,71.09,12,531,543,2.21,183,63,543,33.7,11.60,126,111,543,23.2,20.44,33,23,542,6.09,4.24,49,95,127,200,543,9.02,17.5,23.39,36.83
N20003048,Dungannon_D4,243,505,748,48.12,67.51,6,742,748,0.8,398,76,749,53.14,10.15,93,205,747,12.45,27.44,59,23,747,7.9,3.08,160,225,201,102,747,21.42,30.12,26.91,13.65
N20003049,Dungannon_H3,102,380,482,26.84,78.84,3,479,482,0.62,150,32,480,31.25,6.67,118,121,482,24.48,25.1,36,20,483,7.45,4.14,49,69,136,108,485,10.1,14.23,28.04,22.27
N20003050,Dungannon_F6,210,649,859,32.36,75.55,4,855,859,0.47,379,32,859,44.12,3.73,163,238,858,19,27.74,92,57,859,10.71,6.64,182,164,240,116,859,21.19,19.09,27.94,13.5
N20003051,Dungannon_H4,116,308,424,37.66,72.64,5,419,424,1.18,197,46,424,46.46,10.85,114,72,425,26.82,16.94,12,30,426,2.82,7.04,34,63,146,129,424,8.02,14.86,34.43,30.42
N20003052,Dungannon_H5,74,320,394,23.13,81.22,7,386,393,1.78,124,38,394,31.47,9.64,91,88,394,23.1,22.34,23,32,393,5.85,8.14,58,89,69,85,394,14.72,22.59,17.51,21.57
N20003053,Dungannon_H6,104,431,535,24.13,80.56,9,526,535,1.68,149,55,533,27.95,10.32,171,75,535,31.96,14.02,21,57,535,3.93,10.65,33,84,143,133,536,6.16,15.67,26.68,24.81
N20003054,Dungannon_D5,98,365,463,26.85,78.83,4,459,463,0.86,135,47,463,29.16,10.15,112,114,467,23.98,24.41,24,32,465,5.16,6.88,64,88,95,95,465,13.76,18.92,20.43,20.43
N20003055,Dungannon_G4,129,356,485,36.24,73.4,12,471,483,2.48,233,32,483,48.24,6.63,56,133,485,11.55,27.42,43,18,482,8.92,3.73,103,147,107,36,483,21.33,30.43,22.15,7.45
N20003056,Dungannon_G5,203,590,793,34.41,74.4,8,785,793,1.01,379,30,792,47.85,3.79,111,249,794,13.98,31.36,86,38,795,10.82,4.78,181,178,223,84,793,22.82,22.45,28.12,10.59
N20003057,Dungannon_K1,199,534,733,37.27,72.85,4,728,732,0.55,341,40,733,46.52,5.46,109,197,731,14.91,26.95,64,27,731,8.76,3.69,161,148,195,77,734,21.93,20.16,26.57,10.49
N20003058,Dungannon_J1,140,388,528,36.08,73.48,5,523,528,0.95,173,66,528,32.77,12.50,117,123,528,22.16,23.3,26,31,531,4.9,5.84,89,137,118,114,528,16.86,25.95,22.35,21.59
N20003059,Dungannon_J2,146,465,611,31.4,76.1,2,608,610,0.33,210,57,610,34.43,9.34,129,161,611,21.11,26.35,43,51,611,7.04,8.35,112,133,136,158,611,18.33,21.77,22.26,25.86
N20003060,Dungannon_J3,77,208,285,37.02,72.98,3,283,286,1.05,110,50,283,38.87,17.67,50,81,284,17.61,28.52,21,15,284,7.39,5.28,66,65,40,78,286,23.08,22.73,13.99,27.27
N20003061,Dungannon_J4,126,390,516,32.31,75.58,4,512,516,0.78,197,69,516,38.18,13.37,73,160,516,14.15,31.01,53,26,516,10.27,5.04,121,129,132,76,516,23.45,25,25.58,14.73
N20003062,Dungannon_K2,290,727,1017,39.89,71.48,7,1009,1016,0.69,529,64,1017,52.02,6.29,153,240,1017,15.04,23.6,71,53,1017,6.98,5.21,171,247,288,136,1017,16.81,24.29,28.32,13.37
N20003063,Clogher_Valley_B1,339,728,1067,46.57,68.23,4,1062,1066,0.38,580,75,1066,54.41,7.04,198,207,1068,18.54,19.38,79,100,1066,7.41,9.38,160,251,284,210,1065,15.02,23.57,26.67,19.72
N20003064,Clogher_Valley_A1,166,531,697,31.26,76.18,6,691,697,0.86,306,31,698,43.84,4.44,90,237,698,12.89,33.95,63,37,698,9.03,5.3,173,142,176,86,697,24.82,20.37,25.25,12.34
N20003065,Clogher_Valley_B2,215,604,819,35.6,73.75,8,811,819,0.98,395,29,820,48.17,3.54,149,224,818,18.22,27.38,77,58,821,9.38,7.06,172,185,222,95,821,20.95,22.53,27.04,11.57
N20003066,Clogher_Valley_A2,173,429,602,40.33,71.26,6,596,602,1,274,54,602,45.51,8.97,85,169,601,14.14,28.12,58,28,602,9.63,4.65,119,175,135,104,603,19.73,29.02,22.39,17.25
N20003067,Clogher_Valley_A3,78,388,466,20.1,83.26,5,461,466,1.07,134,26,465,28.82,5.59,92,140,466,19.74,30.04,39,35,468,8.33,7.48,72,95,105,64,466,15.45,20.39,22.53,13.73
N20003068,Clogher_Valley_B3,117,337,454,34.72,74.23,8,445,453,1.77,180,53,454,39.65,11.67,96,90,453,21.19,19.87,25,62,453,5.52,13.69,32,132,119,83,453,7.06,29.14,26.27,18.32
N20003069,Clogher_Valley_A4,198,531,729,37.29,72.84,7,722,729,0.96,364,39,726,50.14,5.37,121,171,731,16.55,23.39,61,40,729,8.37,5.49,134,160,212,80,729,18.38,21.95,29.08,10.97
N20003070,Clogher_Valley_C1,170,529,699,32.14,75.68,8,693,701,1.14,320,20,703,45.52,2.84,131,184,701,18.69,26.25,43,55,699,6.15,7.87,141,147,245,62,701,20.11,20.97,34.95,8.84
N20003071,Clogher_Valley_B4,155,428,583,36.21,73.41,8,575,583,1.37,296,10,583,50.77,1.72,128,133,585,21.88,22.74,55,49,586,9.39,8.36,143,141,119,50,583,24.53,24.19,20.41,8.58
N20003072,Clogher_Valley_A5,89,340,429,26.18,79.25,6,427,433,1.39,113,40,434,26.04,9.22,130,83,433,30.02,19.17,21,56,433,4.85,12.93,29,65,96,121,433,6.7,15.01,22.17,27.94
N20003073,Clogher_Valley_D1,224,544,768,41.18,70.83,5,763,768,0.65,396,38,767,51.63,4.95,110,229,765,14.38,29.93,74,34,768,9.64,4.43,204,162,202,55,768,26.56,21.09,26.3,7.16
N20003074,Clogher_Valley_B5,197,514,711,38.33,72.29,6,705,711,0.84,338,32,711,47.54,4.50,121,166,710,17.04,23.38,45,53,711,6.33,7.45,181,124,238,54,711,25.46,17.44,33.47,7.59
N20003075,Clogher_Valley_E1,145,464,609,31.25,76.19,12,597,609,1.97,255,39,609,41.87,6.40,111,159,610,18.2,26.07,42,37,609,6.9,6.08,80,122,211,86,609,13.14,20.03,34.65,14.12
N20003076,Clogher_Valley_C2,73,319,392,22.88,81.38,5,387,392,1.28,118,23,393,30.03,5.85,95,82,393,24.17,20.87,24,43,392,6.12,10.97,53,69,109,77,392,13.52,17.6,27.81,19.64
N20003077,Clogher_Valley_E2,161,392,553,41.07,70.89,6,547,553,1.08,280,23,552,50.72,4.17,88,151,553,15.91,27.31,52,22,551,9.44,3.99,146,125,136,53,553,26.4,22.6,24.59,9.58
N20003078,Clogher_Valley_C3,170,445,615,38.2,72.36,4,611,615,0.65,313,48,618,50.65,7.77,94,197,615,15.28,32.03,57,36,613,9.3,5.87,151,159,147,76,615,24.55,25.85,23.9,12.36
N20003079,Clogher_Valley_E3,214,522,736,41,70.92,13,723,736,1.77,383,34,736,52.04,4.62,125,163,735,17.01,22.18,51,38,732,6.97,5.19,155,177,231,56,736,21.06,24.05,31.39,7.61
N20003080,Clogher_Valley_D2,95,326,421,29.14,77.43,4,417,421,0.95,195,0,421,46.32,0.00,81,109,421,19.24,25.89,33,33,421,7.84,7.84,71,81,135,32,421,16.86,19.24,32.07,7.6
N20003081,Clogher_Valley_D3,173,455,628,38.02,72.45,5,622,627,0.8,316,9,626,50.48,1.44,115,172,627,18.34,27.43,45,31,627,7.18,4.94,131,133,197,63,632,20.73,21.04,31.17,9.97
N20003082,Clogher_Valley_E4,121,255,376,47.45,67.82,6,370,376,1.6,197,25,379,51.98,6.60,67,89,376,17.82,23.67,16,24,371,4.31,6.47,62,75,112,64,376,16.49,19.95,29.79,17.02
N20003083,Clogher_Valley_D4,138,328,466,42.07,70.39,4,464,468,0.85,264,16,470,56.17,3.40,77,119,469,16.42,25.37,25,25,468,5.34,5.34,79,129,143,54,468,16.88,27.56,30.56,11.54
N20003084,Clogher_Valley_E5,150,436,586,34.4,74.4,4,583,587,0.68,285,19,589,48.39,3.23,119,134,586,20.31,22.87,48,27,587,8.18,4.6,99,142,164,74,586,16.89,24.23,27.99,12.63
N20003085,Clogher_Valley_F1,116,375,491,30.93,76.37,3,488,491,0.61,203,22,491,41.34,4.48,95,126,491,19.35,25.66,29,31,491,5.91,6.31,53,103,138,48,491,10.79,20.98,28.11,9.78
N20003086,Clogher_Valley_E6,144,384,528,37.5,72.73,2,526,528,0.38,258,18,529,48.77,3.40,83,142,527,15.75,26.94,40,25,528,7.58,4.73,107,98,196,32,528,20.27,18.56,37.12,6.06
N20003087,Clogher_Valley_F2,62,217,279,28.57,77.78,3,276,279,1.08,92,26,278,33.09,9.35,52,77,279,18.64,27.6,18,15,279,6.45,5.38,60,51,65,41,282,21.28,18.09,23.05,14.54
N20003088,Clogher_Valley_G1,156,420,576,37.14,72.92,5,571,576,0.87,207,86,575,36,14.96,129,109,577,22.36,18.89,24,54,574,4.18,9.41,56,94,163,166,576,9.72,16.32,28.3,28.82
N20003089,Clogher_Valley_D5,186,612,798,30.39,76.69,5,794,799,0.63,323,44,799,40.43,5.51,149,216,796,18.72,27.14,55,58,798,6.89,7.27,113,168,232,101,799,14.14,21.03,29.04,12.64
N20003090,Clogher_Valley_G2,98,390,488,25.13,79.92,3,485,488,0.61,148,42,488,30.33,8.61,146,101,488,29.92,20.7,22,37,488,4.51,7.58,42,93,154,75,489,8.59,19.02,31.49,15.34
N20003091,Clogher_Valley_F3,116,394,510,29.44,77.25,5,505,510,0.98,173,66,508,34.06,12.99,126,94,510,24.71,18.43,17,40,507,3.35,7.89,60,118,120,120,510,11.76,23.14,23.53,23.53
N20003092,Clogher_Valley_E7,193,496,689,38.91,71.99,4,685,689,0.58,315,30,689,45.72,4.35,132,123,686,19.24,17.93,43,39,689,6.24,5.66,83,106,251,102,686,12.1,15.45,36.59,14.87
N20003093,Clogher_Valley_F4,153,456,609,33.55,74.88,3,606,609,0.49,278,9,609,45.65,1.48,138,139,609,22.66,22.82,33,44,610,5.41,7.21,100,106,188,79,609,16.42,17.41,30.87,12.97
N20003094,Clogher_Valley_F5,130,450,580,28.89,77.59,5,575,580,0.86,239,8,582,41.07,1.37,120,140,580,20.69,24.14,38,40,582,6.53,6.87,102,101,181,51,578,17.65,17.47,31.31,8.82
N20003095,Clogher_Valley_G3,146,404,550,36.14,73.45,8,543,551,1.45,232,30,548,42.34,5.47,97,114,551,17.6,20.69,29,22,551,5.26,3.99,85,139,156,61,551,15.43,25.23,28.31,11.07
N20003096,Clogher_Valley_F6,142,466,608,30.47,76.64,3,605,608,0.49,264,20,608,43.42,3.29,150,155,608,24.67,25.49,26,50,605,4.3,8.26,73,141,152,66,605,12.07,23.31,25.12,10.91
N20003097,Clogher_Valley_H1,117,418,535,27.99,78.13,5,530,535,0.93,182,40,538,33.83,7.43,147,84,536,27.43,15.67,20,44,537,3.72,8.19,37,92,153,134,535,6.92,17.2,28.6,25.05
N20003098,Clogher_Valley_H2,80,324,404,24.69,80.2,2,402,404,0.5,73,78,404,18.07,19.31,139,65,403,34.49,16.13,19,48,404,4.7,11.88,30,67,72,160,402,7.46,16.67,17.91,39.8
N20003099,Clogher_Valley_H3,94,320,414,29.38,77.29,5,409,414,1.21,140,34,414,33.82,8.21,89,98,415,21.45,23.61,28,24,413,6.78,5.81,54,89,117,77,413,13.08,21.55,28.33,18.64
N20003100,Clogher_Valley_G4,135,390,525,34.62,74.29,9,516,525,1.71,199,66,525,37.9,12.57,94,130,525,17.9,24.76,29,47,525,5.52,8.95,68,89,141,136,524,12.98,16.98,26.91,25.95
N20003101,Slieve_Gullion_A1,168,384,552,43.75,69.57,4,548,552,0.72,273,19,554,49.28,3.43,71,139,552,12.86,25.18,48,30,550,8.73,5.45,115,152,142,48,553,20.8,27.49,25.68,8.68
N20003102,Slieve_Gullion_A2,127,422,549,30.09,76.87,4,545,549,0.73,215,31,549,39.16,5.65,107,126,549,19.49,22.95,34,31,550,6.18,5.64,121,112,140,60,552,21.92,20.29,25.36,10.87
N20003103,Slieve_Gullion_A3,235,601,836,39.1,71.89,3,834,837,0.36,418,56,837,49.94,6.69,144,193,838,17.18,23.03,46,45,837,5.5,5.38,114,218,273,90,838,13.6,26.01,32.58,10.74
N20003104,Slieve_Gullion_B1,195,487,682,40.04,71.41,8,674,682,1.17,240,74,681,35.24,10.87,171,131,683,25.04,19.18,28,65,682,4.11,9.53,57,153,144,206,683,8.35,22.4,21.08,30.16
N20003105,Slieve_Gullion_A4,162,544,706,29.78,77.05,8,698,706,1.13,269,26,708,37.99,3.67,131,161,706,18.56,22.8,58,38,706,8.22,5.38,106,156,205,80,706,15.01,22.1,29.04,11.33
N20003106,Slieve_Gullion_B2,114,213,327,53.52,65.14,2,325,327,0.61,136,69,327,41.59,21.10,52,62,326,15.95,19.02,19,19,328,5.79,5.79,39,77,80,100,327,11.93,23.55,24.46,30.58
N20003107,Slieve_Gullion_B3,262,545,807,48.07,67.53,7,800,807,0.87,398,68,807,49.32,8.43,153,161,807,18.96,19.95,31,72,807,3.84,8.92,117,153,270,134,808,14.48,18.94,33.42,16.58
N20003108,Slieve_Gullion_C1,82,226,308,36.28,73.38,3,305,308,0.97,123,27,308,39.94,8.77,47,80,307,15.31,26.06,21,21,305,6.89,6.89,54,64,81,47,308,17.53,20.78,26.3,15.26
N20003109,Slieve_Gullion_D1,83,350,433,23.71,80.83,9,424,433,2.08,64,88,436,14.68,20.18,142,55,433,32.79,12.7,15,95,433,3.46,21.94,18,73,54,236,431,4.18,16.94,12.53,54.76
N20003110,Slieve_Gullion_C2,189,534,723,35.39,73.86,11,711,722,1.52,362,29,722,50.14,4.02,85,231,722,11.77,31.99,71,39,723,9.82,5.39,170,189,187,100,722,23.55,26.18,25.9,13.85
N20003111,Slieve_Gullion_E1,118,462,580,25.54,79.66,7,573,580,1.21,155,47,580,26.72,8.10,153,118,581,26.33,20.31,31,100,580,5.34,17.24,60,112,90,174,581,10.33,19.28,15.49,29.95
N20003112,Slieve_Gullion_C3,86,366,452,23.5,80.97,9,443,452,1.99,137,35,452,30.31,7.74,65,142,452,14.38,31.42,36,36,452,7.96,7.96,93,117,53,118,450,20.67,26,11.78,26.22
N20003113,Slieve_Gullion_D2,227,563,790,40.32,71.27,10,780,790,1.27,301,116,791,38.05,14.66,184,153,789,23.32,19.39,32,101,793,4.04,12.74,80,182,169,259,790,10.13,23.04,21.39,32.78
N20003114,Slieve_Gullion_C4,131,341,472,38.42,72.25,6,468,474,1.27,163,90,472,34.53,19.07,86,125,472,18.22,26.48,32,40,472,6.78,8.47,65,146,82,116,472,13.77,30.93,17.37,24.58
N20003115,Slieve_Gullion_C5,264,655,919,40.31,71.27,9,910,919,0.98,453,93,918,49.35,10.13,141,241,919,15.34,26.22,66,58,919,7.18,6.31,188,237,220,160,917,20.5,25.85,23.99,17.45
N20003116,Slieve_Gullion_E2,74,305,379,24.26,80.47,4,375,379,1.06,142,26,379,37.47,6.86,93,96,380,24.47,25.26,17,39,379,4.49,10.29,34,97,76,83,378,8.99,25.66,20.11,21.96
N20003117,Slieve_Gullion_D3,96,279,375,34.41,74.4,3,372,375,0.8,66,81,376,17.55,21.54,107,63,372,28.76,16.94,10,66,375,2.67,17.6,23,62,66,153,375,6.13,16.53,17.6,40.8
N20003118,Slieve_Gullion_D4,128,207,335,61.84,61.79,10,325,335,2.99,84,138,335,25.07,41.19,80,33,334,23.95,9.88,1,68,336,0.3,20.24,3,43,75,197,336,0.89,12.8,22.32,58.63
N20003119,Slieve_Gullion_B4,71,197,268,36.04,73.51,10,258,268,3.73,58,37,268,21.64,13.81,82,24,267,30.71,8.99,8,53,268,2.99,19.78,3,29,58,115,269,1.12,10.78,21.56,42.75
N20003120,Slieve_Gullion_D5,110,353,463,31.16,76.24,10,454,464,2.16,120,64,463,25.92,13.82,130,71,463,28.08,15.33,10,65,463,2.16,14.04,18,68,76,193,464,3.88,14.66,16.38,41.59
N20003121,Slieve_Gullion_F1,258,497,755,51.91,65.83,1,754,755,0.13,413,30,754,54.77,3.98,104,173,755,13.77,22.91,58,48,756,7.67,6.35,176,164,225,78,755,23.31,21.72,29.8,10.33
N20003122,Slieve_Gullion_E3,147,373,520,39.41,71.73,5,516,521,0.96,215,67,520,41.35,12.88,93,115,521,17.85,22.07,26,37,521,4.99,7.1,84,127,82,134,521,16.12,24.38,15.74,25.72
N20003123,Slieve_Gullion_E4,111,426,537,26.06,79.33,3,534,537,0.56,135,50,537,25.14,9.31,114,130,537,21.23,24.21,25,69,537,4.66,12.85,70,95,115,101,538,13.01,17.66,21.38,18.77
N20003124,Slieve_Gullion_E5,236,519,755,45.47,68.74,21,734,755,2.78,318,120,758,41.95,15.83,150,169,755,19.87,22.38,37,60,754,4.91,7.96,103,142,192,214,755,13.64,18.81,25.43,28.34
N20003125,Slieve_Gullion_H1,193,525,718,36.76,73.12,5,714,719,0.7,378,30,718,52.65,4.18,145,150,719,20.17,20.86,29,46,719,4.03,6.4,100,124,262,106,720,13.89,17.22,36.39,14.72
N20003126,Slieve_Gullion_F2,278,602,880,46.18,68.41,14,865,879,1.59,378,134,879,43,15.24,137,195,880,15.57,22.16,57,86,880,6.48,9.77,164,147,209,216,880,18.64,16.7,23.75,24.55
N20003127,Slieve_Gullion_G1,196,516,712,37.98,72.47,0,712,712,0,368,46,713,51.61,6.45,147,170,712,20.65,23.88,50,61,712,7.02,8.57,106,161,207,99,712,14.89,22.61,29.07,13.9
N20003128,Slieve_Gullion_G2,274,535,809,51.21,66.13,9,801,810,1.11,414,66,809,51.17,8.16,137,186,808,16.96,23.02,38,68,809,4.7,8.41,120,165,307,99,809,14.83,20.4,37.95,12.24
N20003129,Slieve_Gullion_F3,204,565,769,36.11,73.47,5,765,770,0.65,348,58,770,45.19,7.53,100,219,770,12.99,28.44,66,58,768,8.59,7.55,160,173,183,97,770,20.78,22.47,23.77,12.6
N20003130,Slieve_Gullion_F4,181,507,688,35.7,73.69,6,679,685,0.88,332,36,687,48.33,5.24,102,205,687,14.85,29.84,64,50,687,9.32,7.28,171,148,174,71,684,25,21.64,25.44,10.38
N20003131,Slieve_Gullion_H2,178,412,590,43.2,69.83,1,588,589,0.17,229,71,589,38.88,12.05,93,146,592,15.71,24.66,32,70,588,5.44,11.9,94,125,178,89,589,15.96,21.22,30.22,15.11
N20003132,Slieve_Gullion_K1,121,215,336,56.28,63.99,2,333,335,0.6,82,110,336,24.4,32.74,85,48,330,25.76,14.55,7,69,332,2.11,20.78,28,36,68,159,335,8.36,10.75,20.3,47.46
N20003133,Slieve_Gullion_G3,287,643,930,44.63,69.14,6,923,929,0.65,445,55,932,47.75,5.90,146,242,931,15.68,25.99,69,74,931,7.41,7.95,171,202,249,148,930,18.39,21.72,26.77,15.91
N20003134,Slieve_Gullion_J1,80,265,345,30.19,76.81,2,343,345,0.58,96,63,345,27.83,18.26,93,77,348,26.72,22.13,17,60,344,4.94,17.44,60,54,70,86,345,17.39,15.65,20.29,24.93
N20003135,Slieve_Gullion_L1,142,411,553,34.55,74.32,5,547,552,0.91,233,38,553,42.13,6.87,62,184,553,11.21,33.27,49,45,555,8.83,8.11,119,131,122,62,553,21.52,23.69,22.06,11.21
N20003136,Slieve_Gullion_J2,182,336,518,54.17,64.86,5,512,517,0.97,258,66,519,49.71,12.72,66,140,519,12.72,26.97,36,38,517,6.96,7.35,130,94,139,97,520,25,18.08,26.73,18.65
N20003137,Slieve_Gullion_K2,209,545,754,38.35,72.28,7,747,754,0.93,302,45,751,40.21,5.99,180,161,754,23.87,21.35,35,103,756,4.63,13.62,120,158,166,160,754,15.92,20.95,22.02,21.22
N20003138,Slieve_Gullion_F5,133,327,460,40.67,71.09,4,456,460,0.87,216,19,461,46.85,4.12,62,130,456,13.6,28.51,34,29,458,7.42,6.33,89,112,102,81,461,19.31,24.3,22.13,17.57
N20003139,Slieve_Gullion_L2,110,310,420,35.48,73.81,4,416,420,0.95,155,48,421,36.82,11.40,75,109,420,17.86,25.95,26,50,420,6.19,11.9,48,101,86,95,421,11.4,23.99,20.43,22.57
N20003140,Slieve_Gullion_H3,182,402,584,45.27,68.84,6,578,584,1.03,268,52,583,45.97,8.92,83,145,583,14.24,24.87,29,58,583,4.97,9.95,92,114,173,112,584,15.75,19.52,29.62,19.18
N20003141,Slieve_Gullion_G4,89,221,310,40.27,71.29,0,310,310,0,135,35,311,43.41,11.25,68,79,314,21.66,25.16,27,51,311,8.68,16.4,57,41,90,63,310,18.39,13.23,29.03,20.32
N20003142,Slieve_Gullion_J3,148,433,581,34.18,74.53,1,580,581,0.17,231,55,581,39.76,9.47,126,157,584,21.58,26.88,31,83,581,5.34,14.29,107,127,130,144,585,18.29,21.71,22.22,24.62
N20003143,Slieve_Gullion_J4,144,358,502,40.22,71.31,17,485,502,3.39,166,100,502,33.07,19.92,110,96,502,21.91,19.12,14,63,502,2.79,12.55,32,133,111,178,502,6.37,26.49,22.11,35.46
N20003144,Slieve_Gullion_K3,180,419,599,42.96,69.95,4,595,599,0.67,264,77,601,43.93,12.81,91,152,599,15.19,25.38,32,72,601,5.32,11.98,88,114,164,126,599,14.69,19.03,27.38,21.04
N20003145,Slieve_Gullion_L3,115,349,464,32.95,75.22,3,461,464,0.65,131,74,464,28.23,15.95,118,97,464,25.43,20.91,24,65,467,5.14,13.92,42,77,117,148,464,9.05,16.59,25.22,31.9
N20003146,Slieve_Gullion_N1,117,343,460,34.11,74.57,7,455,462,1.52,124,78,460,26.96,16.96,134,77,461,29.07,16.7,12,99,458,2.62,21.62,25,69,78,190,460,5.43,15,16.96,41.3
N20003147,Slieve_Gullion_N2,158,410,568,38.54,72.18,6,562,568,1.06,192,71,568,33.8,12.50,126,127,568,22.18,22.36,28,77,567,4.94,13.58,68,103,147,148,568,11.97,18.13,25.88,26.06
N20003148,Slieve_Gullion_K4,148,415,563,35.66,73.71,6,555,561,1.07,221,31,564,39.18,5.50,91,143,561,16.22,25.49,36,56,563,6.39,9.95,76,150,150,96,563,13.5,26.64,26.64,17.05
N20003149,Slieve_Gullion_L4,284,642,926,44.24,69.33,12,917,929,1.29,419,66,929,45.1,7.10,129,257,929,13.89,27.66,84,81,929,9.04,8.72,247,196,178,164,930,26.56,21.08,19.14,17.63
N20003150,Slieve_Gullion_N3,149,396,545,37.63,72.66,13,532,545,2.39,124,89,545,22.75,16.33,155,91,545,28.44,16.7,13,108,545,2.39,19.82,35,96,89,244,545,6.42,17.61,16.33,44.77
N20003151,Slieve_Gullion_K5,148,326,474,45.4,68.78,4,468,472,0.85,209,44,469,44.56,9.38,99,98,473,20.93,20.72,29,53,471,6.16,11.25,63,81,166,64,472,13.35,17.16,35.17,13.56
N20003152,Slieve_Gullion_H4,112,329,441,34.04,74.6,5,435,440,1.14,110,58,439,25.06,13.21,101,93,441,22.9,21.09,24,61,440,5.45,13.86,52,70,155,82,441,11.79,15.87,35.15,18.59
N20003153,Slieve_Gullion_H5,229,496,725,46.17,68.41,6,719,725,0.83,352,45,725,48.55,6.21,141,150,724,19.48,20.72,40,64,724,5.52,8.84,144,177,183,127,725,19.86,24.41,25.24,17.52
N20003154,Newry_A1,166,555,721,29.91,76.98,6,715,721,0.83,190,99,721,26.35,13.73,176,120,720,24.44,16.67,26,69,721,3.61,9.57,40,122,184,200,721,5.55,16.92,25.52,27.74
N20003155,Newry_B1,203,534,737,38.01,72.46,5,732,737,0.68,305,84,736,41.44,11.41,74,235,737,10.04,31.89,65,42,738,8.81,5.69,167,249,133,124,737,22.66,33.79,18.05,16.82
N20003156,Newry_B2,140,494,634,28.34,77.92,11,624,635,1.73,243,43,633,38.39,6.79,55,252,634,8.68,39.75,87,29,634,13.72,4.57,199,147,90,50,634,31.39,23.19,14.2,7.89
N20003157,Newry_A2,136,456,592,29.82,77.03,7,585,592,1.18,180,57,592,30.41,9.63,95,167,592,16.05,28.21,40,40,594,6.73,6.73,101,156,111,160,592,17.06,26.35,18.75,27.03
N20003158,Newry_B3,103,263,366,39.16,71.86,4,362,366,1.09,125,36,366,34.15,9.84,70,94,366,19.13,25.68,32,28,366,8.74,7.65,76,85,75,63,366,20.77,23.22,20.49,17.21
N20003159,Newry_A3,78,330,408,23.64,80.88,3,405,408,0.74,104,37,410,25.37,9.02,142,52,409,34.72,12.71,8,62,408,1.96,15.2,17,43,114,150,408,4.17,10.54,27.94,36.76
N20003160,Newry_B4,99,357,456,27.73,78.29,6,450,456,1.32,147,44,455,32.31,9.67,78,142,455,17.14,31.21,41,30,457,8.97,6.56,82,89,78,89,456,17.98,19.52,17.11,19.52
N20003161,Newry_A4,119,469,588,25.37,79.76,9,583,592,1.52,167,90,591,28.26,15.23,129,158,591,21.83,26.73,42,63,591,7.11,10.66,80,126,122,140,590,13.56,21.36,20.68,23.73
N20003162,Newry_C1,92,352,444,26.14,79.28,8,436,444,1.8,92,75,447,20.58,16.78,134,63,445,30.11,14.16,15,75,444,3.38,16.89,31,79,77,174,444,6.98,17.79,17.34,39.19
N20003163,Newry_D1,75,403,478,18.61,84.31,1,477,478,0.21,140,5,480,29.17,1.04,80,198,479,16.7,41.34,81,55,478,16.95,11.51,151,100,26,24,478,31.59,20.92,5.44,5.02
N20003164,Newry_A5,106,366,472,28.96,77.54,5,467,472,1.06,126,62,472,26.69,13.14,138,75,472,29.24,15.89,7,50,473,1.48,10.57,8,88,111,164,472,1.69,18.64,23.52,34.75
N20003165,Newry_D2,137,415,552,33.01,75.18,6,546,552,1.09,237,24,552,42.93,4.35,63,213,552,11.41,38.59,77,43,555,13.87,7.75,197,128,55,61,552,35.69,23.19,9.96,11.05
N20003166,Newry_C2,82,240,322,34.17,74.53,10,315,325,3.08,52,92,323,16.1,28.48,115,29,323,35.6,8.98,4,59,323,1.24,18.27,8,37,61,171,324,2.47,11.42,18.83,52.78
N20003167,Newry_C3,117,397,514,29.47,77.24,11,505,516,2.13,136,69,514,26.46,13.42,153,77,514,29.77,14.98,17,53,517,3.29,10.25,39,55,110,175,513,7.6,10.72,21.44,34.11
N20003168,Newry_D3,125,303,428,41.25,70.79,13,418,431,3.02,176,51,430,40.93,11.86,59,138,429,13.75,32.17,50,33,430,11.63,7.67,118,95,78,49,429,27.51,22.14,18.18,11.42
N20003169,Newry_D4,257,506,763,50.79,66.32,17,746,763,2.23,434,48,763,56.88,6.29,76,273,762,9.97,35.83,114,26,763,14.94,3.41,289,196,119,64,762,37.93,25.72,15.62,8.4
N20003170,Newry_E1,154,319,473,48.28,67.44,16,457,473,3.38,139,143,475,29.26,30.11,117,53,473,24.74,11.21,9,84,473,1.9,17.76,14,54,61,308,473,2.96,11.42,12.9,65.12
N20003171,Newry_C4,46,258,304,17.83,84.87,6,298,304,1.97,35,44,303,11.55,14.52,109,63,303,35.97,20.79,22,48,303,7.26,15.84,17,27,36,121,302,5.63,8.94,11.92,40.07
N20003172,Newry_E2,126,325,451,38.77,72.06,17,435,452,3.76,103,123,450,22.89,27.33,113,83,454,24.89,18.28,12,62,451,2.66,13.75,11,97,102,184,451,2.44,21.51,22.62,40.8
N20003173,Newry_F1,186,403,589,46.15,68.42,20,569,589,3.4,179,134,589,30.39,22.75,174,65,589,29.54,11.04,8,119,588,1.36,20.24,19,117,74,302,590,3.22,19.83,12.54,51.19
N20003174,Newry_E3,37,335,372,11.04,90.05,8,364,372,2.15,55,22,373,14.75,5.90,121,84,371,32.61,22.64,16,76,376,4.26,20.21,24,56,46,148,374,6.42,14.97,12.3,39.57
N20003175,Newry_G1,56,374,430,14.97,86.98,6,424,430,1.4,71,33,430,16.51,7.67,159,83,430,36.98,19.3,27,84,431,6.26,19.49,33,61,41,144,429,7.69,14.22,9.56,33.57
N20003176,Newry_F2,131,449,580,29.18,77.41,9,571,580,1.55,151,83,583,25.9,14.24,131,118,581,22.55,20.31,27,63,580,4.66,10.86,57,116,139,181,580,9.83,20,23.97,31.21
N20003177,Newry_F3,147,373,520,39.41,71.73,13,508,521,2.5,159,109,521,30.52,20.92,121,87,520,23.27,16.73,17,70,520,3.27,13.46,24,111,108,222,520,4.62,21.35,20.77,42.69
N20003178,Newry_E4,89,400,489,22.25,81.8,5,484,489,1.02,88,67,489,18,13.70,161,84,486,33.13,17.28,29,67,489,5.93,13.7,28,86,75,202,492,5.69,17.48,15.24,41.06
N20003179,Newry_E5,54,322,376,16.77,85.64,2,374,376,0.53,67,36,377,17.77,9.55,101,87,375,26.93,23.2,22,54,375,5.87,14.4,46,60,81,131,376,12.23,15.96,21.54,34.84
N20003180,Newry_G2,161,404,565,39.85,71.5,5,560,565,0.88,247,52,565,43.72,9.20,92,142,564,16.31,25.18,37,45,565,6.55,7.96,91,150,137,107,564,16.13,26.6,24.29,18.97
N20003181,Newry_G3,85,365,450,23.29,81.11,5,445,450,1.11,117,42,450,26,9.33,129,84,450,28.67,18.67,21,36,451,4.66,7.98,36,88,94,159,452,7.96,19.47,20.8,35.18
N20003182,Newry_F4,201,327,528,61.47,61.93,23,506,529,4.35,102,202,530,19.25,38.11,94,85,527,17.84,16.13,25,73,529,4.73,13.8,49,56,89,294,534,9.18,10.49,16.67,55.06
N20003183,Newry_H1,114,390,504,29.23,77.38,18,486,504,3.57,85,119,504,16.87,23.61,165,76,504,32.74,15.08,8,90,506,1.58,17.79,27,84,64,215,502,5.38,16.73,12.75,42.83
N20003184,Newry_G4,79,481,560,16.42,85.89,5,555,560,0.89,118,34,560,21.07,6.07,150,113,556,26.98,20.32,34,78,560,6.07,13.93,75,112,89,139,560,13.39,20,15.89,24.82
N20003185,Newry_H2,70,434,504,16.13,86.11,3,501,504,0.6,95,33,504,18.85,6.55,176,106,504,34.92,21.03,35,100,506,6.92,19.76,23,84,70,163,503,4.57,16.7,13.92,32.41
N20003186,Newry_H3,136,456,592,29.82,77.03,10,582,592,1.69,128,107,591,21.66,18.10,196,75,592,33.11,12.67,11,81,591,1.86,13.71,33,81,93,282,591,5.58,13.71,15.74,47.72
N20003187,Newry_L1,90,378,468,23.81,80.77,6,461,467,1.28,88,61,468,18.8,13.03,143,69,468,30.56,14.74,12,59,466,2.58,12.66,20,87,67,186,468,4.27,18.59,14.32,39.74
N20003188,Newry_K1,82,421,503,19.48,83.7,9,494,503,1.79,122,41,502,24.3,8.17,94,165,503,18.69,32.8,47,35,503,9.34,6.96,77,138,96,78,503,15.31,27.44,19.09,15.51
N20003189,Newry_J1,116,461,577,25.16,79.9,6,572,578,1.04,138,43,576,23.96,7.47,166,117,578,28.72,20.24,26,87,579,4.49,15.03,62,101,116,154,578,10.73,17.47,20.07,26.64
N20003190,Newry_L2,38,242,280,15.7,86.43,3,278,281,1.07,67,18,280,23.93,6.43,104,56,281,37.01,19.93,9,48,283,3.18,16.96,13,50,65,90,281,4.63,17.79,23.13,32.03
N20003191,Newry_K2,136,438,574,31.05,76.31,8,566,574,1.39,258,12,574,44.95,2.09,70,225,574,12.2,39.2,69,31,576,11.98,5.38,178,111,98,57,577,30.85,19.24,16.98,9.88
N20003192,Newry_J2,98,371,469,26.42,79.1,6,463,469,1.28,120,76,470,25.53,16.17,128,83,469,27.29,17.7,16,76,471,3.4,16.14,32,75,77,145,469,6.82,15.99,16.42,30.92
N20003193,Newry_L3,131,382,513,34.29,74.46,4,509,513,0.78,175,67,514,34.05,13.04,82,173,513,15.98,33.72,59,33,512,11.52,6.45,97,147,106,91,513,18.91,28.65,20.66,17.74
N20003194,Newry_K3,170,480,650,35.42,73.85,10,642,652,1.53,260,60,650,40,9.23,77,197,651,11.83,30.26,58,33,651,8.91,5.07,137,190,130,102,650,21.08,29.23,20,15.69
N20003195,Newry_L4,132,390,522,33.85,74.71,8,514,522,1.53,125,105,522,23.95,20.11,161,81,522,30.84,15.52,23,81,522,4.41,15.52,25,75,101,210,522,4.79,14.37,19.35,40.23
N20003196,Newry_K4,180,343,523,52.48,65.58,3,520,523,0.57,305,51,523,58.32,9.75,49,160,522,9.39,30.65,50,25,523,9.56,4.78,143,135,117,96,523,27.34,25.81,22.37,18.36
N20003197,Newry_J3,194,599,793,32.39,75.54,4,789,793,0.5,279,87,793,35.18,10.97,153,194,793,19.29,24.46,46,83,793,5.8,10.47,126,177,168,178,793,15.89,22.32,21.19,22.45
N20003198,Newry_L5,131,415,546,31.57,76.01,10,536,546,1.83,230,33,546,42.12,6.04,68,182,543,12.52,33.52,67,42,546,12.27,7.69,168,153,93,54,547,30.71,27.97,17,9.87
N20003199,Newry_L6,61,283,344,21.55,82.27,2,342,344,0.58,74,44,344,21.51,12.79,80,93,344,23.26,27.03,18,51,343,5.25,14.87,42,53,53,138,342,12.28,15.5,15.5,40.35
N20003200,Newry_N1,308,755,1063,40.79,71.03,11,1051,1062,1.04,502,79,1063,47.22,7.43,173,288,1061,16.31,27.14,94,65,1061,8.86,6.13,212,240,269,126,1066,19.89,22.51,25.23,11.82
N20003201,Newry_P1,104,296,400,35.14,74,6,394,400,1.5,122,68,400,30.5,17.00,91,63,404,22.52,15.59,19,50,399,4.76,12.53,35,73,92,116,400,8.75,18.25,23,29
N20003202,Newry_N2,139,454,593,30.62,76.56,4,589,593,0.67,186,34,592,31.42,5.74,105,161,593,17.71,27.15,45,58,593,7.59,9.78,102,114,122,92,594,17.17,19.19,20.54,15.49
N20003203,Newry_P2,168,370,538,45.41,68.77,1,536,537,0.19,278,46,538,51.67,8.55,83,132,539,15.4,24.49,40,48,538,7.43,8.92,78,158,129,109,539,14.47,29.31,23.93,20.22
N20003204,Newry_N3,147,600,747,24.5,80.32,6,741,747,0.8,257,26,745,34.5,3.49,147,194,747,19.68,25.97,65,59,747,8.7,7.9,156,158,199,76,747,20.88,21.15,26.64,10.17
N20003205,Newry_P3,138,445,583,31.01,76.33,10,573,583,1.72,216,24,585,36.92,4.10,91,167,583,15.61,28.64,45,52,584,7.71,8.9,124,126,126,110,583,21.27,21.61,21.61,18.87
N20003206,Newry_P4,134,325,459,41.23,70.81,7,449,456,1.54,130,99,455,28.57,21.76,94,91,454,20.7,20.04,28,70,456,6.14,15.35,45,111,77,165,456,9.87,24.34,16.89,36.18
N20003207,Crotlieve_A1,153,450,603,34,74.63,2,601,603,0.33,278,28,606,45.87,4.62,88,207,605,14.55,34.21,67,27,603,11.11,4.48,177,123,122,72,603,29.35,20.4,20.23,11.94
N20003208,Crotlieve_A2,131,329,460,39.82,71.52,1,458,459,0.22,258,12,459,56.21,2.61,55,130,459,11.98,28.32,41,17,460,8.91,3.7,138,75,152,21,461,29.93,16.27,32.97,4.56
N20003209,Crotlieve_A3,161,402,563,40.05,71.4,3,560,563,0.53,265,36,563,47.07,6.39,79,155,563,14.03,27.53,59,29,563,10.48,5.15,107,136,140,80,563,19.01,24.16,24.87,14.21
N20003210,Crotlieve_A4,117,364,481,32.14,75.68,0,480,480,0,231,11,479,48.23,2.30,102,132,481,21.21,27.44,41,26,483,8.49,5.38,113,85,123,62,481,23.49,17.67,25.57,12.89
N20003211,Crotlieve_B1,154,450,604,34.22,74.5,3,601,604,0.5,279,19,605,46.12,3.14,99,160,603,16.42,26.53,65,35,604,10.76,5.79,143,128,135,84,604,23.68,21.19,22.35,13.91
N20003212,Crotlieve_C1,239,566,805,42.23,70.31,5,800,805,0.62,388,56,805,48.2,6.96,123,215,805,15.28,26.71,58,43,807,7.19,5.33,139,200,224,104,808,17.2,24.75,27.72,12.87
N20003213,Crotlieve_A5,202,636,838,31.76,75.89,9,829,838,1.07,331,31,838,39.5,3.70,122,211,838,14.56,25.18,58,51,840,6.9,6.07,147,144,319,71,838,17.54,17.18,38.07,8.47
N20003214,Crotlieve_B2,255,679,934,37.56,72.7,9,925,934,0.96,450,36,934,48.18,3.85,160,231,933,17.15,24.76,75,72,934,8.03,7.71,196,214,268,114,934,20.99,22.91,28.69,12.21
N20003215,Crotlieve_C2,203,502,705,40.44,71.21,5,700,705,0.71,298,66,703,42.39,9.39,129,171,705,18.3,24.26,56,56,704,7.95,7.95,143,136,178,121,704,20.31,19.32,25.28,17.19
N20003216,Crotlieve_B3,233,502,735,46.41,68.3,4,731,735,0.54,424,18,735,57.69,2.45,107,172,735,14.56,23.4,64,42,734,8.72,5.72,165,168,244,47,738,22.36,22.76,33.06,6.37
N20003217,Crotlieve_D1,143,383,526,37.34,72.81,5,521,526,0.95,193,95,525,36.76,18.10,108,106,524,20.61,20.23,20,59,527,3.8,11.2,58,125,117,139,526,11.03,23.76,22.24,26.43
N20003218,Crotlieve_D2,205,445,650,46.07,68.46,4,645,649,0.62,366,66,649,56.39,10.17,67,184,651,10.29,28.26,59,36,650,9.08,5.54,163,161,158,107,650,25.08,24.77,24.31,16.46
N20003219,Crotlieve_B4,147,365,512,40.27,71.29,2,510,512,0.39,245,27,511,47.95,5.28,77,126,511,15.07,24.66,39,37,516,7.56,7.17,101,117,152,50,512,19.73,22.85,29.69,9.77
N20003220,Crotlieve_D3,148,397,545,37.28,72.84,4,542,546,0.73,198,97,545,36.33,17.80,103,125,545,18.9,22.94,31,59,545,5.69,10.83,48,126,157,138,546,8.79,23.08,28.75,25.27
N20003221,Crotlieve_E1,267,576,843,46.35,68.33,11,832,843,1.3,428,83,844,50.71,9.83,147,176,843,17.44,20.88,45,72,844,5.33,8.53,140,202,189,218,842,16.63,23.99,22.45,25.89
N20003222,Crotlieve_C3,189,420,609,45,68.97,2,606,608,0.33,334,18,606,55.12,2.97,71,171,608,11.68,28.13,59,42,606,9.74,6.93,165,120,191,63,611,27,19.64,31.26,10.31
N20003223,Crotlieve_C4,146,336,482,43.45,69.71,7,474,481,1.46,225,35,487,46.2,7.19,52,143,483,10.77,29.61,45,19,481,9.36,3.95,91,154,100,66,482,18.88,31.95,20.75,13.69
N20003224,Crotlieve_C5,113,319,432,35.42,73.84,3,429,432,0.69,187,39,434,43.09,8.99,93,81,431,21.58,18.79,22,43,432,5.09,9.95,59,86,95,127,431,13.69,19.95,22.04,29.47
N20003225,Crotlieve_G1,202,558,760,36.2,73.42,4,756,760,0.53,341,24,760,44.87,3.16,107,215,760,14.08,28.29,49,56,758,6.46,7.39,124,181,298,67,760,16.32,23.82,39.21,8.82
N20003226,Crotlieve_E2,239,502,741,47.61,67.75,12,729,741,1.62,387,62,741,52.23,8.37,112,180,740,15.14,24.32,69,51,743,9.29,6.86,182,125,191,118,740,24.59,16.89,25.81,15.95
N20003227,Crotlieve_F1,220,543,763,40.52,71.17,6,756,762,0.79,386,45,763,50.59,5.90,81,226,763,10.62,29.62,66,37,763,8.65,4.85,177,225,195,73,763,23.2,29.49,25.56,9.57
N20003228,Crotlieve_F2,114,449,563,25.39,79.75,5,558,563,0.89,236,24,563,41.92,4.26,64,227,562,11.39,40.39,89,37,564,15.78,6.56,173,140,73,48,563,30.73,24.87,12.97,8.53
N20003229,Crotlieve_F3,123,425,548,28.94,77.55,6,542,548,1.09,227,12,545,41.65,2.20,79,170,549,14.39,30.97,56,43,549,10.2,7.83,151,110,113,51,546,27.66,20.15,20.7,9.34
N20003230,Crotlieve_G2,166,522,688,31.8,75.87,4,684,688,0.58,298,25,688,43.31,3.63,119,181,688,17.3,26.31,64,47,687,9.32,6.84,163,128,194,65,688,23.69,18.6,28.2,9.45
N20003231,Crotlieve_E3,173,506,679,34.19,74.52,2,677,679,0.29,250,46,680,36.76,6.76,94,210,679,13.84,30.93,63,51,680,9.26,7.5,183,141,158,88,678,26.99,20.8,23.3,12.98
N20003232,Crotlieve_G3,119,324,443,36.73,73.14,4,439,443,0.9,222,10,442,50.23,2.26,85,103,443,19.19,23.25,35,52,447,7.83,11.63,86,107,117,23,444,19.37,24.1,26.35,5.18
N20003233,Crotlieve_F4,209,407,616,51.35,66.07,4,612,616,0.65,309,58,616,50.16,9.42,64,197,616,10.39,31.98,74,22,614,12.05,3.58,218,186,76,51,617,35.33,30.15,12.32,8.27
N20003234,Crotlieve_G4,190,511,701,37.18,72.9,5,696,701,0.71,391,31,702,55.7,4.42,64,229,701,9.13,32.67,89,28,701,12.7,3.99,240,183,146,49,700,34.29,26.14,20.86,7
N20003235,Crotlieve_G5,168,460,628,36.52,73.25,5,623,628,0.8,288,20,631,45.64,3.17,82,201,628,13.06,32.01,61,40,628,9.71,6.37,130,133,182,81,628,20.7,21.18,28.98,12.9
N20003236,Crotlieve_H1,167,615,782,27.15,78.64,11,772,783,1.4,283,57,782,36.19,7.29,111,221,781,14.21,28.3,68,60,782,8.7,7.67,190,165,136,136,782,24.3,21.1,17.39,17.39
N20003237,Crotlieve_J1,125,435,560,28.74,77.68,3,558,561,0.53,261,8,560,46.61,1.43,54,196,561,9.63,34.94,72,27,561,12.83,4.81,136,177,88,16,560,24.29,31.61,15.71,2.86
N20003238,Crotlieve_H2,127,406,533,31.28,76.17,8,528,536,1.49,223,47,536,41.6,8.77,52,192,535,9.72,35.89,69,33,535,12.9,6.17,138,148,84,101,532,25.94,27.82,15.79,18.98
N20003239,Crotlieve_L1,138,476,614,28.99,77.52,11,603,614,1.79,187,66,613,30.51,10.77,95,190,612,15.52,31.05,55,59,614,8.96,9.61,143,117,88,126,614,23.29,19.06,14.33,20.52
N20003240,Crotlieve_J2,164,549,713,29.87,77,4,707,711,0.56,323,27,715,45.17,3.78,66,300,711,9.28,42.19,108,42,713,15.15,5.89,215,173,102,56,711,30.24,24.33,14.35,7.88
N20003241,Crotlieve_H3,193,464,657,41.59,70.62,7,650,657,1.07,289,88,654,44.19,13.46,94,131,658,14.29,19.91,41,44,658,6.23,6.69,88,180,157,185,657,13.39,27.4,23.9,28.16
N20003242,Crotlieve_K1,80,365,445,21.92,82.02,12,429,441,2.72,94,51,442,21.27,11.54,87,113,444,19.59,25.45,21,44,444,4.73,9.91,45,104,69,130,445,10.11,23.37,15.51,29.21
N20003243,Crotlieve_H4,150,435,585,34.48,74.36,14,568,582,2.41,204,78,582,35.05,13.40,100,148,583,17.15,25.39,45,45,582,7.73,7.73,80,109,127,187,581,13.77,18.76,21.86,32.19
N20003244,Crotlieve_L2,159,449,608,35.41,73.85,7,601,608,1.15,212,99,608,34.87,16.28,114,128,611,18.66,20.95,34,81,608,5.59,13.32,46,132,157,188,609,7.55,21.67,25.78,30.87
N20003245,Crotlieve_H5,78,245,323,31.84,75.85,11,312,323,3.41,46,96,323,14.24,29.72,82,42,324,25.31,12.96,5,48,323,1.55,14.86,7,59,58,140,323,2.17,18.27,17.96,43.34
N20003246,Crotlieve_K2,118,345,463,34.2,74.51,6,457,463,1.3,139,75,463,30.02,16.20,99,71,463,21.38,15.33,9,56,464,1.94,12.07,26,68,94,192,463,5.62,14.69,20.3,41.47
N20003247,Crotlieve_H6,34,204,238,16.67,85.71,0,238,238,0,74,3,240,30.83,1.25,36,64,239,15.06,26.78,22,13,236,9.32,5.51,28,38,29,38,238,11.76,15.97,12.18,15.97
N20003248,Crotlieve_K3,67,364,431,18.41,84.45,7,424,431,1.62,120,35,431,27.84,8.12,130,83,432,30.09,19.21,16,66,430,3.72,15.35,17,58,73,150,429,3.96,13.52,17.02,34.97
N20003249,Crotlieve_K4,62,238,300,26.05,79.33,0,299,299,0,68,54,300,22.67,18.00,94,55,299,31.44,18.39,8,43,300,2.67,14.33,9,63,50,98,298,3.02,21.14,16.78,32.89
N20003250,Crotlieve_J3,106,410,516,25.85,79.46,4,514,518,0.77,181,30,515,35.15,5.83,58,208,517,11.22,40.23,86,39,518,16.6,7.53,154,115,56,53,515,29.9,22.33,10.87,10.29
N20003251,Crotlieve_K5,44,193,237,22.8,81.43,4,232,236,1.69,69,16,237,29.11,6.75,62,44,236,26.27,18.64,9,36,237,3.8,15.19,26,37,41,64,236,11.02,15.68,17.37,27.12
N20003252,Crotlieve_L3,75,346,421,21.68,82.19,7,414,421,1.66,87,35,421,20.67,8.31,96,116,421,22.8,27.55,29,46,421,6.89,10.93,42,79,75,78,421,9.98,18.76,17.81,18.53
N20003253,Crotlieve_K6,80,392,472,20.41,83.05,8,464,472,1.69,112,33,472,23.73,6.99,71,178,471,15.07,37.79,50,48,471,10.62,10.19,114,78,60,81,471,24.2,16.56,12.74,17.2
N20003254,Crotlieve_L4,62,329,391,18.84,84.14,6,385,391,1.53,113,27,390,28.97,6.92,70,156,392,17.86,39.8,50,45,391,12.79,11.51,74,55,52,56,390,18.97,14.1,13.33,14.36
N20003255,Crotlieve_K7,57,402,459,14.18,87.58,4,455,459,0.87,74,41,457,16.19,8.97,132,129,458,28.82,28.17,34,77,456,7.46,16.89,61,67,58,117,459,13.29,14.6,12.64,25.49
N20003256,Crotlieve_L5,74,395,469,18.73,84.22,2,465,467,0.43,127,16,468,27.14,3.42,74,211,467,15.85,45.18,79,43,469,16.84,9.17,109,80,37,35,470,23.19,17.02,7.87,7.45
N20003257,The_Mournes_A1,153,558,711,27.42,78.48,11,700,711,1.55,294,26,711,41.35,3.66,118,229,711,16.6,32.21,77,41,713,10.8,5.75,124,160,201,67,709,17.49,22.57,28.35,9.45
N20003258,The_Mournes_A2,125,272,397,45.96,68.51,13,384,397,3.27,146,74,397,36.78,18.64,64,88,396,16.16,22.22,22,38,397,5.54,9.57,42,75,102,120,398,10.55,18.84,25.63,30.15
N20003259,The_Mournes_A3,105,436,541,24.08,80.59,11,529,540,2.04,157,20,539,29.13,3.71,81,165,538,15.06,30.67,50,44,542,9.23,8.12,111,134,73,52,541,20.52,24.77,13.49,9.61
N20003260,The_Mournes_A4,207,387,594,53.49,65.15,11,583,594,1.85,286,82,593,48.23,13.83,67,117,593,11.3,19.73,15,37,592,2.53,6.25,66,154,184,135,594,11.11,25.93,30.98,22.73
N20003261,The_Mournes_F1,189,500,689,37.8,72.57,4,685,689,0.58,327,22,689,47.46,3.19,99,158,689,14.37,22.93,45,39,689,6.53,5.66,104,155,209,73,689,15.09,22.5,30.33,10.6
N20003262,The_Mournes_D1,151,434,585,34.79,74.19,11,573,584,1.88,176,84,585,30.09,14.36,90,131,585,15.38,22.39,27,30,586,4.61,5.12,71,169,118,135,585,12.14,28.89,20.17,23.08
N20003263,The_Mournes_B1,170,342,512,49.71,66.8,35,478,513,6.82,103,196,513,20.08,38.21,107,65,512,20.9,12.7,12,96,512,2.34,18.75,23,90,76,269,513,4.48,17.54,14.81,52.44
N20003264,The_Mournes_C1,135,373,508,36.19,73.43,10,498,508,1.97,249,27,507,49.11,5.33,52,178,509,10.22,34.97,54,27,508,10.63,5.31,157,146,76,33,509,30.84,28.68,14.93,6.48
N20003265,The_Mournes_B2,115,359,474,32.03,75.74,14,460,474,2.95,94,75,474,19.83,15.82,133,60,473,28.12,12.68,8,85,475,1.68,17.89,13,93,72,195,473,2.75,19.66,15.22,41.23
N20003266,The_Mournes_D2,111,507,618,21.89,82.04,10,608,618,1.62,140,40,619,22.62,6.46,114,168,619,18.42,27.14,53,51,618,8.58,8.25,63,145,107,99,617,10.21,23.5,17.34,16.05
N20003267,The_Mournes_B3,112,296,408,37.84,72.55,18,390,408,4.41,96,91,405,23.7,22.47,120,55,408,29.41,13.48,9,69,406,2.22,17,22,67,79,160,407,5.41,16.46,19.41,39.31
N20003268,The_Mournes_C2,106,464,570,22.84,81.4,6,564,570,1.05,210,23,570,36.84,4.04,45,266,572,7.87,46.5,103,19,569,18.1,3.34,204,131,56,21,570,35.79,22.98,9.82,3.68
N20003269,The_Mournes_B4,111,379,490,29.29,77.35,14,476,490,2.86,127,97,492,25.81,19.72,125,87,490,25.51,17.76,18,67,490,3.67,13.67,31,71,90,201,492,6.3,14.43,18.29,40.85
N20003270,The_Mournes_C3,78,443,521,17.61,85.03,6,514,520,1.15,146,25,522,27.97,4.79,73,180,519,14.07,34.68,52,38,518,10.04,7.34,82,108,61,71,521,15.74,20.73,11.71,13.63
N20003271,The_Mournes_D3,56,352,408,15.91,86.27,4,404,408,0.98,68,36,408,16.67,8.82,85,128,410,20.73,31.22,34,58,408,8.33,14.22,37,69,40,123,408,9.07,16.91,9.8,30.15
N20003272,The_Mournes_E1,171,444,615,38.51,72.2,12,603,615,1.95,264,52,613,43.07,8.48,65,197,615,10.57,32.03,55,28,615,8.94,4.55,101,196,142,76,615,16.42,31.87,23.09,12.36
N20003273,The_Mournes_E2,103,482,585,21.37,82.39,11,573,584,1.88,165,44,584,28.25,7.53,64,240,585,10.94,41.03,78,34,586,13.31,5.8,138,105,99,76,585,23.59,17.95,16.92,12.99
N20003274,The_Mournes_E3,124,576,700,21.53,82.29,7,693,700,1,189,43,701,26.96,6.13,108,228,700,15.43,32.57,77,51,702,10.97,7.26,104,174,100,68,700,14.86,24.86,14.29,9.71
N20003275,The_Mournes_F2,84,395,479,21.27,82.46,7,472,479,1.46,170,11,479,35.49,2.30,71,174,482,14.73,36.1,54,22,482,11.2,4.56,87,77,105,66,479,18.16,16.08,21.92,13.78
N20003276,The_Mournes_F3,194,466,660,41.63,70.61,9,650,659,1.37,305,28,663,46,4.22,95,171,660,14.39,25.91,51,47,662,7.7,7.1,121,169,161,79,663,18.25,25.49,24.28,11.92
N20003277,The_Mournes_E4,75,367,442,20.44,83.03,6,435,441,1.36,114,31,439,25.97,7.06,62,133,442,14.03,30.09,30,30,441,6.8,6.8,71,130,61,42,443,16.03,29.35,13.77,9.48
N20003278,The_Mournes_D4,90,417,507,21.58,82.25,20,487,507,3.94,142,14,508,27.95,2.76,130,135,507,25.64,26.63,19,69,509,3.73,13.56,54,62,76,84,507,10.65,12.23,14.99,16.57
N20003279,The_Mournes_D5,60,295,355,20.34,83.1,8,348,356,2.25,92,9,356,25.84,2.53,80,100,356,22.47,28.09,28,41,355,7.89,11.55,41,77,48,50,355,11.55,21.69,13.52,14.08
N20003280,The_Mournes_F4,158,351,509,45.01,68.96,5,504,509,0.98,263,8,510,51.57,1.57,93,105,509,18.27,20.63,24,47,509,4.72,9.23,80,115,168,66,509,15.72,22.59,33.01,12.97
N20003281,The_Mournes_G1,129,472,601,27.33,78.54,6,595,601,1,233,30,601,38.77,4.99,114,165,601,18.97,27.45,38,48,601,6.32,7.99,79,133,165,58,602,13.12,22.09,27.41,9.63
N20003282,The_Mournes_G2,195,551,746,35.39,73.86,4,742,746,0.54,318,33,746,42.63,4.42,138,147,746,18.5,19.71,41,55,751,5.46,7.32,63,137,286,92,745,8.46,18.39,38.39,12.35
N20003283,The_Mournes_J1,159,457,616,34.79,74.19,7,609,616,1.14,258,39,617,41.82,6.32,84,129,616,13.64,20.94,21,40,617,3.4,6.48,58,130,272,73,616,9.42,21.1,44.16,11.85
N20003284,The_Mournes_H1,151,416,567,36.3,73.37,12,555,567,2.12,210,71,566,37.1,12.54,126,88,567,22.22,15.52,13,76,567,2.29,13.4,27,80,144,232,567,4.76,14.11,25.4,40.92
N20003285,The_Mournes_H2,88,345,433,25.51,79.68,4,430,434,0.92,153,28,433,35.33,6.47,81,86,434,18.66,19.82,8,36,434,1.84,8.29,16,107,156,80,433,3.7,24.71,36.03,18.48
N20003286,The_Mournes_H3,130,344,474,37.79,72.57,12,462,474,2.53,179,70,476,37.61,14.71,63,96,474,13.29,20.25,28,24,473,5.92,5.07,65,107,148,82,474,13.71,22.57,31.22,17.3
N20003287,The_Mournes_H4,107,430,537,24.88,80.07,4,534,538,0.74,174,12,538,32.34,2.23,111,112,538,20.63,20.82,30,37,539,5.57,6.86,49,59,179,77,538,9.11,10.97,33.27,14.31
N20003288,The_Mournes_G3,178,500,678,35.6,73.75,8,670,678,1.18,348,23,678,51.33,3.39,125,144,678,18.44,21.24,39,45,677,5.76,6.65,110,142,204,73,678,16.22,20.94,30.09,10.77
N20003289,The_Mournes_J2,145,418,563,34.69,74.25,10,553,563,1.78,275,12,564,48.76,2.13,105,135,563,18.65,23.98,36,51,564,6.38,9.04,81,123,151,76,563,14.39,21.85,26.82,13.5
N20003290,The_Mournes_K1,157,527,684,29.79,77.05,21,663,684,3.07,259,18,688,37.65,2.62,144,162,685,21.02,23.65,38,83,684,5.56,12.13,94,119,188,54,684,13.74,17.4,27.49,7.89
N20003291,The_Mournes_K2,151,466,617,32.4,75.53,2,615,617,0.32,280,33,617,45.38,5.35,104,148,617,16.86,23.99,42,40,618,6.8,6.47,92,88,241,65,617,14.91,14.26,39.06,10.53
N20003292,The_Mournes_G4,177,578,755,30.62,76.56,10,746,756,1.32,337,15,755,44.64,1.99,122,155,755,16.16,20.53,38,36,754,5.04,4.77,88,144,290,84,757,11.62,19.02,38.31,11.1
N20003293,The_Mournes_G5,197,614,811,32.08,75.71,7,804,811,0.86,354,45,811,43.65,5.55,144,173,812,17.73,21.31,48,48,811,5.92,5.92,107,198,270,83,811,13.19,24.41,33.29,10.23
N20003294,The_Mournes_J3,134,369,503,36.31,73.36,8,494,502,1.59,231,36,500,46.2,7.20,79,102,503,15.71,20.28,23,30,504,4.56,5.95,47,123,180,71,504,9.33,24.4,35.71,14.09
N20003295,The_Mournes_K3,150,429,579,34.97,74.09,12,566,578,2.08,273,23,578,47.23,3.98,65,210,579,11.23,36.27,81,37,579,13.99,6.39,157,113,97,69,578,27.16,19.55,16.78,11.94
N20003296,The_Mournes_J4,101,315,416,32.06,75.72,7,409,416,1.68,182,20,416,43.75,4.81,83,79,416,19.95,18.99,21,36,416,5.05,8.65,31,104,95,84,416,7.45,25,22.84,20.19
N20003297,The_Mournes_L1,181,458,639,39.52,71.67,12,627,639,1.88,281,69,636,44.18,10.85,90,132,639,14.08,20.66,27,38,639,4.23,5.95,62,142,224,118,639,9.7,22.22,35.05,18.47
N20003298,The_Mournes_L2,139,346,485,40.17,71.34,5,481,486,1.03,228,47,482,47.3,9.75,81,66,483,16.77,13.66,15,20,484,3.1,4.13,29,133,149,110,488,5.94,27.25,30.53,22.54
N20003299,The_Mournes_N1,228,424,652,53.77,65.03,19,633,652,2.91,265,162,652,40.64,24.85,103,98,652,15.8,15.03,18,58,652,2.76,8.9,30,111,167,264,653,4.59,17,25.57,40.43
N20003300,The_Mournes_L3,162,540,702,30,76.92,11,691,702,1.57,268,50,702,38.18,7.12,137,138,702,19.52,19.66,33,48,702,4.7,6.84,70,146,229,101,702,9.97,20.8,32.62,14.39
N20003301,The_Mournes_P1,105,478,583,21.97,81.99,8,575,583,1.37,169,40,583,28.99,6.86,157,105,583,26.93,18.01,25,55,583,4.29,9.43,32,128,136,166,583,5.49,21.96,23.33,28.47
N20003302,The_Mournes_N2,144,491,635,29.33,77.32,11,626,637,1.73,185,92,634,29.18,14.51,215,76,635,33.86,11.97,11,116,635,1.73,18.27,26,66,126,271,635,4.09,10.39,19.84,42.68
N20003303,The_Mournes_P2,132,288,420,45.83,68.57,8,412,420,1.9,111,111,421,26.37,26.37,131,52,416,31.49,12.5,14,57,420,3.33,13.57,16,41,55,228,420,3.81,9.76,13.1,54.29
N20003304,The_Mournes_N3,224,642,866,34.89,74.13,10,856,866,1.15,309,118,866,35.68,13.63,251,108,865,29.02,12.49,24,111,866,2.77,12.82,50,96,232,273,866,5.77,11.09,26.79,31.52
N20003305,The_Mournes_P3,59,265,324,22.26,81.79,6,316,322,1.86,89,31,326,27.3,9.51,108,44,323,33.44,13.62,8,39,326,2.45,11.96,11,48,72,98,326,3.37,14.72,22.09,30.06
N20003306,The_Mournes_P4,79,360,439,21.94,82,4,435,439,0.91,125,32,438,28.54,7.31,105,78,439,23.92,17.77,21,36,439,4.78,8.2,44,77,95,112,437,10.07,17.62,21.74,25.63
N20003307,The_Mournes_P5,66,313,379,21.09,82.59,1,376,377,0.27,107,15,378,28.31,3.97,97,78,378,25.66,20.63,13,29,377,3.45,7.69,19,69,87,66,377,5.04,18.3,23.08,17.51
N20003308,The_Mournes_P6,136,373,509,36.46,73.28,6,503,509,1.18,234,52,509,45.97,10.22,100,95,509,19.65,18.66,18,35,511,3.52,6.85,50,84,155,146,509,9.82,16.5,30.45,28.68
N20003309,The_Mournes_K4,134,398,532,33.67,74.81,2,530,532,0.38,225,41,533,42.21,7.69,91,97,532,17.11,18.23,32,31,535,5.98,5.79,73,95,185,80,530,13.77,17.92,34.91,15.09
N20003310,The_Mournes_K5,151,427,578,35.36,73.88,9,569,578,1.56,248,13,576,43.06,2.26,79,157,577,13.69,27.21,52,20,578,9,3.46,107,85,203,44,578,18.51,14.71,35.12,7.61
N20003311,Slieve_Croob_A1,132,494,626,26.72,78.91,11,616,627,1.75,218,61,627,34.77,9.73,75,176,625,12,28.16,44,32,628,7.01,5.1,106,175,120,91,627,16.91,27.91,19.14,14.51
N20003312,Slieve_Croob_A2,80,312,392,25.64,79.59,1,390,391,0.26,140,10,393,35.62,2.54,70,121,392,17.86,30.87,40,33,388,10.31,8.51,99,84,61,30,391,25.32,21.48,15.6,7.67
N20003313,Slieve_Croob_D1,119,460,579,25.87,79.45,12,567,579,2.07,217,26,579,37.48,4.49,84,159,577,14.56,27.56,45,28,581,7.75,4.82,88,166,171,38,579,15.2,28.67,29.53,6.56
N20003314,Slieve_Croob_A3,89,330,419,26.97,78.76,4,415,419,0.95,175,4,418,41.87,0.96,67,136,420,15.95,32.38,56,16,418,13.4,3.83,102,96,73,27,419,24.34,22.91,17.42,6.44
N20003315,Slieve_Croob_B1,202,485,687,41.65,70.6,17,670,687,2.47,315,88,687,45.85,12.81,110,125,687,16.01,18.2,31,43,687,4.51,6.26,84,203,163,162,687,12.23,29.55,23.73,23.58
N20003316,Slieve_Croob_A4,79,274,353,28.83,77.62,1,353,354,0.28,158,12,355,44.51,3.38,51,99,352,14.49,28.13,36,18,353,10.2,5.1,94,73,86,22,353,26.63,20.68,24.36,6.23
N20003317,Slieve_Croob_A5,191,664,855,28.77,77.66,10,845,855,1.17,351,9,857,40.96,1.05,127,227,855,14.85,26.55,94,49,855,10.99,5.73,188,202,174,90,854,22.01,23.65,20.37,10.54
N20003318,Slieve_Croob_B2,162,495,657,32.73,75.34,15,642,657,2.28,208,90,660,31.52,13.64,162,82,657,24.66,12.48,17,60,658,2.58,9.12,17,129,185,201,658,2.58,19.6,28.12,30.55
N20003319,Slieve_Croob_D2,289,708,997,40.82,71.01,19,978,997,1.91,455,65,1001,45.45,6.49,97,303,997,9.73,30.39,102,42,997,10.23,4.21,281,205,247,116,998,28.16,20.54,24.75,11.62
N20003320,Slieve_Croob_C1,107,345,452,31.01,76.33,6,446,452,1.33,189,19,452,41.81,4.20,61,121,450,13.56,26.89,39,21,452,8.63,4.65,78,122,115,37,452,17.26,26.99,25.44,8.19
N20003321,Slieve_Croob_D3,194,536,730,36.19,73.42,20,710,730,2.74,357,25,730,48.9,3.42,79,212,730,10.82,29.04,63,42,730,8.63,5.75,168,176,191,63,730,23.01,24.11,26.16,8.63
N20003322,Slieve_Croob_C2,123,359,482,34.26,74.48,16,466,482,3.32,223,10,482,46.27,2.07,77,128,482,15.98,26.56,35,39,483,7.25,8.07,111,80,152,49,482,23.03,16.6,31.54,10.17
N20003323,Slieve_Croob_E1,103,384,487,26.82,78.85,2,485,487,0.41,189,8,487,38.81,1.64,76,113,487,15.61,23.2,32,27,487,6.57,5.54,84,112,151,37,487,17.25,23,31.01,7.6
N20003324,Slieve_Croob_C3,193,655,848,29.47,77.24,12,835,847,1.42,350,41,849,41.22,4.83,130,241,849,15.31,28.39,78,47,847,9.21,5.55,160,218,199,79,848,18.87,25.71,23.47,9.32
N20003325,Slieve_Croob_C4,124,316,440,39.24,71.82,11,429,440,2.5,215,25,440,48.86,5.68,59,105,438,13.47,23.97,26,24,440,5.91,5.45,52,126,135,31,440,11.82,28.64,30.68,7.05
N20003326,Slieve_Croob_C5,156,430,586,36.28,73.38,7,579,586,1.19,260,28,586,44.37,4.78,82,141,586,13.99,24.06,33,40,590,5.59,6.78,86,126,186,67,587,14.65,21.47,31.69,11.41
N20003327,Slieve_Croob_E2,191,502,693,38.05,72.44,5,686,691,0.72,312,29,692,45.09,4.19,116,148,692,16.76,21.39,41,56,692,5.92,8.09,94,133,249,91,694,13.54,19.16,35.88,13.11
N20003328,Slieve_Croob_D4,177,602,779,29.4,77.28,16,762,778,2.06,303,24,780,38.85,3.08,101,201,780,12.95,25.77,57,35,780,7.31,4.49,132,149,228,93,778,16.97,19.15,29.31,11.95
N20003329,Slieve_Croob_F1,141,417,558,33.81,74.73,11,547,558,1.97,219,54,555,39.46,9.73,105,118,558,18.82,21.15,26,58,558,4.66,10.39,57,200,111,107,558,10.22,35.84,19.89,19.18
N20003330,Slieve_Croob_F2,130,456,586,28.51,77.82,9,577,586,1.54,196,40,585,33.5,6.84,89,151,587,15.16,25.72,44,42,588,7.48,7.14,82,154,142,93,585,14.02,26.32,24.27,15.9
N20003331,Slieve_Croob_E3,175,457,632,38.29,72.31,7,625,632,1.11,316,18,634,49.84,2.84,98,153,628,15.61,24.36,42,41,632,6.65,6.49,118,143,190,73,631,18.7,22.66,30.11,11.57
N20003332,Slieve_Croob_G1,158,370,528,42.7,70.08,12,516,528,2.27,264,73,528,50,13.83,47,124,528,8.9,23.48,38,24,528,7.2,4.55,80,186,129,71,527,15.18,35.29,24.48,13.47
N20003333,Slieve_Croob_G2,115,386,501,29.79,77.05,5,496,501,1,200,24,501,39.92,4.79,100,125,500,20,25,43,36,501,8.58,7.19,86,91,150,64,500,17.2,18.2,30,12.8
N20003334,Slieve_Croob_G3,130,336,466,38.69,72.1,7,459,466,1.5,207,50,464,44.61,10.78,101,103,466,21.67,22.1,38,60,465,8.17,12.9,94,116,93,40,464,20.26,25,20.04,8.62
N20003335,Slieve_Croob_F3,211,614,825,34.36,74.42,18,807,825,2.18,264,103,825,32,12.48,157,151,825,19.03,18.3,45,72,825,5.45,8.73,80,225,190,202,825,9.7,27.27,23.03,24.48
N20003336,Slieve_Croob_E4,226,572,798,39.51,71.68,8,790,798,1,371,52,799,46.43,6.51,111,202,799,13.89,25.28,54,72,799,6.76,9.01,99,180,263,99,798,12.41,22.56,32.96,12.41
N20003337,Slieve_Croob_G4,176,491,667,35.85,73.61,8,659,667,1.2,326,24,665,49.02,3.61,77,205,666,11.56,30.78,62,29,669,9.27,4.33,153,134,162,66,667,22.94,20.09,24.29,9.9
N20003338,Slieve_Croob_H1,239,484,723,49.38,66.94,18,705,723,2.49,418,72,723,57.81,9.96,75,190,723,10.37,26.28,52,41,724,7.18,5.66,139,195,191,131,723,19.23,26.97,26.42,18.12
N20003339,Slieve_Croob_H2,54,287,341,18.82,84.16,16,325,341,4.69,67,36,341,19.65,10.56,87,52,342,25.44,15.2,12,62,341,3.52,18.18,23,62,47,123,341,6.74,18.18,13.78,36.07
N20003340,Slieve_Croob_H3,70,405,475,17.28,85.26,6,469,475,1.26,96,39,475,20.21,8.21,75,189,475,15.79,39.79,65,37,474,13.71,7.81,81,96,61,79,475,17.05,20.21,12.84,16.63
N20003341,Slieve_Croob_J1,170,509,679,33.4,74.96,15,664,679,2.21,249,74,682,36.51,10.85,138,136,681,20.26,19.97,27,72,679,3.98,10.6,73,134,194,164,679,10.75,19.73,28.57,24.15
N20003342,Slieve_Croob_J2,204,498,702,40.96,70.94,13,690,703,1.85,260,104,704,36.93,14.77,158,134,703,22.48,19.06,31,52,703,4.41,7.4,88,164,158,175,703,12.52,23.33,22.48,24.89
N20003343,Slieve_Croob_G5,133,493,626,26.98,78.75,11,615,626,1.76,167,65,624,26.76,10.42,167,125,624,26.76,20.03,27,109,624,4.33,17.47,66,110,143,145,626,10.54,17.57,22.84,23.16
N20003344,Slieve_Croob_J3,119,340,459,35,74.07,11,448,459,2.4,166,44,459,36.17,9.59,69,98,461,14.97,21.26,34,29,459,7.41,6.32,55,128,109,104,459,11.98,27.89,23.75,22.66
N20003345,Slieve_Croob_J4,98,303,401,32.34,75.56,12,390,402,2.99,132,51,401,32.92,12.72,66,96,401,16.46,23.94,23,35,400,5.75,8.75,55,71,113,87,401,13.72,17.71,28.18,21.7
N20003346,Slieve_Croob_J5,99,258,357,38.37,72.27,15,342,357,4.2,113,78,357,31.65,21.85,66,65,356,18.54,18.26,14,36,357,3.92,10.08,35,91,79,118,357,9.8,25.49,22.13,33.05
N20003347,Rowallane_C1,106,410,516,25.85,79.46,3,515,518,0.58,183,18,519,35.26,3.47,69,168,519,13.29,32.37,59,20,518,11.39,3.86,106,130,114,35,518,20.46,25.1,22.01,6.76
N20003348,Rowallane_A1,59,258,317,22.87,81.39,4,313,317,1.26,95,30,316,30.06,9.49,18,136,318,5.66,42.77,42,9,315,13.33,2.86,76,119,36,27,317,23.97,37.54,11.36,8.52
N20003349,Rowallane_A2,173,585,758,29.57,77.18,9,750,759,1.19,275,75,758,36.28,9.89,85,305,757,11.23,40.29,109,31,759,14.36,4.08,206,247,101,72,758,27.18,32.59,13.32,9.5
N20003350,Rowallane_A3,127,471,598,26.96,78.76,22,576,598,3.68,168,75,598,28.09,12.54,93,143,597,15.58,23.95,58,47,593,9.78,7.93,89,181,93,115,598,14.88,30.27,15.55,19.23
N20003351,Rowallane_B1,52,299,351,17.39,85.19,2,349,351,0.57,106,11,351,30.2,3.13,41,170,350,11.71,48.57,72,20,349,20.63,5.73,91,87,16,13,349,26.07,24.93,4.58,3.72
N20003352,Rowallane_E1,114,433,547,26.33,79.16,6,541,547,1.1,186,14,547,34,2.56,65,168,546,11.9,30.77,62,36,547,11.33,6.58,102,168,126,53,547,18.65,30.71,23.03,9.69
N20003353,Rowallane_B2,108,372,480,29.03,77.5,9,471,480,1.88,159,52,479,33.19,10.86,86,115,480,17.92,23.96,25,44,480,5.21,9.17,71,103,121,108,479,14.82,21.5,25.26,22.55
N20003354,Rowallane_B3,73,355,428,20.56,82.94,6,421,427,1.41,136,23,428,31.78,5.37,48,157,428,11.21,36.68,65,10,427,15.22,2.34,135,114,41,21,429,31.47,26.57,9.56,4.9
N20003355,Rowallane_B4,177,479,656,36.95,73.02,16,640,656,2.44,328,24,656,50,3.66,52,272,655,7.94,41.53,93,20,656,14.18,3.05,275,191,54,17,657,41.86,29.07,8.22,2.59
N20003356,Rowallane_C2,116,419,535,27.68,78.32,11,524,535,2.06,210,6,535,39.25,1.12,73,191,536,13.62,35.63,81,21,534,15.17,3.93,168,109,85,31,535,31.4,20.37,15.89,5.79
N20003357,Rowallane_E2,149,387,536,38.5,72.2,6,530,536,1.12,187,74,534,35.02,13.86,76,149,537,14.15,27.75,49,27,536,9.14,5.04,155,123,103,55,536,28.92,22.95,19.22,10.26
N20003358,Rowallane_D1,112,564,676,19.86,83.43,8,668,676,1.18,217,11,678,32.01,1.62,114,239,676,16.86,35.36,104,47,676,15.38,6.95,163,131,107,35,676,24.11,19.38,15.83,5.18
N20003359,Rowallane_E3,119,482,601,24.69,80.2,8,593,601,1.33,244,18,600,40.67,3.00,96,176,601,15.97,29.28,62,34,599,10.35,5.68,137,127,142,40,604,22.68,21.03,23.51,6.62
N20003360,Rowallane_C3,83,300,383,27.67,78.33,3,380,383,0.78,149,15,382,39.01,3.93,44,137,382,11.52,35.86,58,15,383,15.14,3.92,111,91,71,20,383,28.98,23.76,18.54,5.22
N20003361,Rowallane_E4,74,368,442,20.11,83.26,5,438,443,1.13,113,17,443,25.51,3.84,67,153,441,15.19,34.69,47,14,445,10.56,3.15,115,86,78,35,442,26.02,19.46,17.65,7.92
N20003362,Rowallane_C4,67,360,427,18.61,84.31,11,416,427,2.58,125,5,428,29.21,1.17,88,121,427,20.61,28.34,49,61,427,11.48,14.29,84,77,58,37,422,19.91,18.25,13.74,8.77
N20003363,Rowallane_C5,74,349,423,21.2,82.51,5,418,423,1.18,142,0,424,33.49,0.00,68,135,422,16.11,31.99,54,24,420,12.86,5.71,107,87,70,34,423,25.3,20.57,16.55,8.04
N20003364,Rowallane_D2,103,295,398,34.92,74.12,7,391,398,1.76,130,46,398,32.66,11.56,120,46,400,30,11.5,14,40,393,3.56,10.18,19,74,93,128,398,4.77,18.59,23.37,32.16
N20003365,Rowallane_D3,98,433,531,22.63,81.54,3,528,531,0.56,182,20,532,34.21,3.76,70,159,532,13.16,29.89,43,32,530,8.11,6.04,78,173,113,53,532,14.66,32.52,21.24,9.96
N20003366,Rowallane_G1,111,470,581,23.62,80.9,7,574,581,1.2,197,35,580,33.97,6.03,111,124,581,19.1,21.34,41,26,581,7.06,4.48,74,152,137,71,581,12.74,26.16,23.58,12.22
N20003367,Rowallane_F1,47,254,301,18.5,84.39,10,294,304,3.29,105,8,299,35.12,2.68,49,77,301,16.28,25.58,23,35,302,7.62,11.59,25,78,44,45,300,8.33,26,14.67,15
N20003368,Rowallane_H1,102,319,421,31.97,75.77,8,413,421,1.9,105,86,422,24.88,20.38,103,72,420,24.52,17.14,21,59,420,5,14.05,29,64,103,161,422,6.87,15.17,24.41,38.15
N20003369,Rowallane_F2,148,408,556,36.27,73.38,22,533,555,3.96,139,107,557,24.96,19.21,150,37,557,26.93,6.64,10,74,555,1.8,13.33,14,77,141,222,555,2.52,13.87,25.41,40
N20003370,Rowallane_G2,164,516,680,31.78,75.88,15,665,680,2.21,329,32,680,48.38,4.71,85,199,681,12.48,29.22,68,31,679,10.01,4.57,171,204,108,78,681,25.11,29.96,15.86,11.45
N20003371,Rowallane_D4,128,545,673,23.49,80.98,6,667,673,0.89,249,16,674,36.94,2.37,93,209,673,13.82,31.05,77,32,673,11.44,4.75,125,173,134,66,674,18.55,25.67,19.88,9.79
N20003372,Rowallane_H2,83,245,328,33.88,74.7,15,313,328,4.57,88,54,328,26.83,16.46,67,54,327,20.49,16.51,10,37,328,3.05,11.28,21,65,69,116,326,6.44,19.94,21.17,35.58
N20003373,Rowallane_F3,131,349,480,37.54,72.71,11,468,479,2.3,205,72,477,42.98,15.09,46,131,481,9.56,27.23,36,19,482,7.47,3.94,84,182,120,45,480,17.5,37.92,25,9.38
N20003374,Rowallane_F4,26,255,281,10.2,90.75,2,279,281,0.71,24,26,280,8.57,9.29,74,41,279,26.52,14.7,14,28,282,4.96,9.93,24,66,40,72,280,8.57,23.57,14.29,25.71
N20003375,Rowallane_H3,59,332,391,17.77,84.91,5,386,391,1.28,82,33,391,20.97,8.44,87,107,390,22.31,27.44,31,38,388,7.99,9.79,64,97,56,59,391,16.37,24.81,14.32,15.09
N20003376,Rowallane_H4,72,244,316,29.51,77.22,6,310,316,1.9,61,62,315,19.37,19.68,57,67,317,17.98,21.14,22,32,317,6.94,10.09,29,97,63,81,316,9.18,30.7,19.94,25.63
N20003377,Rowallane_H5,76,290,366,26.21,79.23,8,358,366,2.19,69,74,365,18.9,20.27,83,61,366,22.68,16.67,8,36,366,2.19,9.84,17,73,54,139,366,4.64,19.95,14.75,37.98
N20003378,Rowallane_G3,110,357,467,30.81,76.45,7,460,467,1.5,115,80,462,24.89,17.32,97,78,468,20.73,16.67,24,45,468,5.13,9.62,45,86,120,146,467,9.64,18.42,25.7,31.26
N20003379,Rowallane_F5,97,319,416,30.41,76.68,13,403,416,3.13,71,97,414,17.15,23.43,117,51,417,28.06,12.23,13,72,417,3.12,17.27,13,78,65,192,417,3.12,18.71,15.59,46.04
N20003380,Rowallane_F6,135,429,564,31.47,76.06,18,546,564,3.19,153,99,564,27.13,17.55,161,73,568,28.35,12.85,15,75,561,2.67,13.37,27,117,115,188,564,4.79,20.74,20.39,33.33
N20003381,Rowallane_H6,84,426,510,19.72,83.53,10,500,510,1.96,167,21,513,32.55,4.09,91,122,510,17.84,23.92,34,28,509,6.68,5.5,62,105,108,82,509,12.18,20.63,21.22,16.11
N20003382,Rowallane_G4,75,282,357,26.6,78.99,7,350,357,1.96,120,30,357,33.61,8.40,71,83,360,19.72,23.06,33,26,358,9.22,7.26,42,72,61,88,357,11.76,20.17,17.09,24.65
N20003383,Rowallane_J1,101,365,466,27.67,78.33,9,457,466,1.93,170,32,465,36.56,6.88,67,133,469,14.29,28.36,42,30,466,9.01,6.44,78,113,98,46,465,16.77,24.3,21.08,9.89
N20003384,Rowallane_J2,112,416,528,26.92,78.79,15,513,528,2.84,173,66,529,32.7,12.48,94,122,528,17.8,23.11,37,46,530,6.98,8.68,66,155,79,125,528,12.5,29.36,14.96,23.67
N20003385,Rowallane_G5,95,359,454,26.46,79.07,7,447,454,1.54,154,37,454,33.92,8.15,76,103,454,16.74,22.69,28,20,454,6.17,4.41,57,111,93,91,454,12.56,24.45,20.48,20.04
N20003386,Rowallane_H7,116,338,454,34.32,74.45,17,438,455,3.74,201,55,451,44.57,12.20,52,93,453,11.48,20.53,36,25,452,7.96,5.53,48,138,140,72,456,10.53,30.26,30.7,15.79
N20003387,Rowallane_E5,160,479,639,33.4,74.96,5,634,639,0.78,319,19,641,49.77,2.96,75,211,639,11.74,33.02,76,27,638,11.91,4.23,134,210,117,50,641,20.9,32.76,18.25,7.8
N20003388,Rowallane_J3,124,457,581,27.13,78.66,9,571,580,1.55,144,92,581,24.78,15.83,122,104,580,21.03,17.93,34,55,579,5.87,9.5,69,112,116,165,581,11.88,19.28,19.97,28.4
N20003389,Rowallane_G6,83,318,401,26.1,79.3,10,391,401,2.49,113,40,403,28.04,9.93,70,95,400,17.5,23.75,22,29,401,5.49,7.23,59,95,106,40,401,14.71,23.69,26.43,9.98
N20003390,Rowallane_J4,146,276,422,52.9,65.4,7,415,422,1.66,255,37,422,60.43,8.77,29,136,425,6.82,32,43,9,423,10.17,2.13,110,135,88,48,421,26.13,32.07,20.9,11.4
N20003391,Downpatrick_B1,111,481,592,23.08,81.25,9,581,590,1.53,162,53,590,27.46,8.98,86,202,590,14.58,34.24,53,49,590,8.98,8.31,96,139,90,76,590,16.27,23.56,15.25,12.88
N20003392,Downpatrick_A1,160,528,688,30.3,76.74,10,678,688,1.45,269,22,690,38.99,3.19,69,230,688,10.03,33.43,108,31,688,15.7,4.51,184,183,142,39,688,26.74,26.6,20.64,5.67
N20003393,Downpatrick_A2,144,516,660,27.91,78.18,14,646,660,2.12,237,32,660,35.91,4.85,79,224,660,11.97,33.94,61,27,660,9.24,4.09,132,105,210,60,664,19.88,15.81,31.63,9.04
N20003394,Downpatrick_A3,166,472,638,35.17,73.98,9,629,638,1.41,301,26,638,47.18,4.08,69,186,637,10.83,29.2,56,34,638,8.78,5.33,138,175,143,72,641,21.53,27.3,22.31,11.23
N20003395,Downpatrick_A4,165,528,693,31.25,76.19,17,678,695,2.45,287,24,695,41.29,3.45,88,209,696,12.64,30.03,73,36,696,10.49,5.17,156,181,154,35,695,22.45,26.04,22.16,5.04
N20003396,Downpatrick_B2,125,512,637,24.41,80.38,4,633,637,0.63,204,42,634,32.18,6.62,82,201,637,12.87,31.55,54,40,637,8.48,6.28,125,143,151,64,637,19.62,22.45,23.7,10.05
N20003397,Downpatrick_C1,124,585,709,21.2,82.51,13,696,709,1.83,208,45,710,29.3,6.34,140,247,709,19.75,34.84,81,104,709,11.42,14.67,125,153,90,63,709,17.63,21.58,12.69,8.89
N20003398,Downpatrick_C2,129,356,485,36.24,73.4,15,470,485,3.09,225,41,486,46.3,8.44,47,184,486,9.67,37.86,80,16,482,16.6,3.32,188,107,91,57,485,38.76,22.06,18.76,11.75
N20003399,Downpatrick_C3,137,480,617,28.54,77.8,17,599,616,2.76,256,31,616,41.56,5.03,54,227,612,8.82,37.09,65,26,613,10.6,4.24,136,185,103,42,615,22.11,30.08,16.75,6.83
N20003400,Downpatrick_C4,66,383,449,17.23,85.3,8,441,449,1.78,120,18,449,26.73,4.01,45,168,448,10.04,37.5,63,28,449,14.03,6.24,130,97,41,30,449,28.95,21.6,9.13,6.68
N20003401,Downpatrick_C5,108,386,494,27.98,78.14,12,480,492,2.44,168,38,494,34.01,7.69,100,112,492,20.33,22.76,26,44,494,5.26,8.91,54,150,105,110,492,10.98,30.49,21.34,22.36
N20003402,Downpatrick_D1,68,318,386,21.38,82.38,10,376,386,2.59,116,28,386,30.05,7.25,31,137,386,8.03,35.49,36,24,387,9.3,6.2,106,120,67,41,386,27.46,31.09,17.36,10.62
N20003403,Downpatrick_E1,120,304,424,39.47,71.7,17,407,424,4.01,143,74,424,33.73,17.45,109,56,427,25.53,13.11,14,62,424,3.3,14.62,36,78,63,181,424,8.49,18.4,14.86,42.69
N20003404,Downpatrick_E2,79,237,316,33.33,75,13,303,316,4.11,76,65,316,24.05,20.57,76,60,315,24.13,19.05,16,37,314,5.1,11.78,36,64,53,120,315,11.43,20.32,16.83,38.1
N20003405,Downpatrick_D2,106,471,577,22.51,81.63,13,562,575,2.26,178,23,577,30.85,3.99,67,180,576,11.63,31.25,56,33,576,9.72,5.73,113,156,83,59,577,19.58,27.04,14.38,10.23
N20003406,Downpatrick_E3,88,324,412,27.16,78.64,17,395,412,4.13,85,61,411,20.68,14.84,141,54,412,34.22,13.11,11,67,412,2.67,16.26,4,74,50,190,412,0.97,17.96,12.14,46.12
N20003407,Downpatrick_E4,75,299,374,25.08,79.95,20,355,375,5.33,100,48,376,26.6,12.77,95,79,376,25.27,21.01,15,59,375,4,15.73,34,54,51,140,375,9.07,14.4,13.6,37.33
N20003408,Downpatrick_E5,42,221,263,19,84.03,10,254,264,3.79,38,39,264,14.39,14.77,90,50,266,33.83,18.8,10,49,266,3.76,18.42,9,22,30,113,263,3.42,8.37,11.41,42.97
N20003409,Downpatrick_D3,102,367,469,27.79,78.25,14,455,469,2.99,103,58,468,22.01,12.39,88,123,468,18.8,26.28,27,45,469,5.76,9.59,27,102,79,131,472,5.72,21.61,16.74,27.75
N20003410,Downpatrick_E6,90,370,460,24.32,80.43,14,446,460,3.04,107,70,460,23.26,15.22,110,80,460,23.91,17.39,16,91,459,3.49,19.83,23,89,54,178,459,5.01,19.39,11.76,38.78
N20003411,Downpatrick_D4,271,543,814,49.91,66.71,30,787,817,3.67,392,119,816,48.04,14.58,98,206,815,12.02,25.28,74,64,812,9.11,7.88,178,284,145,120,816,21.81,34.8,17.77,14.71
N20003412,Downpatrick_F1,198,349,547,56.73,63.8,19,528,547,3.47,284,79,547,51.92,14.44,51,126,548,9.31,22.99,22,25,547,4.02,4.57,88,204,133,88,547,16.09,37.29,24.31,16.09
N20003413,Downpatrick_G1,141,375,516,37.6,72.67,25,491,516,4.84,135,118,516,26.16,22.87,128,70,518,24.71,13.51,6,81,518,1.16,15.64,17,105,114,193,516,3.29,20.35,22.09,37.4
N20003414,Downpatrick_H1,206,558,764,36.92,73.04,25,739,764,3.27,376,28,762,49.34,3.67,108,194,764,14.14,25.39,59,41,763,7.73,5.37,127,210,185,90,764,16.62,27.49,24.21,11.78
N20003415,Downpatrick_F2,52,173,225,30.06,76.89,6,219,225,2.67,62,36,222,27.93,16.22,51,40,227,22.47,17.62,5,45,226,2.21,19.91,19,52,25,70,227,8.37,22.91,11.01,30.84
N20003416,Downpatrick_G2,195,391,586,49.87,66.72,29,557,586,4.95,148,189,586,25.26,32.25,160,53,585,27.35,9.06,4,128,586,0.68,21.84,24,87,75,336,586,4.1,14.85,12.8,57.34
N20003417,Downpatrick_G3,140,406,546,34.48,74.36,24,522,546,4.4,127,132,547,23.22,24.13,133,74,546,24.36,13.55,11,74,544,2.02,13.6,19,121,127,222,546,3.48,22.16,23.26,40.66
N20003418,Downpatrick_F3,133,376,509,35.37,73.87,15,494,509,2.95,206,47,509,40.47,9.23,61,88,508,12.01,17.32,26,28,508,5.12,5.51,60,150,126,109,509,11.79,29.47,24.75,21.41
N20003419,Downpatrick_G4,210,462,672,45.45,68.75,39,633,672,5.8,137,200,672,20.39,29.76,206,63,672,30.65,9.38,9,135,672,1.34,20.09,8,96,86,408,672,1.19,14.29,12.8,60.71
N20003420,Downpatrick_B3,166,571,737,29.07,77.48,26,711,737,3.53,241,84,738,32.66,11.38,133,162,737,18.05,21.98,38,72,737,5.16,9.77,112,138,177,170,735,15.24,18.78,24.08,23.13
N20003421,Downpatrick_F4,154,541,695,28.47,77.84,21,674,695,3.02,257,60,695,36.98,8.63,112,161,696,16.09,23.13,25,39,695,3.6,5.61,87,229,134,84,696,12.5,32.9,19.25,12.07
N20003422,Downpatrick_H2,99,442,541,22.4,81.7,11,530,541,2.03,189,26,541,34.94,4.81,92,165,541,17.01,30.5,50,44,541,9.24,8.13,116,122,144,42,541,21.44,22.55,26.62,7.76
N20003423,Downpatrick_H3,147,436,583,33.72,74.79,9,575,584,1.54,224,25,582,38.49,4.30,101,131,584,17.29,22.43,34,36,584,5.82,6.16,58,150,193,64,584,9.93,25.68,33.05,10.96
N20003424,Downpatrick_H4,95,381,476,24.93,80.04,14,462,476,2.94,162,17,478,33.89,3.56,79,129,476,16.6,27.1,47,26,476,9.87,5.46,98,98,80,50,476,20.59,20.59,16.81,10.5
N20003425,Downpatrick_J1,118,304,422,38.82,72.04,17,405,422,4.03,138,69,420,32.86,16.43,97,53,422,22.99,12.56,8,64,422,1.9,15.17,14,79,92,183,421,3.33,18.76,21.85,43.47
N20003426,Downpatrick_J2,142,290,432,48.97,67.13,17,415,432,3.94,115,136,432,26.62,31.48,99,47,432,22.92,10.88,11,75,432,2.55,17.36,4,81,73,204,432,0.93,18.75,16.9,47.22
N20003427,Downpatrick_J3,65,253,318,25.69,79.56,5,313,318,1.57,58,56,322,18.01,17.39,60,90,318,18.87,28.3,23,55,317,7.26,17.35,24,45,50,86,318,7.55,14.15,15.72,27.04
N20003428,Downpatrick_J4,120,428,548,28.04,78.1,15,533,548,2.74,135,64,549,24.59,11.66,131,123,547,23.95,22.49,26,85,548,4.74,15.51,43,108,119,120,548,7.85,19.71,21.72,21.9
N20003429,Downpatrick_K1,135,550,685,24.55,80.29,13,672,685,1.9,231,47,685,33.72,6.86,105,178,686,15.31,25.95,43,54,685,6.28,7.88,83,156,202,85,685,12.12,22.77,29.49,12.41
N20003430,Downpatrick_K2,124,340,464,36.47,73.28,9,453,462,1.95,135,83,464,29.09,17.89,99,86,464,21.34,18.53,28,63,465,6.02,13.55,44,93,110,120,465,9.46,20,23.66,25.81
N20003431,Downpatrick_K3,143,349,492,40.97,70.93,16,476,492,3.25,152,121,492,30.89,24.59,82,99,492,16.67,20.12,17,63,493,3.45,12.78,25,124,107,161,492,5.08,25.2,21.75,32.72
N20003432,Comber_C1,49,229,278,21.4,82.37,2,276,278,0.72,105,10,278,37.77,3.60,34,86,277,12.27,31.05,32,9,277,11.55,3.25,47,116,20,39,278,16.91,41.73,7.19,14.03
N20003433,Comber_E1,94,391,485,24.04,80.62,7,478,485,1.44,187,14,486,38.48,2.88,63,147,485,12.99,30.31,64,26,486,13.17,5.35,111,144,59,45,485,22.89,29.69,12.16,9.28
N20003434,Comber_C2,75,287,362,26.13,79.28,8,356,364,2.2,130,31,364,35.71,8.52,54,87,364,14.84,23.9,21,21,364,5.77,5.77,36,104,89,44,364,9.89,28.57,24.45,12.09
N20003435,Comber_C3,87,305,392,28.52,77.81,5,387,392,1.28,178,22,392,45.41,5.61,38,114,393,9.67,29.01,34,10,392,8.67,2.55,62,142,82,44,392,15.82,36.22,20.92,11.22
N20003436,Comber_C4,139,494,633,28.14,78.04,14,619,633,2.21,228,40,633,36.02,6.32,154,76,633,24.33,12.01,14,64,631,2.22,10.14,33,140,148,150,633,5.21,22.12,23.38,23.7
N20003437,Comber_A1,81,410,491,19.76,83.5,5,486,491,1.02,154,14,491,31.36,2.85,105,109,490,21.43,22.24,43,28,491,8.76,5.7,68,150,83,34,491,13.85,30.55,16.9,6.92
N20003438,Comber_C5,82,379,461,21.64,82.21,3,460,463,0.65,128,35,463,27.65,7.56,104,76,463,22.46,16.41,25,44,463,5.4,9.5,20,131,78,79,464,4.31,28.23,16.81,17.03
N20003439,Comber_C6,44,282,326,15.6,86.5,3,323,326,0.92,78,15,327,23.85,4.59,64,64,328,19.51,19.51,23,15,327,7.03,4.59,23,105,51,51,326,7.06,32.21,15.64,15.64
N20003440,Comber_B1,125,388,513,32.22,75.63,16,497,513,3.12,106,120,513,20.66,23.39,166,55,513,32.36,10.72,19,75,512,3.71,14.65,29,78,64,220,513,5.65,15.2,12.48,42.88
N20003441,Comber_B2,60,279,339,21.51,82.3,2,338,340,0.59,64,36,337,18.99,10.68,116,53,340,34.12,15.59,13,34,343,3.79,9.91,25,44,43,109,340,7.35,12.94,12.65,32.06
N20003442,Comber_A2,40,272,312,14.71,87.18,1,311,312,0.32,67,26,312,21.47,8.33,46,111,310,14.84,35.81,46,15,312,14.74,4.81,52,60,24,28,312,16.67,19.23,7.69,8.97
N20003443,Comber_A3,79,382,461,20.68,82.86,8,453,461,1.74,126,49,461,27.33,10.63,69,132,461,14.97,28.63,36,25,457,7.88,5.47,55,131,80,104,461,11.93,28.42,17.35,22.56
N20003444,Comber_B3,152,278,430,54.68,64.65,21,408,429,4.9,112,157,429,26.11,36.60,87,39,429,20.28,9.09,14,49,429,3.26,11.42,14,96,59,232,430,3.26,22.33,13.72,53.95
N20003445,Comber_B4,57,302,359,18.87,84.12,10,349,359,2.79,84,34,359,23.4,9.47,109,46,359,30.36,12.81,16,57,360,4.44,15.83,12,61,60,123,359,3.34,16.99,16.71,34.26
N20003446,Comber_D1,64,262,326,24.43,80.37,4,322,326,1.23,75,40,324,23.15,12.35,71,71,326,21.78,21.78,14,24,329,4.26,7.29,26,92,65,92,325,8,28.31,20,28.31
N20003447,Comber_C7,70,277,347,25.27,79.83,5,342,347,1.44,138,25,347,39.77,7.20,41,101,345,11.88,29.28,38,18,346,10.98,5.2,68,94,63,58,347,19.6,27.09,18.16,16.71
N20003448,Comber_A4,130,643,773,20.22,83.18,15,758,773,1.94,261,26,774,33.72,3.36,87,254,773,11.25,32.86,101,30,772,13.08,3.89,105,237,154,47,773,13.58,30.66,19.92,6.08
N20003449,Comber_B5,33,207,240,15.94,86.25,3,237,240,1.25,49,29,242,20.25,11.98,55,59,240,22.92,24.58,24,21,242,9.92,8.68,25,71,37,45,240,10.42,29.58,15.42,18.75
N20003450,Comber_B6,61,347,408,17.58,85.05,7,401,408,1.72,79,37,406,19.46,9.11,134,59,408,32.84,14.46,17,44,408,4.17,10.78,20,73,79,89,411,4.87,17.76,19.22,21.65
N20003451,Comber_D2,40,339,379,11.8,89.45,6,371,377,1.59,61,23,377,16.18,6.10,52,136,381,13.65,35.7,58,20,377,15.38,5.31,77,100,33,49,376,20.48,26.6,8.78,13.03
N20003452,Comber_D3,77,390,467,19.74,83.51,2,465,467,0.43,157,24,467,33.62,5.14,58,168,468,12.39,35.9,56,23,466,12.02,4.94,106,102,66,53,467,22.7,21.84,14.13,11.35
N20003453,Comber_D4,68,383,451,17.75,84.92,2,451,453,0.44,140,7,452,30.97,1.55,43,228,451,9.53,50.55,101,15,453,22.3,3.31,138,149,17,8,452,30.53,32.96,3.76,1.77
N20003454,Comber_D5,85,344,429,24.71,80.19,1,428,429,0.23,186,8,428,43.46,1.87,32,183,429,7.46,42.66,88,11,431,20.42,2.55,133,116,35,29,430,30.93,26.98,8.14,6.74
N20003455,Comber_D6,93,257,350,36.19,73.43,4,344,348,1.15,199,7,350,56.86,2.00,13,169,350,3.71,48.29,82,5,350,23.43,1.43,166,94,24,4,350,47.43,26.86,6.86,1.14
N20003456,Comber_E2,98,420,518,23.33,81.08,7,511,518,1.35,166,14,518,32.05,2.70,82,167,518,15.83,32.24,66,27,520,12.69,5.19,129,123,74,35,518,24.9,23.75,14.29,6.76
N20003457,Comber_F1,98,419,517,23.39,81.04,2,515,517,0.39,152,15,518,29.34,2.90,71,191,518,13.71,36.87,64,20,517,12.38,3.87,118,101,101,42,517,22.82,19.54,19.54,8.12
N20003458,Comber_F2,45,284,329,15.85,86.32,1,328,329,0.3,96,7,329,29.18,2.13,70,100,329,21.28,30.4,35,15,328,10.67,4.57,59,81,52,34,329,17.93,24.62,15.81,10.33
N20003459,Comber_F3,55,313,368,17.57,85.05,5,365,370,1.35,107,16,368,29.08,4.35,61,118,368,16.58,32.07,39,14,368,10.6,3.8,65,96,64,30,366,17.76,26.23,17.49,8.2
N20003460,Comber_F4,98,342,440,28.65,77.73,6,434,440,1.36,214,14,440,48.64,3.18,52,146,440,11.82,33.18,53,14,440,12.05,3.18,109,143,65,28,440,24.77,32.5,14.77,6.36
N20003461,Comber_E3,55,283,338,19.43,83.73,4,334,338,1.18,99,18,341,29.03,5.28,53,110,338,15.68,32.54,41,15,339,12.09,4.42,60,90,71,18,338,17.75,26.63,21.01,5.33
N20003462,Comber_G1,77,269,346,28.62,77.75,10,336,346,2.89,159,14,346,45.95,4.05,23,107,346,6.65,30.92,50,13,346,14.45,3.76,120,126,56,22,346,34.68,36.42,16.18,6.36
N20003463,Comber_G2,133,608,741,21.88,82.05,16,726,742,2.16,251,39,743,33.78,5.25,109,177,742,14.69,23.85,51,42,740,6.89,5.68,127,223,155,60,740,17.16,30.14,20.95,8.11
N20003464,Comber_G3,56,264,320,21.21,82.5,3,317,320,0.94,98,15,320,30.63,4.69,41,100,320,12.81,31.25,48,22,320,15,6.88,87,108,33,20,320,27.19,33.75,10.31,6.25
N20003465,Comber_G4,143,426,569,33.57,74.87,15,554,569,2.64,141,121,568,24.82,21.30,150,69,569,26.36,12.13,18,43,569,3.16,7.56,24,111,144,172,569,4.22,19.51,25.31,30.23
N20003466,Comber_G5,128,431,559,29.7,77.1,11,548,559,1.97,243,34,558,43.55,6.09,48,158,559,8.59,28.26,64,15,558,11.47,2.69,116,236,99,36,559,20.75,42.22,17.71,6.44
N20003467,Comber_F5,172,686,858,25.07,79.95,4,854,858,0.47,333,15,855,38.95,1.75,73,330,858,8.51,38.46,145,26,858,16.9,3.03,246,204,143,35,858,28.67,23.78,16.67,4.08
N20003468,Comber_G6,168,434,602,38.71,72.09,9,591,600,1.5,332,28,603,55.06,4.64,41,199,601,6.82,33.11,88,9,599,14.69,1.5,162,264,110,32,601,26.96,43.93,18.3,5.32
N20003469,Comber_F6,103,618,721,16.67,85.71,5,716,721,0.69,214,12,725,29.52,1.66,74,320,721,10.26,44.38,140,34,722,19.39,4.71,193,182,77,23,721,26.77,25.24,10.68,3.19
N20003470,Comber_H1,128,440,568,29.09,77.46,2,566,568,0.35,251,21,569,44.11,3.69,74,191,568,13.03,33.63,71,20,568,12.5,3.52,166,144,116,35,568,29.23,25.35,20.42,6.16
N20003471,Comber_H2,143,549,692,26.05,79.34,8,685,693,1.15,215,33,693,31.02,4.76,104,194,693,15.01,27.99,62,33,692,8.96,4.77,134,124,191,54,693,19.34,17.89,27.56,7.79
N20003472,Comber_H3,77,326,403,23.62,80.89,7,396,403,1.74,103,42,403,25.56,10.42,83,111,401,20.7,27.68,47,19,405,11.6,4.69,82,79,51,63,403,20.35,19.6,12.66,15.63
N20003473,Comber_H4,121,462,583,26.19,79.25,2,582,584,0.34,228,28,583,39.11,4.80,59,219,584,10.1,37.5,97,19,583,16.64,3.26,157,130,110,30,583,26.93,22.3,18.87,5.15
N20003474,Newtownards_A1,111,520,631,21.35,82.41,5,626,631,0.79,230,9,628,36.62,1.43,62,253,631,9.83,40.1,90,22,633,14.22,3.48,180,166,81,29,631,28.53,26.31,12.84,4.6
N20003475,Newtownards_A2,130,458,588,28.38,77.89,6,582,588,1.02,275,18,589,46.69,3.06,65,238,588,11.05,40.48,117,22,588,19.9,3.74,212,148,70,23,588,36.05,25.17,11.9,3.91
N20003476,Newtownards_A3,106,485,591,21.86,82.06,18,573,591,3.05,194,15,591,32.83,2.54,73,177,591,12.35,29.95,58,25,595,9.75,4.2,126,175,78,38,591,21.32,29.61,13.2,6.43
N20003477,Newtownards_B1,120,400,520,30,76.92,7,513,520,1.35,240,25,520,46.15,4.81,31,167,518,5.98,32.24,70,15,519,13.49,2.89,153,166,87,30,520,29.42,31.92,16.73,5.77
N20003478,Newtownards_A4,101,407,508,24.82,80.12,4,504,508,0.79,184,7,508,36.22,1.38,40,218,507,7.89,43,100,23,508,19.69,4.53,156,124,45,7,508,30.71,24.41,8.86,1.38
N20003479,Newtownards_B2,49,334,383,14.67,87.21,7,378,385,1.82,101,5,383,26.37,1.31,90,92,384,23.44,23.96,36,27,383,9.4,7.05,49,108,50,29,382,12.83,28.27,13.09,7.59
N20003480,Newtownards_B3,117,392,509,29.85,77.01,7,502,509,1.38,229,34,509,44.99,6.68,49,126,509,9.63,24.75,38,19,508,7.48,3.74,82,214,79,59,509,16.11,42.04,15.52,11.59
N20003481,Newtownards_B4,68,288,356,23.61,80.9,6,350,356,1.69,127,10,356,35.67,2.81,56,100,357,15.69,28.01,37,20,356,10.39,5.62,70,114,52,18,356,19.66,32.02,14.61,5.06
N20003482,Newtownards_C1,85,412,497,20.63,82.9,6,491,497,1.21,174,19,496,35.08,3.83,33,213,497,6.64,42.86,61,12,496,12.3,2.42,135,162,72,22,497,27.16,32.6,14.49,4.43
N20003483,Newtownards_E1,92,340,432,27.06,78.7,9,424,433,2.08,157,25,433,36.26,5.77,53,151,433,12.24,34.87,49,14,432,11.34,3.24,107,142,46,28,433,24.71,32.79,10.62,6.47
N20003484,Newtownards_D1,155,437,592,35.47,73.82,17,573,590,2.88,286,39,589,48.56,6.62,52,129,590,8.81,21.86,45,16,590,7.63,2.71,99,275,107,53,590,16.78,46.61,18.14,8.98
N20003485,Newtownards_F1,110,224,334,49.11,67.07,12,320,332,3.61,103,93,329,31.31,28.27,70,30,331,21.15,9.06,4,37,332,1.2,11.14,13,66,61,164,331,3.93,19.94,18.43,49.55
N20003486,Newtownards_F2,147,302,449,48.68,67.26,19,430,449,4.23,134,128,451,29.71,28.38,111,34,449,24.72,7.57,8,60,450,1.78,13.33,20,71,71,228,449,4.45,15.81,15.81,50.78
N20003487,Newtownards_C2,64,482,546,13.28,88.28,6,541,547,1.1,125,22,547,22.85,4.02,98,157,548,17.88,28.65,52,36,549,9.47,6.56,77,162,52,53,547,14.08,29.62,9.51,9.69
N20003488,Newtownards_D2,172,514,686,33.46,74.93,14,673,687,2.04,331,44,690,47.97,6.38,81,182,688,11.77,26.45,61,24,683,8.93,3.51,129,292,115,82,688,18.75,42.44,16.72,11.92
N20003489,Newtownards_C3,70,300,370,23.33,81.08,2,369,371,0.54,155,14,371,41.78,3.77,30,131,371,8.09,35.31,37,14,371,9.97,3.77,71,147,88,26,372,19.09,39.52,23.66,6.99
N20003490,Newtownards_E2,72,389,461,18.51,84.38,3,458,461,0.65,128,25,465,27.53,5.38,83,132,461,18,28.63,45,17,462,9.74,3.68,78,110,41,65,461,16.92,23.86,8.89,14.1
N20003491,Newtownards_G1,118,496,614,23.79,80.78,10,604,614,1.63,210,47,613,34.26,7.67,85,137,614,13.84,22.31,27,34,615,4.39,5.53,51,232,106,100,614,8.31,37.79,17.26,16.29
N20003492,Newtownards_D3,139,545,684,25.5,79.68,16,668,684,2.34,283,32,681,41.56,4.70,87,141,685,12.7,20.58,53,20,684,7.75,2.92,104,254,168,74,685,15.18,37.08,24.53,10.8
N20003493,Newtownards_F3,181,417,598,43.41,69.73,17,581,598,2.84,177,142,601,29.45,23.63,122,68,598,20.4,11.37,21,59,598,3.51,9.87,20,126,113,259,598,3.34,21.07,18.9,43.31
N20003494,Newtownards_E3,102,406,508,25.12,79.92,3,505,508,0.59,203,22,505,40.2,4.36,80,161,508,15.75,31.69,60,21,508,11.81,4.13,114,138,57,22,508,22.44,27.17,11.22,4.33
N20003495,Newtownards_F4,98,321,419,30.53,76.61,11,408,419,2.63,93,98,419,22.2,23.39,83,74,419,19.81,17.66,17,42,418,4.07,10.05,31,112,61,146,418,7.42,26.79,14.59,34.93
N20003496,Newtownards_C4,107,470,577,22.77,81.46,6,571,577,1.04,239,16,577,41.42,2.77,68,182,578,11.76,31.49,60,26,578,10.38,4.5,120,193,80,32,577,20.8,33.45,13.86,5.55
N20003497,Newtownards_H1,86,312,398,27.56,78.39,8,390,398,2.01,137,32,400,34.25,8.00,78,72,400,19.5,18,23,18,400,5.75,4.5,26,130,90,55,398,6.53,32.66,22.61,13.82
N20003498,Newtownards_G2,57,293,350,19.45,83.71,5,345,350,1.43,98,14,350,28,4.00,63,71,349,18.05,20.34,26,12,350,7.43,3.43,26,103,79,52,350,7.43,29.43,22.57,14.86
N20003499,Newtownards_J1,56,266,322,21.05,82.61,7,315,322,2.17,63,39,320,19.69,12.19,96,45,322,29.81,13.98,9,52,322,2.8,16.15,13,62,44,125,322,4.04,19.25,13.66,38.82
N20003500,Newtownards_L1,27,217,244,12.44,88.93,4,240,244,1.64,36,23,244,14.75,9.43,49,43,244,20.08,17.62,6,19,244,2.46,7.79,8,77,37,49,245,3.27,31.43,15.1,20
N20003501,Newtownards_G3,60,403,463,14.89,87.04,3,460,463,0.65,126,7,462,27.27,1.52,96,117,461,20.82,25.38,35,25,462,7.58,5.41,39,162,43,24,463,8.42,34.99,9.29,5.18
N20003502,Newtownards_K1,147,550,697,26.73,78.91,5,692,697,0.72,210,77,696,30.17,11.06,133,136,696,19.11,19.54,32,43,696,4.6,6.18,70,196,115,134,697,10.04,28.12,16.5,19.23
N20003503,Newtownards_J2,61,334,395,18.26,84.56,6,389,395,1.52,42,64,395,10.63,16.20,117,79,397,29.47,19.9,15,33,395,3.8,8.35,32,80,58,123,396,8.08,20.2,14.65,31.06
N20003504,Newtownards_J3,64,433,497,14.78,87.12,7,490,497,1.41,96,38,498,19.28,7.63,138,91,497,27.77,18.31,23,48,496,4.64,9.68,39,109,76,134,497,7.85,21.93,15.29,26.96
N20003505,Newtownards_H2,223,486,709,45.88,68.55,12,697,709,1.69,300,126,709,42.31,17.77,129,114,709,18.19,16.08,25,47,708,3.53,6.64,50,189,171,241,709,7.05,26.66,24.12,33.99
N20003506,Newtownards_K2,131,521,652,25.14,79.91,20,632,652,3.07,141,116,652,21.63,17.79,203,76,654,31.04,11.62,21,90,654,3.21,13.76,24,152,71,278,652,3.68,23.31,10.89,42.64
N20003507,Newtownards_H3,112,345,457,32.46,75.49,3,454,457,0.66,221,19,457,48.36,4.16,39,106,457,8.53,23.19,36,12,457,7.88,2.63,75,201,108,28,457,16.41,43.98,23.63,6.13
N20003508,Newtownards_N1,84,431,515,19.49,83.69,6,509,515,1.17,157,12,515,30.49,2.33,68,232,515,13.2,45.05,115,28,515,22.33,5.44,170,78,22,11,515,33.01,15.15,4.27,2.14
N20003509,Newtownards_R1,52,317,369,16.4,85.91,5,364,369,1.36,49,55,369,13.28,14.91,94,67,369,25.47,18.16,14,58,369,3.79,15.72,24,61,76,129,369,6.5,16.53,20.6,34.96
N20003510,Newtownards_J4,26,157,183,16.56,85.79,4,179,183,2.19,3,39,183,1.64,21.31,68,19,185,36.76,10.27,6,36,184,3.26,19.57,2,28,10,90,183,1.09,15.3,5.46,49.18
N20003511,Newtownards_H4,97,286,383,33.92,74.67,7,375,382,1.83,153,61,384,39.84,15.89,51,56,383,13.32,14.62,13,18,383,3.39,4.7,34,140,96,81,383,8.88,36.55,25.07,21.15
N20003512,Newtownards_R2,80,241,321,33.2,75.08,5,316,321,1.56,53,89,321,16.51,27.73,94,43,321,29.28,13.4,5,34,319,1.57,10.66,9,49,51,136,324,2.78,15.12,15.74,41.98
N20003513,Newtownards_J5,35,206,241,16.99,85.48,6,235,241,2.49,51,25,241,21.16,10.37,76,32,242,31.4,13.22,8,36,246,3.25,14.63,12,46,52,73,242,4.96,19.01,21.49,30.17
N20003514,Newtownards_G4,80,485,565,16.49,85.84,8,557,565,1.42,125,51,564,22.16,9.04,128,143,566,22.61,25.27,51,51,568,8.98,8.98,67,150,55,57,564,11.88,26.6,9.75,10.11
N20003515,Newtownards_H5,141,356,497,39.61,71.63,13,484,497,2.62,143,130,493,29.01,26.37,132,41,491,26.88,8.35,5,66,494,1.01,13.36,19,60,103,236,496,3.83,12.1,20.77,47.58
N20003516,Newtownards_L2,78,312,390,25,80,5,385,390,1.28,92,47,390,23.59,12.05,116,57,390,29.74,14.62,13,41,390,3.33,10.51,30,79,59,115,389,7.71,20.31,15.17,29.56
N20003517,Newtownards_R3,80,243,323,32.92,75.23,11,312,323,3.41,69,76,323,21.36,23.53,90,35,323,27.86,10.84,5,37,323,1.55,11.46,6,65,56,107,323,1.86,20.12,17.34,33.13
N20003518,Newtownards_L3,109,338,447,32.25,75.62,11,436,447,2.46,126,88,449,28.06,19.60,112,61,447,25.06,13.65,10,37,445,2.25,8.31,9,117,86,151,447,2.01,26.17,19.24,33.78
N20003519,Newtownards_Q1,62,297,359,20.88,82.73,5,355,360,1.39,74,41,360,20.56,11.39,44,80,360,12.22,22.22,22,26,360,6.11,7.22,40,79,82,74,359,11.14,22.01,22.84,20.61
N20003520,Newtownards_Q2,164,371,535,44.2,69.35,20,515,535,3.74,140,157,538,26.02,29.18,132,48,536,24.63,8.96,12,56,534,2.25,10.49,16,80,98,293,535,2.99,14.95,18.32,54.77
N20003521,Newtownards_P1,109,438,547,24.89,80.07,8,539,547,1.46,125,88,548,22.81,16.06,158,56,542,29.15,10.33,20,80,550,3.64,14.55,32,92,72,222,547,5.85,16.82,13.16,40.59
N20003522,Newtownards_L4,41,280,321,14.64,87.23,5,315,320,1.56,56,33,323,17.34,10.22,81,53,320,25.31,16.56,15,13,322,4.66,4.04,18,66,69,72,318,5.66,20.75,21.7,22.64
N20003523,Newtownards_N2,79,458,537,17.25,85.29,5,533,538,0.93,155,6,536,28.92,1.12,73,211,538,13.57,39.22,76,21,537,14.15,3.91,134,130,66,40,537,24.95,24.21,12.29,7.45
N20003524,Newtownards_P2,79,261,340,30.27,76.76,9,331,340,2.65,90,67,343,26.24,19.53,83,47,340,24.41,13.82,16,41,340,4.71,12.06,28,69,59,114,341,8.21,20.23,17.3,33.43
N20003525,Newtownards_Q3,58,316,374,18.35,84.49,7,366,373,1.88,100,10,374,26.74,2.67,54,128,372,14.52,34.41,56,13,374,14.97,3.48,101,83,53,27,372,27.15,22.31,14.25,7.26
N20003526,Newtownards_P3,74,301,375,24.58,80.27,8,368,376,2.13,76,64,376,20.21,17.02,107,53,376,28.46,14.1,14,41,376,3.72,10.9,13,64,84,124,376,3.46,17.02,22.34,32.98
N20003527,Newtownards_P4,97,252,349,38.49,72.21,8,341,349,2.29,73,89,350,20.86,25.43,90,39,349,25.79,11.17,12,52,348,3.45,14.94,12,56,52,151,350,3.43,16,14.86,43.14
N20003528,Newtownards_Q4,95,401,496,23.69,80.85,6,489,495,1.21,217,9,495,43.84,1.82,41,171,497,8.25,34.41,70,13,494,14.17,2.63,147,184,31,27,495,29.7,37.17,6.26,5.45
N20003529,Newtownards_R4,37,277,314,13.36,88.22,5,309,314,1.59,49,24,318,15.41,7.55,95,50,314,30.25,15.92,8,27,313,2.56,8.63,12,68,79,84,314,3.82,21.66,25.16,26.75
N20003530,Newtownards_S1,88,273,361,32.23,75.62,5,356,361,1.39,194,22,364,53.3,6.04,45,88,361,12.47,24.38,32,8,361,8.86,2.22,78,145,65,47,362,21.55,40.06,17.96,12.98
N20003531,Newtownards_S2,71,355,426,20,83.33,8,418,426,1.88,92,56,426,21.6,13.15,170,34,427,39.81,7.96,9,83,427,2.11,19.44,2,31,66,159,427,0.47,7.26,15.46,37.24
N20003532,Newtownards_S3,172,382,554,45.03,68.95,16,538,554,2.89,101,178,554,18.23,32.13,169,45,554,30.51,8.12,13,87,554,2.35,15.7,6,98,69,307,553,1.08,17.72,12.48,55.52
N20003533,Newtownards_S4,153,393,546,38.93,71.98,28,518,546,5.13,130,154,546,23.81,28.21,147,60,544,27.02,11.03,9,86,546,1.65,15.75,16,91,88,288,546,2.93,16.67,16.12,52.75
N20003534,Newtownards_S5,118,315,433,37.46,72.75,12,423,435,2.76,95,98,434,21.89,22.58,100,41,434,23.04,9.45,3,55,435,0.69,12.64,9,87,75,213,434,2.07,20.05,17.28,49.08
N20003535,Newtownards_N3,111,441,552,25.17,79.89,5,548,553,0.9,188,43,553,34,7.78,82,199,553,14.83,35.99,70,21,551,12.7,3.81,130,126,90,49,549,23.68,22.95,16.39,8.93
N20003536,Newtownards_N4,180,526,706,34.22,74.5,15,690,705,2.13,315,58,704,44.74,8.24,94,160,705,13.33,22.7,55,34,705,7.8,4.82,122,216,174,84,705,17.3,30.64,24.68,11.91
N20003537,Holywood_and_Clandeboye_A1,122,473,595,25.79,79.5,9,586,595,1.51,254,9,599,42.4,1.50,27,328,595,4.54,55.13,167,14,596,28.02,2.35,249,108,18,12,595,41.85,18.15,3.03,2.02
N20003538,Holywood_and_Clandeboye_A2,137,450,587,30.44,76.66,6,581,587,1.02,253,12,587,43.1,2.04,35,282,585,5.98,48.21,157,18,587,26.75,3.07,264,118,25,15,587,44.97,20.1,4.26,2.56
N20003539,Holywood_and_Clandeboye_F1,54,294,348,18.37,84.48,4,344,348,1.15,130,0,346,37.57,0.00,28,158,349,8.02,45.27,75,13,350,21.43,3.71,115,77,33,11,349,32.95,22.06,9.46,3.15
N20003540,Holywood_and_Clandeboye_A3,52,312,364,16.67,85.71,3,361,364,0.82,102,6,364,28.02,1.65,33,168,364,9.07,46.15,72,22,361,19.94,6.09,87,89,24,10,364,23.9,24.45,6.59,2.75
N20003541,Holywood_and_Clandeboye_B1,39,298,337,13.09,88.43,1,335,336,0.3,98,2,336,29.17,0.60,59,130,337,17.51,38.58,69,13,335,20.6,3.88,79,59,13,0,335,23.58,17.61,3.88,0
N20003542,Holywood_and_Clandeboye_B2,65,358,423,18.16,84.63,3,420,423,0.71,131,10,423,30.97,2.36,32,200,422,7.58,47.39,81,13,423,19.15,3.07,111,82,31,18,423,26.24,19.39,7.33,4.26
N20003543,Holywood_and_Clandeboye_B3,14,331,345,4.23,95.94,2,343,345,0.58,31,0,346,8.96,0.00,72,114,344,20.93,33.14,51,22,345,14.78,6.38,45,54,24,14,346,13.01,15.61,6.94,4.05
N20003544,Holywood_and_Clandeboye_F2,81,273,354,29.67,77.12,2,352,354,0.56,159,10,354,44.92,2.82,30,151,354,8.47,42.66,76,11,353,21.53,3.12,143,77,41,5,354,40.4,21.75,11.58,1.41
N20003545,Holywood_and_Clandeboye_F3,106,503,609,21.07,82.59,25,584,609,4.11,153,29,606,25.25,4.79,77,251,610,12.62,41.15,123,62,609,20.2,10.18,233,64,28,11,609,38.26,10.51,4.6,1.81
N20003546,Holywood_and_Clandeboye_C1,176,463,639,38.01,72.46,15,624,639,2.35,254,113,639,39.75,17.68,84,177,639,13.15,27.7,78,47,638,12.23,7.37,119,158,81,155,640,18.59,24.69,12.66,24.22
N20003547,Holywood_and_Clandeboye_C2,117,560,677,20.89,82.72,5,672,677,0.74,225,24,678,33.19,3.54,70,312,678,10.32,46.02,145,32,677,21.42,4.73,231,119,42,34,676,34.17,17.6,6.21,5.03
N20003548,Holywood_and_Clandeboye_D1,153,521,674,29.37,77.3,5,668,673,0.74,283,13,673,42.05,1.93,46,334,673,6.84,49.63,167,31,671,24.89,4.62,280,116,32,32,674,41.54,17.21,4.75,4.75
N20003549,Holywood_and_Clandeboye_D2,123,506,629,24.31,80.45,7,623,630,1.11,251,0,631,39.78,0.00,53,344,630,8.41,54.6,200,34,629,31.8,5.41,267,115,18,13,631,42.31,18.23,2.85,2.06
N20003550,Holywood_and_Clandeboye_E1,113,490,603,23.06,81.26,3,600,603,0.5,208,29,600,34.67,4.83,51,297,601,8.49,49.42,142,15,603,23.55,2.49,202,119,27,47,602,33.55,19.77,4.49,7.81
N20003551,Holywood_and_Clandeboye_D3,67,361,428,18.56,84.35,2,425,427,0.47,132,10,429,30.77,2.33,29,214,426,6.81,50.23,99,10,429,23.08,2.33,117,101,30,19,426,27.46,23.71,7.04,4.46
N20003552,Holywood_and_Clandeboye_H1,32,304,336,10.53,90.48,3,333,336,0.89,50,20,335,14.93,5.97,78,96,335,23.28,28.66,27,53,338,7.99,15.68,33,62,34,91,336,9.82,18.45,10.12,27.08
N20003553,Holywood_and_Clandeboye_E2,168,647,815,25.97,79.39,2,813,815,0.25,318,33,813,39.11,4.06,95,343,815,11.66,42.09,148,35,814,18.18,4.3,300,200,57,26,815,36.81,24.54,6.99,3.19
N20003554,Holywood_and_Clandeboye_G1,297,904,1201,32.85,75.27,18,1183,1201,1.5,606,43,1202,50.42,3.58,92,426,1201,7.66,35.47,163,18,1203,13.55,1.5,437,424,143,90,1201,36.39,35.3,11.91,7.49
N20003555,Holywood_and_Clandeboye_E3,75,402,477,18.66,84.28,0,477,477,0,149,17,477,31.24,3.56,53,238,477,11.11,49.9,124,32,477,26,6.71,179,81,17,44,478,37.45,16.95,3.56,9.21
N20003556,Holywood_and_Clandeboye_G2,122,360,482,33.89,74.69,5,476,481,1.04,206,37,482,42.74,7.68,39,165,479,8.14,34.45,51,18,481,10.6,3.74,116,186,81,52,482,24.07,38.59,16.8,10.79
N20003557,Holywood_and_Clandeboye_G3,67,222,289,30.18,76.82,4,285,289,1.38,125,21,288,43.4,7.29,14,115,289,4.84,39.79,35,1,288,12.15,0.35,65,130,64,22,289,22.49,44.98,22.15,7.61
N20003558,Holywood_and_Clandeboye_H2,69,328,397,21.04,82.62,10,387,397,2.52,79,55,397,19.9,13.85,91,114,397,22.92,28.72,38,46,395,9.62,11.65,55,84,47,127,398,13.82,21.11,11.81,31.91
N20003559,Holywood_and_Clandeboye_K1,76,386,462,19.69,83.55,6,456,462,1.3,150,18,462,32.47,3.90,49,215,459,10.68,46.84,94,16,462,20.35,3.46,187,81,41,30,463,40.39,17.49,8.86,6.48
N20003560,Holywood_and_Clandeboye_K2,102,279,381,36.56,73.23,3,378,381,0.79,188,14,387,48.58,3.62,46,173,386,11.92,44.82,88,15,380,23.16,3.95,155,72,21,0,381,40.68,18.9,5.51,0
N20003561,Holywood_and_Clandeboye_H3,85,395,480,21.52,82.29,7,473,480,1.46,118,47,481,24.53,9.77,54,203,482,11.2,42.12,59,21,480,12.29,4.38,121,154,82,56,480,25.21,32.08,17.08,11.67
N20003562,Holywood_and_Clandeboye_J1,193,563,756,34.28,74.47,9,747,756,1.19,396,23,754,52.52,3.05,55,275,756,7.28,36.38,113,14,756,14.95,1.85,326,229,63,23,756,43.12,30.29,8.33,3.04
N20003563,Holywood_and_Clandeboye_H4,23,273,296,8.42,92.23,1,295,296,0.34,40,9,295,13.56,3.05,90,87,296,30.41,29.39,32,27,298,10.74,9.06,37,43,20,34,296,12.5,14.53,6.76,11.49
N20003564,Holywood_and_Clandeboye_H5,61,320,381,19.06,83.99,4,377,381,1.05,109,19,381,28.61,4.99,46,174,380,12.11,45.79,53,27,381,13.91,7.09,94,99,85,33,383,24.54,25.85,22.19,8.62
N20003565,Holywood_and_Clandeboye_K3,100,324,424,30.86,76.42,4,420,424,0.94,206,8,425,48.47,1.88,23,211,424,5.42,49.76,98,14,424,23.11,3.3,197,84,21,16,424,46.46,19.81,4.95,3.77
N20003566,Holywood_and_Clandeboye_H6,68,295,363,23.05,81.27,5,358,363,1.38,120,22,363,33.06,6.06,22,190,363,6.06,52.34,94,13,365,25.75,3.56,160,72,20,24,364,43.96,19.78,5.49,6.59
N20003567,Holywood_and_Clandeboye_K4,108,442,550,24.43,80.36,6,544,550,1.09,224,15,545,41.1,2.75,40,245,550,7.27,44.55,122,13,550,22.18,2.36,206,131,42,18,550,37.45,23.82,7.64,3.27
N20003568,Holywood_and_Clandeboye_J2,139,507,646,27.42,78.48,14,632,646,2.17,278,21,649,42.84,3.24,67,212,647,10.36,32.77,94,36,649,14.48,5.55,137,228,79,55,646,21.21,35.29,12.23,8.51
N20003569,Holywood_and_Clandeboye_F4,188,702,890,26.78,78.88,5,885,890,0.56,308,43,890,34.61,4.83,122,339,890,13.71,38.09,154,48,890,17.3,5.39,261,162,118,62,890,29.33,18.2,13.26,6.97
N20003570,Holywood_and_Clandeboye_L1,70,208,278,33.65,74.82,9,268,277,3.25,78,61,278,28.06,21.94,76,40,278,27.34,14.39,12,29,278,4.32,10.43,25,49,45,100,278,8.99,17.63,16.19,35.97
N20003571,Holywood_and_Clandeboye_L2,134,357,491,37.54,72.71,11,481,492,2.24,157,93,491,31.98,18.94,105,91,492,21.34,18.5,38,45,493,7.71,9.13,100,85,46,182,492,20.33,17.28,9.35,36.99
N20003572,Holywood_and_Clandeboye_J3,113,397,510,28.46,77.84,7,503,510,1.37,151,70,511,29.55,13.70,132,87,510,25.88,17.06,25,46,510,4.9,9.02,55,103,103,140,510,10.78,20.2,20.2,27.45
N20003573,Holywood_and_Clandeboye_L3,149,379,528,39.31,71.78,10,518,528,1.89,167,88,531,31.45,16.57,86,106,528,16.29,20.08,36,35,528,6.82,6.63,48,136,77,203,529,9.07,25.71,14.56,38.37
N20003574,Holywood_and_Clandeboye_L4,84,342,426,24.56,80.28,6,420,426,1.41,138,29,426,32.39,6.81,82,99,429,19.11,23.08,27,37,429,6.29,8.62,52,125,50,86,428,12.15,29.21,11.68,20.09
N20003575,Holywood_and_Clandeboye_K5,89,293,382,30.38,76.7,2,380,382,0.52,163,8,383,42.56,2.09,19,207,382,4.97,54.19,98,9,381,25.72,2.36,190,85,6,4,382,49.74,22.25,1.57,1.05
N20003576,Holywood_and_Clandeboye_L5,172,381,553,45.14,68.9,12,540,552,2.17,278,52,552,50.36,9.42,70,119,552,12.68,21.56,52,30,551,9.44,5.44,120,120,158,62,552,21.74,21.74,28.62,11.23
N20003577,Holywood_and_Clandeboye_L6,75,329,404,22.8,81.44,6,398,404,1.49,91,55,403,22.58,13.65,94,76,405,23.21,18.77,26,33,404,6.44,8.17,32,102,92,82,404,7.92,25.25,22.77,20.3
N20003578,Bangor_West_A1,115,534,649,21.54,82.28,10,639,649,1.54,215,20,649,33.13,3.08,53,342,647,8.19,52.86,162,21,650,24.92,3.23,253,116,14,22,649,38.98,17.87,2.16,3.39
N20003579,Bangor_West_A2,50,283,333,17.67,84.98,11,320,331,3.32,108,0,331,32.63,0.00,47,162,329,14.29,49.24,67,36,329,20.36,10.94,126,57,11,30,334,37.72,17.07,3.29,8.98
N20003580,Bangor_West_A3,94,410,504,22.93,81.35,10,494,504,1.98,160,31,503,31.81,6.16,76,184,505,15.05,36.44,73,26,505,14.46,5.15,140,79,61,24,504,27.78,15.67,12.1,4.76
N20003581,Bangor_West_A4,172,542,714,31.73,75.91,19,695,714,2.66,327,23,713,45.86,3.23,69,332,714,9.66,46.5,157,40,713,22.02,5.61,346,129,28,23,714,48.46,18.07,3.92,3.22
N20003582,Bangor_West_C1,72,364,436,19.78,83.49,2,434,436,0.46,125,21,439,28.47,4.78,77,138,436,17.66,31.65,53,24,435,12.18,5.52,76,125,39,20,438,17.35,28.54,8.9,4.57
N20003583,Bangor_West_A5,83,316,399,26.27,79.2,10,389,399,2.51,134,21,400,33.5,5.25,34,169,398,8.54,42.46,74,15,401,18.45,3.74,106,97,35,28,399,26.57,24.31,8.77,7.02
N20003584,Bangor_West_A6,86,427,513,20.14,83.24,12,501,513,2.34,175,13,513,34.11,2.53,82,169,516,15.89,32.75,80,33,514,15.56,6.42,141,104,41,19,513,27.49,20.27,7.99,3.7
N20003585,Bangor_West_B1,64,380,444,16.84,85.59,5,439,444,1.13,144,9,444,32.43,2.03,62,155,443,14,34.99,66,11,446,14.8,2.47,92,105,45,15,444,20.72,23.65,10.14,3.38
N20003586,Bangor_West_D1,98,548,646,17.88,84.83,10,637,647,1.55,188,21,643,29.24,3.27,111,192,645,17.21,29.77,72,51,646,11.15,7.89,142,143,90,85,646,21.98,22.14,13.93,13.16
N20003587,Bangor_West_B2,53,344,397,15.41,86.65,4,393,397,1.01,86,20,396,21.72,5.05,50,123,396,12.63,31.06,36,19,397,9.07,4.79,56,98,47,48,397,14.11,24.69,11.84,12.09
N20003588,Bangor_West_B3,65,330,395,19.7,83.54,5,389,394,1.27,103,20,396,26.01,5.05,55,123,394,13.96,31.22,41,18,395,10.38,4.56,68,91,40,45,394,17.26,23.1,10.15,11.42
N20003589,Bangor_West_C2,74,416,490,17.79,84.9,8,482,490,1.63,146,13,490,29.8,2.65,79,159,490,16.12,32.45,46,18,492,9.35,3.66,93,119,63,31,490,18.98,24.29,12.86,6.33
N20003590,Bangor_West_D2,81,231,312,35.06,74.04,5,306,311,1.61,134,23,311,43.09,7.40,26,113,311,8.36,36.33,36,9,311,11.58,2.89,71,113,51,49,310,22.9,36.45,16.45,15.81
N20003591,Bangor_West_E1,49,214,263,22.9,81.37,0,263,263,0,92,0,265,34.72,0.00,21,110,265,7.92,41.51,42,11,263,15.97,4.18,88,71,1,19,263,33.46,27,0.38,7.22
N20003592,Bangor_West_F1,78,350,428,22.29,81.78,8,420,428,1.87,104,52,428,24.3,12.15,74,100,426,17.37,23.47,19,27,428,4.44,6.31,43,128,89,111,428,10.05,29.91,20.79,25.93
N20003593,Bangor_West_D3,41,251,292,16.33,85.96,5,290,295,1.69,65,18,296,21.96,6.08,84,71,295,28.47,24.07,14,32,295,4.75,10.85,14,66,33,77,295,4.75,22.37,11.19,26.1
N20003594,Bangor_West_E2,103,419,522,24.58,80.27,5,517,522,0.96,189,26,520,36.35,5.00,84,148,522,16.09,28.35,47,16,522,9,3.07,114,158,60,52,521,21.88,30.33,11.52,9.98
N20003595,Bangor_West_C3,88,466,554,18.88,84.12,8,545,553,1.45,193,4,553,34.9,0.72,100,186,553,18.08,33.63,70,37,554,12.64,6.68,123,151,46,43,553,22.24,27.31,8.32,7.78
N20003596,Bangor_West_F2,82,350,432,23.43,81.02,17,415,432,3.94,125,46,433,28.87,10.62,59,129,433,13.63,29.79,30,16,432,6.94,3.7,67,124,69,95,432,15.51,28.7,15.97,21.99
N20003597,Bangor_West_D4,87,241,328,36.1,73.48,6,322,328,1.83,138,28,328,42.07,8.54,40,109,328,12.2,33.23,29,14,329,8.81,4.26,82,115,49,46,328,25,35.06,14.94,14.02
N20003598,Bangor_West_C4,68,276,344,24.64,80.23,5,338,343,1.46,118,27,343,34.4,7.87,49,97,344,14.24,28.2,39,22,343,11.37,6.41,53,115,33,34,343,15.45,33.53,9.62,9.91
N20003599,Bangor_West_F3,84,431,515,19.49,83.69,7,508,515,1.36,97,74,515,18.83,14.37,94,110,512,18.36,21.48,23,48,515,4.47,9.32,33,145,96,169,515,6.41,28.16,18.64,32.82
N20003600,Bangor_West_E3,90,322,412,27.95,78.16,4,408,412,0.97,165,27,414,39.86,6.52,47,113,412,11.41,27.43,33,20,409,8.07,4.89,64,165,50,37,412,15.53,40.05,12.14,8.98
N20003601,Bangor_West_G1,60,253,313,23.72,80.83,3,310,313,0.96,99,21,316,31.33,6.65,51,65,313,16.29,20.77,16,15,313,5.11,4.79,20,107,70,51,312,6.41,34.29,22.44,16.35
N20003602,Bangor_West_D5,78,354,432,22.03,81.94,5,426,431,1.16,128,28,430,29.77,6.51,93,98,432,21.53,22.69,17,36,431,3.94,8.35,33,139,75,60,432,7.64,32.18,17.36,13.89
N20003603,Bangor_West_G2,105,383,488,27.42,78.48,6,482,488,1.23,161,60,489,32.92,12.27,78,99,488,15.98,20.29,29,30,488,5.94,6.15,49,140,104,122,486,10.08,28.81,21.4,25.1
N20003604,Bangor_West_E4,45,266,311,16.92,85.53,3,308,311,0.96,86,17,312,27.56,5.45,51,75,311,16.4,24.12,31,24,317,9.78,7.57,60,79,33,26,313,19.17,25.24,10.54,8.31
N20003605,Bangor_West_F4,147,598,745,24.58,80.27,16,727,743,2.15,245,59,743,32.97,7.94,122,176,743,16.42,23.69,45,45,741,6.07,6.07,91,177,122,163,743,12.25,23.82,16.42,21.94
N20003606,Bangor_West_E5,26,231,257,11.26,89.88,4,253,257,1.56,43,15,257,16.73,5.84,51,70,257,19.84,27.24,22,31,255,8.63,12.16,28,69,24,56,257,10.89,26.85,9.34,21.79
N20003607,Bangor_West_H1,129,292,421,44.18,69.36,9,412,421,2.14,139,103,423,32.86,24.35,96,42,422,22.75,9.95,13,33,421,3.09,7.84,11,127,63,163,421,2.61,30.17,14.96,38.72
N20003608,Bangor_West_H2,37,207,244,17.87,84.84,8,236,244,3.28,23,36,243,9.47,14.81,70,23,244,28.69,9.43,4,48,245,1.63,19.59,4,50,30,111,243,1.65,20.58,12.35,45.68
N20003609,Bangor_West_H3,187,304,491,61.51,61.91,17,474,491,3.46,106,214,491,21.59,43.58,97,40,491,19.76,8.15,4,65,492,0.81,13.21,3,96,67,274,490,0.61,19.59,13.67,55.92
N20003610,Bangor_West_G3,72,182,254,39.56,71.65,8,246,254,3.15,59,68,254,23.23,26.77,44,54,254,17.32,21.26,12,26,255,4.71,10.2,22,53,46,117,253,8.7,20.95,18.18,46.25
N20003611,Bangor_West_J1,80,360,440,22.22,81.82,8,434,442,1.81,120,41,440,27.27,9.32,94,81,442,21.27,18.33,23,31,440,5.23,7.05,21,139,82,90,438,4.79,31.74,18.72,20.55
N20003612,Bangor_West_E6,98,260,358,37.69,72.63,6,352,358,1.68,124,70,356,34.83,19.66,57,80,357,15.97,22.41,28,29,358,7.82,8.1,47,111,55,100,358,13.13,31.01,15.36,27.93
N20003613,Bangor_West_J2,103,300,403,34.33,74.44,16,384,400,4,147,51,404,36.39,12.62,68,67,402,16.92,16.67,20,20,402,4.98,4.98,26,133,87,81,403,6.45,33,21.59,20.1
N20003614,Bangor_West_G4,95,367,462,25.89,79.44,5,457,462,1.08,157,36,463,33.91,7.78,81,90,462,17.53,19.48,26,16,462,5.63,3.46,39,152,68,80,462,8.44,32.9,14.72,17.32
N20003615,Bangor_West_G5,110,539,649,20.41,83.05,9,640,649,1.39,195,32,649,30.05,4.93,119,163,649,18.34,25.12,66,34,649,10.17,5.24,84,193,69,51,649,12.94,29.74,10.63,7.86
N20003616,Bangor_West_H4,132,480,612,27.5,78.43,23,590,613,3.75,139,110,613,22.68,17.94,165,85,614,26.87,13.84,18,69,611,2.95,11.29,21,122,111,201,613,3.43,19.9,18.11,32.79
N20003617,Bangor_West_H5,122,306,428,39.87,71.5,15,413,428,3.5,90,129,428,21.03,30.14,110,29,430,25.58,6.74,7,57,428,1.64,13.32,12,74,66,219,428,2.8,17.29,15.42,51.17
N20003618,Bangor_West_H6,139,296,435,46.96,68.05,10,425,435,2.3,135,106,435,31.03,24.37,78,58,435,17.93,13.33,4,47,434,0.92,10.83,13,111,83,194,435,2.99,25.52,19.08,44.6
N20003619,Bangor_West_J3,185,549,734,33.7,74.8,18,717,735,2.45,274,66,734,37.33,8.99,87,217,735,11.84,29.52,64,27,735,8.71,3.67,102,329,117,95,735,13.88,44.76,15.92,12.93
N20003620,Bangor_West_J4,161,561,722,28.7,77.7,18,704,722,2.49,265,76,723,36.65,10.51,72,162,722,9.97,22.44,64,33,723,8.85,4.56,105,229,146,138,723,14.52,31.67,20.19,19.09
N20003621,Bangor_Central_A1,87,346,433,25.14,79.91,4,429,433,0.92,156,14,433,36.03,3.23,38,205,433,8.78,47.34,88,30,433,20.32,6.93,135,98,19,13,431,31.32,22.74,4.41,3.02
N20003622,Bangor_Central_B1,90,391,481,23.02,81.29,9,472,481,1.87,191,8,481,39.71,1.66,29,230,483,6,47.62,116,9,482,24.07,1.87,198,116,27,9,481,41.16,24.12,5.61,1.87
N20003623,Bangor_Central_A2,89,456,545,19.52,83.67,2,543,545,0.37,180,21,547,32.91,3.84,35,274,544,6.43,50.37,98,23,544,18.01,4.23,197,148,49,23,546,36.08,27.11,8.97,4.21
N20003624,Bangor_Central_A3,94,508,602,18.5,84.39,12,590,602,1.99,146,45,602,24.25,7.48,71,231,603,11.77,38.31,59,34,601,9.82,5.66,103,180,104,111,602,17.11,29.9,17.28,18.44
N20003625,Bangor_Central_B2,113,404,517,27.97,78.14,9,508,517,1.74,210,12,520,40.38,2.31,56,200,517,10.83,38.68,71,17,513,13.84,3.31,175,119,45,30,517,33.85,23.02,8.7,5.8
N20003626,Bangor_Central_D1,105,415,520,25.3,79.81,3,517,520,0.58,180,15,520,34.62,2.88,54,218,520,10.38,41.92,103,26,520,19.81,5,180,106,28,12,520,34.62,20.38,5.38,2.31
N20003627,Bangor_Central_E1,77,361,438,21.33,82.42,0,438,438,0,147,15,438,33.56,3.42,35,223,438,7.99,50.91,73,12,438,16.67,2.74,133,108,32,27,439,30.3,24.6,7.29,6.15
N20003628,Bangor_Central_C1,85,425,510,20,83.33,4,506,510,0.78,147,25,509,28.88,4.91,42,247,510,8.24,48.43,111,28,509,21.81,5.5,170,117,27,53,512,33.2,22.85,5.27,10.35
N20003629,Bangor_Central_E2,98,403,501,24.32,80.44,5,496,501,1,176,26,501,35.13,5.19,36,240,501,7.19,47.9,87,11,501,17.37,2.2,189,136,27,19,501,37.72,27.15,5.39,3.79
N20003630,Bangor_Central_D2,119,386,505,30.83,76.44,8,497,505,1.58,207,22,505,40.99,4.36,40,217,505,7.92,42.97,94,15,504,18.65,2.98,190,142,37,21,505,37.62,28.12,7.33,4.16
N20003631,Bangor_Central_F1,74,311,385,23.79,80.78,16,369,385,4.16,99,33,384,25.78,8.59,52,104,385,13.51,27.01,28,34,385,7.27,8.83,61,127,63,77,386,15.8,32.9,16.32,19.95
N20003632,Bangor_Central_C2,81,494,575,16.4,85.91,10,565,575,1.74,87,53,574,15.16,9.23,88,193,573,15.36,33.68,45,42,573,7.85,7.33,88,214,97,107,576,15.28,37.15,16.84,18.58
N20003633,Bangor_Central_F2,3,177,180,1.69,98.33,3,177,180,1.67,8,0,180,4.44,0.00,84,33,181,46.41,18.23,10,29,179,5.59,16.2,7,4,10,27,180,3.89,2.22,5.56,15
N20003634,Bangor_Central_E3,79,354,433,22.32,81.76,8,425,433,1.85,122,30,430,28.37,6.98,41,165,433,9.47,38.11,58,22,433,13.39,5.08,105,119,61,34,433,24.25,27.48,14.09,7.85
N20003635,Bangor_Central_B3,77,385,462,20,83.33,6,456,462,1.3,127,32,461,27.55,6.94,73,140,457,15.97,30.63,45,29,464,9.7,6.25,91,114,46,89,462,19.7,24.68,9.96,19.26
N20003636,Bangor_Central_F3,38,236,274,16.1,86.13,10,264,274,3.65,58,27,276,21.01,9.78,30,105,274,10.95,38.32,25,24,276,9.06,8.7,54,72,41,56,274,19.71,26.28,14.96,20.44
N20003637,Bangor_Central_B4,106,370,476,28.65,77.73,9,467,476,1.89,193,26,478,40.38,5.44,55,182,476,11.55,38.24,56,27,479,11.69,5.64,135,137,40,53,476,28.36,28.78,8.4,11.13
N20003638,Bangor_Central_E4,107,364,471,29.4,77.28,16,455,471,3.4,198,43,471,42.04,9.13,37,181,469,7.89,38.59,59,16,471,12.53,3.4,138,123,58,38,471,29.3,26.11,12.31,8.07
N20003639,Bangor_Central_D3,70,378,448,18.52,84.38,9,440,449,2,118,32,446,26.46,7.17,46,201,449,10.24,44.77,89,14,449,19.82,3.12,124,72,57,29,450,27.56,16,12.67,6.44
N20003640,Bangor_Central_C3,16,300,316,5.33,94.94,1,315,316,0.32,17,10,316,5.38,3.16,76,104,317,23.97,32.81,17,61,317,5.36,19.24,17,81,67,72,316,5.38,25.63,21.2,22.78
N20003641,Bangor_Central_E5,45,238,283,18.91,84.1,6,277,283,2.12,86,16,283,30.39,5.65,33,98,281,11.74,34.88,31,19,282,10.99,6.74,64,75,54,40,283,22.61,26.5,19.08,14.13
N20003642,Bangor_Central_C4,49,306,355,16.01,86.2,6,347,353,1.7,47,30,355,13.24,8.45,53,103,354,14.97,29.1,26,26,355,7.32,7.32,30,108,76,70,353,8.5,30.59,21.53,19.83
N20003643,Bangor_Central_B5,41,289,330,14.19,87.58,2,329,331,0.6,64,14,330,19.39,4.24,99,82,330,30,24.85,28,27,332,8.43,8.13,59,43,28,14,330,17.88,13.03,8.48,4.24
N20003644,Bangor_Central_F4,46,448,494,10.27,90.69,8,486,494,1.62,75,14,494,15.18,2.83,80,176,496,16.13,35.48,65,41,494,13.16,8.3,61,110,26,67,494,12.35,22.27,5.26,13.56
N20003645,Bangor_Central_G1,109,500,609,21.8,82.1,4,605,609,0.66,193,37,609,31.69,6.08,56,212,609,9.2,34.81,81,22,607,13.34,3.62,127,195,82,35,609,20.85,32.02,13.46,5.75
N20003646,Bangor_Central_G2,59,399,458,14.79,87.12,3,455,458,0.66,113,11,458,24.67,2.40,53,179,459,11.55,39,77,17,457,16.85,3.72,98,91,27,25,458,21.4,19.87,5.9,5.46
N20003647,Bangor_Central_G3,128,452,580,28.32,77.93,10,570,580,1.72,248,17,579,42.83,2.94,62,228,582,10.65,39.18,87,16,582,14.95,2.75,176,128,53,24,580,30.34,22.07,9.14,4.14
N20003648,Bangor_Central_H1,36,382,418,9.42,91.39,3,412,415,0.72,66,17,416,15.87,4.09,123,113,419,29.36,26.97,34,74,418,8.13,17.7,66,66,25,30,418,15.79,15.79,5.98,7.18
N20003649,Bangor_Central_H2,114,440,554,25.91,79.42,11,543,554,1.99,212,31,555,38.2,5.59,80,160,554,14.44,28.88,56,23,551,10.16,4.17,100,159,118,83,556,17.99,28.6,21.22,14.93
N20003650,Bangor_Central_J1,122,670,792,18.21,84.6,13,780,793,1.64,215,45,791,27.18,5.69,107,245,792,13.51,30.93,88,42,791,11.13,5.31,111,207,111,62,792,14.02,26.14,14.02,7.83
N20003651,Bangor_Central_K1,122,333,455,36.64,73.19,13,444,457,2.84,117,111,457,25.6,24.29,107,60,457,23.41,13.13,14,46,456,3.07,10.09,21,99,91,185,457,4.6,21.66,19.91,40.48
N20003652,Bangor_Central_J2,146,439,585,33.26,75.04,6,579,585,1.03,252,44,586,43,7.51,58,195,586,9.9,33.28,85,14,584,14.55,2.4,141,194,85,28,585,24.1,33.16,14.53,4.79
N20003653,Bangor_Central_K2,74,338,412,21.89,82.04,10,402,412,2.43,51,85,411,12.41,20.68,126,62,412,30.58,15.05,14,48,412,3.4,11.65,19,64,65,169,412,4.61,15.53,15.78,41.02
N20003654,Bangor_Central_H3,76,348,424,21.84,82.08,13,411,424,3.07,33,103,423,7.8,24.35,110,51,424,25.94,12.03,12,66,423,2.84,15.6,11,83,53,196,424,2.59,19.58,12.5,46.23
N20003655,Bangor_Central_J3,127,397,524,31.99,75.76,14,510,524,2.67,199,72,528,37.69,13.64,48,150,527,9.11,28.46,62,23,525,11.81,4.38,111,187,64,96,524,21.18,35.69,12.21,18.32
N20003656,Bangor_Central_K3,126,313,439,40.26,71.3,15,424,439,3.42,125,105,439,28.47,23.92,113,35,438,25.8,7.99,6,31,439,1.37,7.06,6,82,82,199,436,1.38,18.81,18.81,45.64
N20003657,Bangor_Central_K4,84,267,351,31.46,76.07,4,347,351,1.14,117,45,351,33.33,12.82,78,45,351,22.22,12.82,13,32,351,3.7,9.12,10,98,82,105,351,2.85,27.92,23.36,29.91
N20003658,Bangor_Central_J4,45,329,374,13.68,87.97,3,371,374,0.8,93,0,374,24.87,0.00,60,114,373,16.09,30.56,48,15,375,12.8,4,47,89,42,26,373,12.6,23.86,11.26,6.97
N20003659,Bangor_Central_L1,164,346,510,47.4,67.84,13,497,510,2.55,152,150,513,29.63,29.24,108,62,510,21.18,12.16,9,47,510,1.76,9.22,4,106,100,236,510,0.78,20.78,19.61,46.27
N20003660,Bangor_Central_K5,135,269,404,50.19,66.58,13,391,404,3.22,111,117,405,27.41,28.89,84,43,404,20.79,10.64,7,32,405,1.73,7.9,10,75,75,191,403,2.48,18.61,18.61,47.39
N20003661,Bangor_Central_P1,95,320,415,29.69,77.11,14,401,415,3.37,122,57,414,29.47,13.77,59,87,415,14.22,20.96,18,33,417,4.32,7.91,43,113,77,104,416,10.34,27.16,18.51,25
N20003662,Bangor_Central_L2,83,278,361,29.86,77.01,7,354,361,1.94,70,80,364,19.23,21.98,116,34,358,32.4,9.5,5,58,361,1.39,16.07,3,76,52,156,361,0.83,21.05,14.4,43.21
N20003663,Bangor_Central_N1,119,328,447,36.28,73.38,15,432,447,3.36,87,137,444,19.59,30.86,101,58,447,22.6,12.98,14,66,447,3.13,14.77,22,120,66,202,447,4.92,26.85,14.77,45.19
N20003664,Bangor_Central_L3,133,406,539,32.76,75.32,18,521,539,3.34,207,57,538,38.48,10.59,82,94,540,15.19,17.41,29,38,539,5.38,7.05,42,162,124,143,539,7.79,30.06,23.01,26.53
N20003665,Bangor_Central_L4,48,184,232,26.09,79.31,6,226,232,2.59,43,44,232,18.53,18.97,58,33,233,24.89,14.16,7,24,234,2.99,10.26,2,60,31,90,234,0.85,25.64,13.25,38.46
N20003666,Bangor_Central_N2,133,326,459,40.8,71.02,23,436,459,5.01,122,129,456,26.75,28.29,119,41,459,25.93,8.93,7,83,459,1.53,18.08,16,60,62,253,459,3.49,13.07,13.51,55.12
N20003667,Bangor_Central_P2,142,406,548,34.98,74.09,15,533,548,2.74,254,50,549,46.27,9.11,49,119,549,8.93,21.68,35,19,548,6.39,3.47,69,244,134,71,548,12.59,44.53,24.45,12.96
N20003668,Bangor_Central_L5,133,353,486,37.68,72.63,10,476,486,2.06,144,97,486,29.63,19.96,98,82,487,20.12,16.84,23,56,487,4.72,11.5,27,119,84,203,487,5.54,24.44,17.25,41.68
N20003669,Bangor_Central_P3,152,473,625,32.14,75.68,13,612,625,2.08,275,35,625,44,5.60,77,176,625,12.32,28.16,63,24,626,10.06,3.83,121,220,87,69,620,19.52,35.48,14.03,11.13
N20003670,Bangor_Central_N3,69,292,361,23.63,80.89,4,356,360,1.11,100,31,362,27.62,8.56,60,97,360,16.67,26.94,19,30,361,5.26,8.31,46,126,54,107,360,12.78,35,15,29.72
N20003671,Bangor_Central_N4,102,277,379,36.82,73.09,10,369,379,2.64,139,72,379,36.68,19.00,39,104,380,10.26,27.37,26,24,381,6.82,6.3,47,153,60,107,377,12.47,40.58,15.92,28.38
N20003672,Bangor_Central_P4,91,243,334,37.45,72.75,7,327,334,2.1,166,18,333,49.85,5.41,23,98,331,6.95,29.61,37,12,333,11.11,3.6,81,117,56,32,335,24.18,34.93,16.72,9.55
N20003673,Bangor_Central_Q1,220,501,721,43.91,69.49,10,710,720,1.39,386,74,720,53.61,10.28,60,207,723,8.3,28.63,70,14,720,9.72,1.94,149,316,145,76,720,20.69,43.89,20.14,10.56
N20003674,Bangor_Central_Q2,96,256,352,37.5,72.73,4,348,352,1.14,209,6,352,59.38,1.70,34,96,352,9.66,27.27,39,7,351,11.11,1.99,87,150,52,30,353,24.65,42.49,14.73,8.5
N20003675,Bangor_Central_P5,123,316,439,38.92,71.98,4,433,437,0.92,231,35,435,53.1,8.05,16,154,437,3.66,35.24,55,9,438,12.56,2.05,115,218,68,15,436,26.38,50,15.6,3.44
N20003676,Bangor_Central_Q3,191,382,573,50,66.67,20,552,572,3.5,306,65,573,53.4,11.34,29,161,572,5.07,28.15,52,11,575,9.04,1.91,118,240,112,77,573,20.59,41.88,19.55,13.44
N20003677,Bangor_Central_Q4,144,295,439,48.81,67.2,16,424,440,3.64,119,124,437,27.23,28.38,95,49,439,21.64,11.16,6,48,437,1.37,10.98,18,82,100,180,439,4.1,18.68,22.78,41
N20003678,Bangor_Central_Q5,166,341,507,48.68,67.26,4,503,507,0.79,243,73,502,48.41,14.54,23,137,507,4.54,27.02,52,10,508,10.24,1.97,106,241,88,43,507,20.91,47.53,17.36,8.48
N20003679,Bangor_East_and_Donaghadee_E1,8,262,270,3.05,97.04,0,270,270,0,11,0,270,4.07,0.00,109,54,271,40.22,19.93,22,30,270,8.15,11.11,14,18,25,25,271,5.17,6.64,9.23,9.23
N20003680,Bangor_East_and_Donaghadee_A1,45,439,484,10.25,90.7,1,484,485,0.21,93,7,485,19.18,1.44,66,201,485,13.61,41.44,74,40,485,15.26,8.25,79,105,33,33,484,16.32,21.69,6.82,6.82
N20003681,Bangor_East_and_Donaghadee_A2,64,298,362,21.48,82.32,2,358,360,0.56,114,26,361,31.58,7.20,48,143,361,13.3,39.61,70,11,363,19.28,3.03,136,69,24,11,362,37.57,19.06,6.63,3.04
N20003682,Bangor_East_and_Donaghadee_A3,54,319,373,16.93,85.52,6,368,374,1.6,96,24,373,25.74,6.43,103,69,374,27.54,18.45,17,43,373,4.56,11.53,30,75,31,93,373,8.04,20.11,8.31,24.93
N20003683,Bangor_East_and_Donaghadee_B1,46,261,307,17.62,85.02,6,301,307,1.95,85,18,306,27.78,5.88,52,85,308,16.88,27.6,29,15,302,9.6,4.97,45,67,55,21,307,14.66,21.82,17.92,6.84
N20003684,Bangor_East_and_Donaghadee_B2,75,441,516,17.01,85.47,10,506,516,1.94,168,4,515,32.62,0.78,61,168,516,11.82,32.56,58,31,516,11.24,6.01,100,110,34,30,516,19.38,21.32,6.59,5.81
N20003685,Bangor_East_and_Donaghadee_E2,90,389,479,23.14,81.21,5,473,478,1.05,160,21,479,33.4,4.38,59,168,478,12.34,35.15,56,25,481,11.64,5.2,89,117,79,39,478,18.62,24.48,16.53,8.16
N20003686,Bangor_East_and_Donaghadee_B3,78,264,342,29.55,77.19,4,338,342,1.17,139,18,342,40.64,5.26,32,79,340,9.41,23.24,24,10,346,6.94,2.89,47,124,64,15,342,13.74,36.26,18.71,4.39
N20003687,Bangor_East_and_Donaghadee_B4,77,321,398,23.99,80.65,11,387,398,2.76,115,20,398,28.89,5.03,43,116,395,10.89,29.37,45,15,398,11.31,3.77,70,99,65,40,397,17.63,24.94,16.37,10.08
N20003688,Bangor_East_and_Donaghadee_C1,65,297,362,21.89,82.04,4,358,362,1.1,131,7,360,36.39,1.94,33,158,362,9.12,43.65,73,5,362,20.17,1.38,103,98,20,13,362,28.45,27.07,5.52,3.59
N20003689,Bangor_East_and_Donaghadee_B5,99,279,378,35.48,73.81,13,366,379,3.43,182,29,381,47.77,7.61,38,96,378,10.05,25.4,30,18,379,7.92,4.75,67,133,52,49,378,17.72,35.19,13.76,12.96
N20003690,Bangor_East_and_Donaghadee_B6,63,271,334,23.25,81.14,7,328,335,2.09,114,14,337,33.83,4.15,41,98,335,12.24,29.25,38,8,334,11.38,2.4,69,82,38,35,334,20.66,24.55,11.38,10.48
N20003691,Bangor_East_and_Donaghadee_B7,83,346,429,23.99,80.65,7,424,431,1.62,186,13,431,43.16,3.02,68,112,432,15.74,25.93,36,22,432,8.33,5.09,61,116,76,26,431,14.15,26.91,17.63,6.03
N20003692,Bangor_East_and_Donaghadee_D1,22,167,189,13.17,88.36,1,188,189,0.53,45,4,189,23.81,2.12,52,45,186,27.96,24.19,16,16,189,8.47,8.47,19,29,16,8,189,10.05,15.34,8.47,4.23
N20003693,Bangor_East_and_Donaghadee_C2,51,408,459,12.5,88.89,1,458,459,0.22,96,7,459,20.92,1.53,60,197,459,13.07,42.92,116,23,455,25.49,5.05,103,101,14,17,460,22.39,21.96,3.04,3.7
N20003694,Bangor_East_and_Donaghadee_D2,115,345,460,33.33,75,8,451,459,1.74,184,30,460,40,6.52,51,123,459,11.11,26.8,38,17,457,8.32,3.72,71,134,85,47,460,15.43,29.13,18.48,10.22
N20003695,Bangor_East_and_Donaghadee_D3,92,438,530,21,82.64,3,527,530,0.57,180,16,529,34.03,3.02,49,143,527,9.3,27.13,63,21,530,11.89,3.96,99,142,76,35,528,18.75,26.89,14.39,6.63
N20003696,Bangor_East_and_Donaghadee_F1,83,486,569,17.08,85.41,10,559,569,1.76,160,9,569,28.12,1.58,72,198,569,12.65,34.8,72,24,572,12.59,4.2,92,128,47,35,569,16.17,22.5,8.26,6.15
N20003697,Bangor_East_and_Donaghadee_F2,114,446,560,25.56,79.64,7,553,560,1.25,215,13,560,38.39,2.32,43,224,560,7.68,40,107,13,560,19.11,2.32,176,142,32,29,560,31.43,25.36,5.71,5.18
N20003698,Bangor_East_and_Donaghadee_G1,103,505,608,20.4,83.06,3,605,608,0.49,163,41,609,26.77,6.73,76,163,608,12.5,26.81,45,34,608,7.4,5.59,79,200,74,103,609,12.97,32.84,12.15,16.91
N20003699,Bangor_East_and_Donaghadee_G2,102,363,465,28.1,78.06,4,461,465,0.86,181,37,465,38.92,7.96,61,112,465,13.12,24.09,33,26,468,7.05,5.56,64,134,96,73,466,13.73,28.76,20.6,15.67
N20003700,Bangor_East_and_Donaghadee_C3,112,510,622,21.96,81.99,6,615,621,0.97,215,27,621,34.62,4.35,49,238,621,7.89,38.33,80,10,619,12.92,1.62,151,212,90,53,621,24.32,34.14,14.49,8.53
N20003701,Bangor_East_and_Donaghadee_F3,110,436,546,25.23,79.85,8,538,546,1.47,207,29,548,37.77,5.29,51,174,546,9.34,31.87,74,19,550,13.45,3.45,141,173,82,27,546,25.82,31.68,15.02,4.95
N20003702,Bangor_East_and_Donaghadee_F4,47,277,324,16.97,85.49,0,323,323,0,81,17,323,25.08,5.26,41,102,322,12.73,31.68,46,11,323,14.24,3.41,71,79,32,12,323,21.98,24.46,9.91,3.72
N20003703,Bangor_East_and_Donaghadee_G3,101,293,394,34.47,74.37,8,386,394,2.03,146,61,393,37.15,15.52,49,77,393,12.47,19.59,24,20,393,6.11,5.09,44,129,69,110,394,11.17,32.74,17.51,27.92
N20003704,Bangor_East_and_Donaghadee_C4,90,430,520,20.93,82.69,3,518,521,0.58,168,13,519,32.37,2.50,49,214,519,9.44,41.23,85,18,520,16.35,3.46,154,112,42,23,520,29.62,21.54,8.08,4.42
N20003705,Bangor_East_and_Donaghadee_G4,84,377,461,22.28,81.78,2,458,460,0.43,158,22,462,34.2,4.76,57,140,463,12.31,30.24,45,19,463,9.72,4.1,79,152,59,47,460,17.17,33.04,12.83,10.22
N20003706,Bangor_East_and_Donaghadee_F5,65,346,411,18.79,84.18,2,410,412,0.49,143,6,411,34.79,1.46,47,163,411,11.44,39.66,68,20,409,16.63,4.89,105,105,45,17,411,25.55,25.55,10.95,4.14
N20003707,Bangor_East_and_Donaghadee_J1,51,323,374,15.79,86.36,4,371,375,1.07,66,44,373,17.69,11.80,67,92,372,18.01,24.73,29,32,375,7.73,8.53,47,98,44,81,374,12.57,26.2,11.76,21.66
N20003708,Bangor_East_and_Donaghadee_G5,143,527,670,27.13,78.66,14,656,670,2.09,261,52,671,38.9,7.75,56,199,669,8.37,29.75,68,29,673,10.1,4.31,129,271,104,72,668,19.31,40.57,15.57,10.78
N20003709,Bangor_East_and_Donaghadee_G6,140,467,607,29.98,76.94,10,595,605,1.65,224,51,605,37.02,8.43,91,147,605,15.04,24.3,49,22,604,8.11,3.64,78,237,101,104,607,12.85,39.04,16.64,17.13
N20003710,Bangor_East_and_Donaghadee_H1,34,193,227,17.62,85.02,5,222,227,2.2,67,11,227,29.52,4.85,28,58,225,12.44,25.78,21,9,227,9.25,3.96,31,56,50,25,227,13.66,24.67,22.03,11.01
N20003711,Bangor_East_and_Donaghadee_J2,17,208,225,8.17,92.44,2,223,225,0.89,29,8,223,13,3.59,72,58,224,32.14,25.89,21,28,225,9.33,12.44,9,48,30,32,225,4,21.33,13.33,14.22
N20003712,Bangor_East_and_Donaghadee_H2,116,516,632,22.48,81.65,8,626,634,1.26,192,57,633,30.33,9.00,106,162,631,16.8,25.67,52,39,632,8.23,6.17,86,200,77,77,632,13.61,31.65,12.18,12.18
N20003713,Bangor_East_and_Donaghadee_J3,44,231,275,19.05,84,5,270,275,1.82,58,34,278,20.86,12.23,51,70,275,18.55,25.45,28,22,274,10.22,8.03,38,96,19,57,275,13.82,34.91,6.91,20.73
N20003714,Bangor_East_and_Donaghadee_H3,188,488,676,38.52,72.19,11,665,676,1.63,342,57,676,50.59,8.43,29,219,676,4.29,32.4,96,16,673,14.26,2.38,230,262,107,35,676,34.02,38.76,15.83,5.18
N20003715,Bangor_East_and_Donaghadee_J4,29,240,269,12.08,89.22,2,267,269,0.74,24,34,269,8.92,12.64,55,65,269,20.45,24.16,24,25,269,8.92,9.29,29,44,23,48,266,10.9,16.54,8.65,18.05
N20003716,Bangor_East_and_Donaghadee_H4,138,446,584,30.94,76.37,6,578,584,1.03,244,46,583,41.85,7.89,56,168,584,9.59,28.77,55,20,584,9.42,3.42,123,208,98,78,584,21.06,35.62,16.78,13.36
N20003717,Bangor_East_and_Donaghadee_H5,151,315,466,47.94,67.6,5,461,466,1.07,315,10,466,67.6,2.15,24,169,465,5.16,36.34,90,3,467,19.27,0.64,279,113,30,10,464,60.13,24.35,6.47,2.16
N20003718,Bangor_East_and_Donaghadee_J5,57,380,437,15,86.96,3,433,436,0.69,65,34,436,14.91,7.80,96,108,436,22.02,24.77,44,36,436,10.09,8.26,76,82,73,67,436,17.43,18.81,16.74,15.37
N20003719,Bangor_East_and_Donaghadee_H6,154,580,734,26.55,79.02,13,722,735,1.77,298,29,733,40.65,3.96,54,279,734,7.36,38.01,131,24,734,17.85,3.27,293,214,88,40,735,39.86,29.12,11.97,5.44
N20003720,Bangor_East_and_Donaghadee_J6,153,315,468,48.57,67.31,8,460,468,1.71,132,141,468,28.21,30.13,111,43,467,23.77,9.21,8,49,468,1.71,10.47,16,53,108,223,468,3.42,11.32,23.08,47.65
N20003721,Bangor_East_and_Donaghadee_E3,76,341,417,22.29,81.77,5,413,418,1.2,145,21,418,34.69,5.02,69,108,419,16.47,25.78,38,34,420,9.05,8.1,72,125,72,47,418,17.22,29.9,17.22,11.24
N20003722,Bangor_East_and_Donaghadee_K1,76,361,437,21.05,82.61,5,431,436,1.15,116,32,436,26.61,7.34,46,145,436,10.55,33.26,40,20,433,9.24,4.62,48,144,40,54,436,11.01,33.03,9.17,12.39
N20003723,Bangor_East_and_Donaghadee_J7,85,269,354,31.6,75.99,10,344,354,2.82,105,49,354,29.66,13.84,80,40,354,22.6,11.3,6,37,354,1.69,10.45,22,58,81,132,354,6.21,16.38,22.88,37.29
N20003724,Bangor_East_and_Donaghadee_K2,40,275,315,14.55,87.3,4,311,315,1.27,71,9,315,22.54,2.86,71,70,315,22.54,22.22,20,16,317,6.31,5.05,21,88,52,22,314,6.69,28.03,16.56,7.01
N20003725,Bangor_East_and_Donaghadee_K3,128,463,591,27.65,78.34,13,578,591,2.2,190,55,590,32.2,9.32,95,151,590,16.1,25.59,47,42,590,7.97,7.12,102,159,104,89,591,17.26,26.9,17.6,15.06
N20003726,Bangor_East_and_Donaghadee_E4,54,270,324,20,83.33,5,319,324,1.54,94,11,324,29.01,3.40,48,99,324,14.81,30.56,31,18,324,9.57,5.56,66,69,53,33,323,20.43,21.36,16.41,10.22
N20003727,Bangor_East_and_Donaghadee_K4,41,299,340,13.71,87.94,3,338,341,0.88,94,15,341,27.57,4.40,67,77,340,19.71,22.65,19,19,341,5.57,5.57,29,94,72,41,340,8.53,27.65,21.18,12.06
N20003728,Bangor_East_and_Donaghadee_K5,117,543,660,21.55,82.27,9,651,660,1.36,245,14,664,36.9,2.11,98,200,660,14.85,30.3,72,41,659,10.93,6.22,132,222,86,51,661,19.97,33.59,13.01,7.72
N20003729,Bangor_East_and_Donaghadee_K6,185,434,619,42.63,70.11,6,613,619,0.97,357,49,619,57.67,7.92,40,160,619,6.46,25.85,62,20,619,10.02,3.23,149,243,131,26,619,24.07,39.26,21.16,4.2
N20003730,Ards_Peninsula_C1,79,354,433,22.32,81.76,1,433,434,0.23,134,12,434,30.88,2.76,76,128,433,17.55,29.56,42,34,433,9.7,7.85,84,102,85,26,436,19.27,23.39,19.5,5.96
N20003731,Ards_Peninsula_C2,58,330,388,17.58,85.05,2,386,388,0.52,131,4,390,33.59,1.03,58,135,388,14.95,34.79,45,14,389,11.57,3.6,94,76,60,7,390,24.1,19.49,15.38,1.79
N20003732,Ards_Peninsula_A1,94,396,490,23.74,80.82,11,477,488,2.25,99,66,489,20.25,13.50,106,107,490,21.63,21.84,26,53,489,5.32,10.84,41,128,50,111,488,8.4,26.23,10.25,22.75
N20003733,Ards_Peninsula_A2,106,386,492,27.46,78.46,10,483,493,2.03,190,29,492,38.62,5.89,81,76,494,16.4,15.38,28,22,493,5.68,4.46,27,170,93,81,492,5.49,34.55,18.9,16.46
N20003734,Ards_Peninsula_A3,215,479,694,44.89,69.02,15,679,694,2.16,377,51,694,54.32,7.35,100,146,692,14.45,21.1,35,25,693,5.05,3.61,74,260,163,116,692,10.69,37.57,23.55,16.76
N20003735,Ards_Peninsula_A4,133,413,546,32.2,75.64,15,530,545,2.75,135,117,545,24.77,21.47,161,63,548,29.38,11.5,14,70,544,2.57,12.87,24,111,88,197,545,4.4,20.37,16.15,36.15
N20003736,Ards_Peninsula_A5,70,259,329,27.03,78.72,3,326,329,0.91,117,29,329,35.56,8.81,52,97,329,15.81,29.48,32,11,330,9.7,3.33,56,84,62,46,328,17.07,25.61,18.9,14.02
N20003737,Ards_Peninsula_C3,85,299,384,28.43,77.86,6,377,383,1.57,144,18,384,37.5,4.69,78,101,383,20.37,26.37,25,31,382,6.54,8.12,86,97,61,53,383,22.45,25.33,15.93,13.84
N20003738,Ards_Peninsula_B1,103,528,631,19.51,83.68,7,624,631,1.11,202,7,631,32.01,1.11,110,132,631,17.43,20.92,39,31,629,6.2,4.93,46,203,122,86,631,7.29,32.17,19.33,13.63
N20003739,Ards_Peninsula_B2,148,628,776,23.57,80.93,8,768,776,1.03,298,38,776,38.4,4.90,99,234,776,12.76,30.15,77,23,776,9.92,2.96,162,260,130,69,776,20.88,33.51,16.75,8.89
N20003740,Ards_Peninsula_C4,73,412,485,17.72,84.95,6,479,485,1.24,138,14,486,28.4,2.88,75,156,487,15.4,32.03,54,27,484,11.16,5.58,110,112,82,33,485,22.68,23.09,16.91,6.8
N20003741,Ards_Peninsula_D1,112,323,435,34.67,74.25,6,429,435,1.38,157,59,435,36.09,13.56,100,67,435,22.99,15.4,17,35,437,3.89,8.01,43,122,90,98,435,9.89,28.05,20.69,22.53
N20003742,Ards_Peninsula_D2,104,269,373,38.66,72.12,13,360,373,3.49,159,40,370,42.97,10.81,84,42,373,22.52,11.26,19,37,373,5.09,9.92,44,125,50,93,373,11.8,33.51,13.4,24.93
N20003743,Ards_Peninsula_C5,102,607,709,16.8,85.61,3,706,709,0.42,227,7,709,32.02,0.99,93,202,709,13.12,28.49,87,31,709,12.27,4.37,139,147,160,53,711,19.55,20.68,22.5,7.45
N20003744,Ards_Peninsula_D3,53,348,401,15.23,86.78,10,391,401,2.49,103,8,401,25.69,2.00,95,117,401,23.69,29.18,51,34,402,12.69,8.46,56,79,65,62,401,13.97,19.7,16.21,15.46
N20003745,Ards_Peninsula_D4,98,341,439,28.74,77.68,11,431,442,2.49,147,26,439,33.49,5.92,76,96,441,17.23,21.77,27,24,436,6.19,5.5,61,114,82,82,439,13.9,25.97,18.68,18.68
N20003746,Ards_Peninsula_D5,57,414,471,13.77,87.9,3,468,471,0.64,133,10,473,28.12,2.11,61,162,470,12.98,34.47,49,19,471,10.4,4.03,82,130,86,48,471,17.41,27.6,18.26,10.19
N20003747,Ards_Peninsula_D6,112,374,486,29.95,76.95,4,482,486,0.82,179,17,486,36.83,3.50,61,143,485,12.58,29.48,57,24,484,11.78,4.96,116,136,103,31,485,23.92,28.04,21.24,6.39
N20003748,Ards_Peninsula_E1,46,339,385,13.57,88.05,2,381,383,0.52,92,14,386,23.83,3.63,74,89,386,19.17,23.06,32,21,385,8.31,5.45,56,102,58,27,385,14.55,26.49,15.06,7.01
N20003749,Ards_Peninsula_E2,88,272,360,32.35,75.56,6,356,362,1.66,142,32,360,39.44,8.89,68,61,360,18.89,16.94,23,29,361,6.37,8.03,36,107,71,84,360,10,29.72,19.72,23.33
N20003750,Ards_Peninsula_E3,66,378,444,17.46,85.14,10,434,444,2.25,125,25,444,28.15,5.63,132,46,443,29.8,10.38,12,59,443,2.71,13.32,14,69,108,110,444,3.15,15.54,24.32,24.77
N20003751,Ards_Peninsula_E4,68,316,384,21.52,82.29,7,377,384,1.82,81,55,387,20.93,14.21,101,65,386,26.17,16.84,18,45,384,4.69,11.72,34,55,85,109,384,8.85,14.32,22.14,28.39
N20003752,Ards_Peninsula_D7,42,335,377,12.54,88.86,4,373,377,1.06,69,25,379,18.21,6.60,84,84,377,22.28,22.28,26,23,375,6.93,6.13,26,81,95,46,377,6.9,21.49,25.2,12.2
N20003753,Ards_Peninsula_E5,144,292,436,49.32,66.97,20,415,435,4.6,181,87,435,41.61,20.00,67,76,434,15.44,17.51,15,40,436,3.44,9.17,54,120,99,115,435,12.41,27.59,22.76,26.44
N20003754,Ards_Peninsula_F1,108,381,489,28.35,77.91,12,477,489,2.45,113,91,489,23.11,18.61,116,82,489,23.72,16.77,18,47,489,3.68,9.61,49,102,72,150,489,10.02,20.86,14.72,30.67
N20003755,Ards_Peninsula_F2,90,390,480,23.08,81.25,2,478,480,0.42,150,18,481,31.19,3.74,72,132,481,14.97,27.44,59,22,480,12.29,4.58,99,115,78,52,480,20.63,23.96,16.25,10.83
N20003756,Ards_Peninsula_F3,112,428,540,26.17,79.26,10,534,544,1.84,122,79,546,22.34,14.47,126,105,544,23.16,19.3,40,81,544,7.35,14.89,44,84,120,151,544,8.09,15.44,22.06,27.76
N20003757,Ards_Peninsula_G1,163,498,661,32.73,75.34,13,648,661,1.97,256,44,659,38.85,6.68,110,106,662,16.62,16.01,34,52,661,5.14,7.87,60,158,129,138,660,9.09,23.94,19.55,20.91
N20003758,Ards_Peninsula_G2,186,564,750,32.98,75.2,21,729,750,2.8,239,105,748,31.95,14.04,140,118,751,18.64,15.71,27,58,751,3.6,7.72,55,215,141,204,750,7.33,28.67,18.8,27.2
N20003759,Ards_Peninsula_F4,61,348,409,17.53,85.09,12,397,409,2.93,90,42,409,22,10.27,118,56,406,29.06,13.79,13,56,408,3.19,13.73,13,49,111,112,409,3.18,11.98,27.14,27.38
N20003760,Ards_Peninsula_H1,101,341,442,29.62,77.15,6,436,442,1.36,180,40,442,40.72,9.05,64,93,443,14.45,20.99,31,25,442,7.01,5.66,67,165,76,65,442,15.16,37.33,17.19,14.71
N20003761,Ards_Peninsula_H2,134,503,637,26.64,78.96,4,633,637,0.63,243,14,637,38.15,2.20,112,178,638,17.55,27.9,62,35,635,9.76,5.51,99,175,151,58,637,15.54,27.47,23.7,9.11
N20003762,Ards_Peninsula_J1,91,281,372,32.38,75.54,2,370,372,0.54,139,41,372,37.37,11.02,62,74,373,16.62,19.84,13,19,372,3.49,5.11,39,121,65,63,372,10.48,32.53,17.47,16.94
N20003763,Ards_Peninsula_H3,109,392,501,27.81,78.24,5,496,501,1,213,14,501,42.51,2.79,79,118,500,15.8,23.6,34,35,501,6.79,6.99,60,148,129,61,501,11.98,29.54,25.75,12.18
N20003764,Ards_Peninsula_J2,52,316,368,16.46,85.87,8,360,368,2.17,103,9,367,28.07,2.45,103,50,369,27.91,13.55,16,36,369,4.34,9.76,13,90,97,57,367,3.54,24.52,26.43,15.53
N20003765,Ards_Peninsula_J3,69,290,359,23.79,80.78,9,350,359,2.51,99,25,358,27.65,6.98,119,46,359,33.15,12.81,11,61,359,3.06,16.99,5,45,98,130,359,1.39,12.53,27.3,36.21
N20003766,Ards_Peninsula_J4,248,468,716,52.99,65.36,24,692,716,3.35,362,78,716,50.56,10.89,86,99,716,12.01,13.83,34,41,716,4.75,5.73,86,188,203,167,716,12.01,26.26,28.35,23.32
N20003767,Ards_Peninsula_H4,62,306,368,20.26,83.15,7,361,368,1.9,118,11,367,32.15,3.00,68,75,368,18.48,20.38,30,24,368,8.15,6.52,47,89,104,41,368,12.77,24.18,28.26,11.14
N20003768,Ards_Peninsula_J5,80,385,465,20.78,82.8,6,459,465,1.29,122,25,465,26.24,5.38,151,56,468,32.26,11.97,18,54,469,3.84,11.51,33,99,88,86,465,7.1,21.29,18.92,18.49
N20003769,Ards_Peninsula_K1,142,333,475,42.64,70.11,10,465,475,2.11,221,49,477,46.33,10.27,44,107,475,9.26,22.53,34,20,475,7.16,4.21,95,125,123,62,475,20,26.32,25.89,13.05
N20003770,Ards_Peninsula_K2,60,317,377,18.93,84.08,7,370,377,1.86,108,13,377,28.65,3.45,61,91,378,16.14,24.07,36,23,378,9.52,6.08,50,98,72,47,377,13.26,25.99,19.1,12.47
N20003771,Ards_Peninsula_L1,148,581,729,25.47,79.7,9,720,729,1.23,264,29,730,36.16,3.97,102,189,732,13.93,25.82,61,36,729,8.37,4.94,145,201,190,47,730,19.86,27.53,26.03,6.44
N20003772,Ards_Peninsula_K3,122,386,508,31.61,75.98,7,501,508,1.38,204,40,504,40.48,7.94,91,100,508,17.91,19.69,30,40,507,5.92,7.89,86,113,91,100,505,17.03,22.38,18.02,19.8
N20003773,Ards_Peninsula_L2,184,546,730,33.7,74.79,13,717,730,1.78,340,37,730,46.58,5.07,105,186,730,14.38,25.48,64,37,730,8.77,5.07,158,153,196,69,731,21.61,20.93,26.81,9.44
N20003774,Ards_Peninsula_L3,80,341,421,23.46,81,7,416,423,1.65,174,12,422,41.23,2.84,58,119,420,13.81,28.33,38,22,421,9.03,5.23,74,97,115,36,421,17.58,23.04,27.32,8.55
N20003775,Ards_Peninsula_N1,142,457,599,31.07,76.29,12,586,598,2.01,197,80,596,33.05,13.42,115,117,600,19.17,19.5,21,79,598,3.51,13.21,42,111,149,165,598,7.02,18.56,24.92,27.59
N20003776,Ards_Peninsula_N2,97,351,448,27.64,78.35,7,442,449,1.56,189,29,452,41.81,6.42,49,102,448,10.94,22.77,28,32,449,6.24,7.13,56,136,118,66,449,12.47,30.29,26.28,14.7
N20003777,Ards_Peninsula_N3,99,349,448,28.37,77.9,9,437,446,2.02,113,72,448,25.22,16.07,107,60,447,23.94,13.42,16,70,448,3.57,15.63,48,78,82,148,451,10.64,17.29,18.18,32.82
N20003778,Ards_Peninsula_N4,78,352,430,22.16,81.86,9,421,430,2.09,130,35,430,30.23,8.14,81,104,431,18.79,24.13,25,40,428,5.84,9.35,44,88,101,79,430,10.23,20.47,23.49,18.37
N20003779,Ards_Peninsula_N5,54,393,447,13.74,87.92,7,442,449,1.56,72,14,450,16,3.11,106,117,447,23.71,26.17,36,81,449,8.02,18.04,52,50,83,103,445,11.69,11.24,18.65,23.15
N20003780,Ards_Peninsula_L4,71,378,449,18.78,84.19,2,445,447,0.45,118,9,449,26.28,2.00,66,135,447,14.77,30.2,40,29,445,8.99,6.52,44,81,127,41,446,9.87,18.16,28.48,9.19
